ingredient,pairing,level,page
ACHIOTE SEEDS,beef,normal,42
ACHIOTE SEEDS,chicken,normal,42
ACHIOTE SEEDS,chiles,normal,42
ACHIOTE SEEDS,"citrus (e.g., sour orange)",normal,42
ACHIOTE SEEDS,fish,normal,42
ACHIOTE SEEDS,"game birds (e.g., duck, quail)",normal,42
ACHIOTE SEEDS,garlic,normal,42
ACHIOTE SEEDS,"Mexican cuisine, esp. Yucatán oil",recommended,42
ACHIOTE SEEDS,pork,recommended,42
ACHIOTE SEEDS,"shellfish, e.g., lobster, shrimp",normal,42
ACHIOTE SEEDS,shrimp,normal,42
AFGHAN CUISINE,almonds,normal,42
AFGHAN CUISINE,barley,normal,42
AFGHAN CUISINE,breads,recommended,42
AFGHAN CUISINE,cardamom,normal,42
AFGHAN CUISINE,chile pepper,normal,43
AFGHAN CUISINE,cinnamon,normal,43
AFGHAN CUISINE,cloves,normal,43
AFGHAN CUISINE,coriander,normal,43
AFGHAN CUISINE,cucumber,normal,43
AFGHAN CUISINE,cumin,normal,43
AFGHAN CUISINE,dill,normal,43
AFGHAN CUISINE,fennel,normal,43
AFGHAN CUISINE,"fruits, esp. dried",normal,43
AFGHAN CUISINE,ginger,normal,43
AFGHAN CUISINE,grapes,normal,43
AFGHAN CUISINE,kebabs,normal,43
AFGHAN CUISINE,lamb,normal,43
AFGHAN CUISINE,mint,normal,43
AFGHAN CUISINE,mushrooms,normal,43
AFGHAN CUISINE,"nuts, e.g., almonds",normal,43
AFGHAN CUISINE,pasta,recommended,43
AFGHAN CUISINE,"rice, basmati",recommended,43
AFGHAN CUISINE,sesame,normal,43
AFGHAN CUISINE,tomatoes and tomato sauce,normal,43
AFGHAN CUISINE,turmeric,normal,43
AFGHAN CUISINE,yogurt,recommended,43
AFRICAN CUISINE (NORTH),bell peppers,normal,44
AFRICAN CUISINE (NORTH),braised dishes,normal,44
AFRICAN CUISINE (NORTH),chicken,normal,44
AFRICAN CUISINE (NORTH),chickpeas,normal,44
AFRICAN CUISINE (NORTH),couscous,normal,44
AFRICAN CUISINE (NORTH),cucumbers,normal,44
AFRICAN CUISINE (NORTH),cumin,normal,44
AFRICAN CUISINE (NORTH),eggplant,normal,44
AFRICAN CUISINE (NORTH),fish,normal,44
AFRICAN CUISINE (NORTH),garlic,normal,44
AFRICAN CUISINE (NORTH),lamb,normal,44
AFRICAN CUISINE (NORTH),mint,normal,44
AFRICAN CUISINE (NORTH),parsley,normal,44
AFRICAN CUISINE (NORTH),rice,normal,44
AFRICAN CUISINE (NORTH),stewed dishes,normal,44
AFRICAN CUISINE (NORTH),tomatoes,normal,44
AFRICAN CUISINE (NORTH),wheat,normal,44
AFRICAN CUISINE (SOUTH),beans,normal,44
AFRICAN CUISINE (SOUTH),carrots,normal,44
AFRICAN CUISINE (SOUTH),chile peppers,normal,44
AFRICAN CUISINE (SOUTH),cinnamon,normal,44
AFRICAN CUISINE (SOUTH),cloves,normal,44
AFRICAN CUISINE (SOUTH),fenugreek,normal,44
AFRICAN CUISINE (SOUTH),garlic,normal,45
AFRICAN CUISINE (SOUTH),ginger,normal,45
AFRICAN CUISINE (SOUTH),lamb,normal,45
AFRICAN CUISINE (SOUTH),onions,normal,45
AFRICAN CUISINE (SOUTH),peas,normal,45
AFRICAN CUISINE (SOUTH),pumpkin,normal,45
AFRICAN CUISINE (SOUTH),stews,normal,45
AFRICAN CUISINE (SOUTH),tomatoes,normal,45
AFRICAN CUISINE (SOUTH),turmeric,normal,45
AFRICAN CUISINE (WEST),bananas,normal,45
AFRICAN CUISINE (WEST),bell peppers,normal,45
AFRICAN CUISINE (WEST),braised dishes,normal,45
AFRICAN CUISINE (WEST),chicken,normal,45
AFRICAN CUISINE (WEST),chile peppers,normal,45
AFRICAN CUISINE (WEST),corn,normal,45
AFRICAN CUISINE (WEST),goat,normal,45
AFRICAN CUISINE (WEST),mangoes,normal,45
AFRICAN CUISINE (WEST),okra,normal,45
AFRICAN CUISINE (WEST),papayas,normal,45
AFRICAN CUISINE (WEST),peanuts,normal,45
AFRICAN CUISINE (WEST),plantains,normal,45
AFRICAN CUISINE (WEST),rice,normal,45
AFRICAN CUISINE (WEST),soups,normal,45
AFRICAN CUISINE (WEST),stewed dishes,normal,45
AFRICAN CUISINE (WEST),sweet potatoes,normal,45
AFRICAN CUISINE (WEST),tomatoes,normal,45
AFRICAN CUISINE (WEST),wheat,normal,45
AFRICAN CUISINE (WEST),yams,normal,45
ALLSPICE,apples,normal,46
ALLSPICE,baked goods,normal,46
ALLSPICE,beans,normal,46
ALLSPICE,beets,normal,46
ALLSPICE,"breads, esp. breakfast",normal,46
ALLSPICE,cabbage,normal,46
ALLSPICE,cakes,normal,46
ALLSPICE,Caribbean cuisine,normal,46
ALLSPICE,carrots,normal,46
ALLSPICE,"chicken (e.g., Jamaican style)",recommended,46
ALLSPICE,chickpeas,normal,46
ALLSPICE,chile peppers,normal,46
ALLSPICE,cinnamon,normal,46
ALLSPICE,cloves,normal,46
ALLSPICE,cookies,normal,46
ALLSPICE,coriander,normal,46
ALLSPICE,"currants, esp. black",normal,46
ALLSPICE,curries and curry powder,recommended,46
ALLSPICE,Eastern Mediterranean cuisine,normal,46
ALLSPICE,eggplant,normal,46
ALLSPICE,English cuisine,normal,46
ALLSPICE,"fish, esp. grilled",normal,46
ALLSPICE,"fruits, fruit compotes, and jams",recommended,46
ALLSPICE,"game and game birds (e.g., quail)",normal,46
ALLSPICE,garlic,normal,46
ALLSPICE,ginger,recommended,46
ALLSPICE,goat,normal,46
ALLSPICE,grains,normal,46
ALLSPICE,ham,normal,46
ALLSPICE,"herring, pickled",normal,46
ALLSPICE,Indian cuisine,normal,46
ALLSPICE,"JAMAICAN CUISINE (e.g., jerk dishes)",very_highly_recommended,46
ALLSPICE,ketchup,normal,46
ALLSPICE,lamb,normal,46
ALLSPICE,mace,normal,46
ALLSPICE,"MEATS, red, esp. braised, grilled, or roasted",recommended,46
ALLSPICE,braised and roasted meats.,normal,46
ALLSPICE,Mexican cuisine,normal,46
ALLSPICE,Middle Eastern cuisine,normal,46
ALLSPICE,mushrooms,normal,46
ALLSPICE,mustard,normal,46
ALLSPICE,North American cuisine,normal,47
ALLSPICE,nutmeg,normal,47
ALLSPICE,nuts,normal,47
ALLSPICE,onions,normal,47
ALLSPICE,"pepper, black",normal,47
ALLSPICE,pies,normal,47
ALLSPICE,pineapple,normal,47
ALLSPICE,pork,normal,47
ALLSPICE,PUMPKIN,very_highly_recommended,47
ALLSPICE,rabbit,normal,47
ALLSPICE,rice,normal,47
ALLSPICE,rosemary,normal,47
ALLSPICE,salsas and sauces,normal,47
ALLSPICE,sauerkraut,normal,47
ALLSPICE,sausages,normal,47
ALLSPICE,soups,normal,47
ALLSPICE,spiced cakes,normal,47
ALLSPICE,spinach,normal,47
ALLSPICE,"squash, winter",recommended,47
ALLSPICE,stews,normal,47
ALLSPICE,"stocks and broths, chicken",normal,47
ALLSPICE,sweet potatoes,normal,47
ALLSPICE,thyme,normal,47
ALLSPICE,tomatoes,normal,47
ALLSPICE,turnips,normal,47
ALLSPICE,"vegetables, esp. root",normal,47
ALLSPICE,West Indies cuisine,normal,47
ALMONDS,amaretto,normal,47
ALMONDS,"anise, esp. green",normal,47
ALMONDS,apples,normal,47
ALMONDS,apricots,recommended,47
ALMONDS,beans,normal,48
ALMONDS,blackberries,normal,48
ALMONDS,brandy,normal,48
ALMONDS,"BUTTER, UNSALTED",very_highly_recommended,48
ALMONDS,butterscotch,normal,48
ALMONDS,caramel,recommended,48
ALMONDS,cardamom,normal,48
ALMONDS,cayenne,normal,48
ALMONDS,"cheese: goat, manchego, ricotta",normal,48
ALMONDS,"cherries, esp. sour",normal,48
ALMONDS,chicken,normal,48
ALMONDS,"CHOCOLATE: DARK, MILK",very_highly_recommended,48
ALMONDS,"chocolate, white",normal,48
ALMONDS,cinnamon,normal,48
ALMONDS,coconut,recommended,48
ALMONDS,coffee,recommended,48
ALMONDS,cornmeal,normal,48
ALMONDS,corn syrup,normal,48
ALMONDS,crab,normal,48
ALMONDS,cranberries,normal,48
ALMONDS,CREAM,very_highly_recommended,48
ALMONDS,cream cheese,normal,48
ALMONDS,crème fraîche,normal,48
ALMONDS,"crust: pastry, pie",normal,48
ALMONDS,currants,normal,48
ALMONDS,figs,recommended,48
ALMONDS,fish,normal,48
ALMONDS,French pastries,normal,48
ALMONDS,"fruits, most",normal,48
ALMONDS,garlic,normal,48
ALMONDS,grapes,normal,48
ALMONDS,Greek cuisine,normal,48
ALMONDS,"greens, salad",normal,48
ALMONDS,hazelnuts,recommended,48
ALMONDS,HONEY,very_highly_recommended,48
ALMONDS,ice cream,normal,48
ALMONDS,Indian cuisine,normal,48
ALMONDS,Italian sauces,normal,48
ALMONDS,lamb,normal,48
ALMONDS,lavender,normal,48
ALMONDS,"lemon: juice, zest",recommended,48
ALMONDS,"liqueurs, fruit (including orange)",normal,48
ALMONDS,mascarpone,normal,48
ALMONDS,Mediterranean cuisine,normal,48
ALMONDS,Mexican beverages and mole sauces,normal,48
ALMONDS,"milk, sweetened condensed",normal,49
ALMONDS,molasses,normal,49
ALMONDS,Moroccan cuisine,normal,49
ALMONDS,nectarines,normal,49
ALMONDS,oats,normal,49
ALMONDS,olive oil,recommended,49
ALMONDS,olives,normal,49
ALMONDS,"orange: juice, zest",recommended,49
ALMONDS,paprika,normal,49
ALMONDS,passion fruit,normal,49
ALMONDS,peaches,normal,49
ALMONDS,pears,normal,49
ALMONDS,pecans,normal,49
ALMONDS,"pepper, ground",normal,49
ALMONDS,pine nuts,normal,49
ALMONDS,plums,normal,49
ALMONDS,praline,normal,49
ALMONDS,prunes,normal,49
ALMONDS,quince,normal,49
ALMONDS,"raisins, esp. white",normal,49
ALMONDS,raspberries,normal,49
ALMONDS,rhubarb,normal,49
ALMONDS,rice,normal,49
ALMONDS,rosemary,normal,49
ALMONDS,rum,normal,49
ALMONDS,"salt: kosher, sea",recommended,49
ALMONDS,shellfish,normal,49
ALMONDS,sherry,normal,49
ALMONDS,"Spanish cuisine, esp. sauces",normal,49
ALMONDS,strawberries,normal,49
ALMONDS,"sugar: brown, white",recommended,49
ALMONDS,tea,normal,49
ALMONDS,Turkish cuisine,normal,49
ALMONDS,VANILLA,very_highly_recommended,49
ALMONDS,walnuts,normal,49
ALMONDS,almond has a very distinct flavor.,normal,49
AMARETTO (sweet almond liqueur),almonds,normal,50
AMARETTO (sweet almond liqueur),apricots,normal,50
AMARETTO (sweet almond liqueur),butter,normal,50
AMARETTO (sweet almond liqueur),cherries,normal,50
AMARETTO (sweet almond liqueur),chocolate,normal,50
AMARETTO (sweet almond liqueur),coffee,normal,50
AMARETTO (sweet almond liqueur),cream,normal,50
AMARETTO (sweet almond liqueur),hazelnuts,normal,50
AMARETTO (sweet almond liqueur),Italian cuisine,normal,50
AMARETTO (sweet almond liqueur),peaches,normal,50
AMARETTO (sweet almond liqueur),pork,normal,50
AMARETTO (sweet almond liqueur),sugar,normal,50
ANCHOVIES,almonds,recommended,50
ANCHOVIES,basil,normal,50
ANCHOVIES,"beans, green",normal,50
ANCHOVIES,"bell peppers, esp. roasted",normal,50
ANCHOVIES,capers,recommended,50
ANCHOVIES,carrots,normal,50
ANCHOVIES,cauliflower,normal,50
ANCHOVIES,celery,normal,50
ANCHOVIES,"cheese: manchego, mozzarella, Parmesan",recommended,50
ANCHOVIES,chives,normal,50
ANCHOVIES,"eggs, hard-boiled",recommended,50
ANCHOVIES,fennel,normal,50
ANCHOVIES,GARLIC,very_highly_recommended,50
ANCHOVIES,"lemon, juice",recommended,50
ANCHOVIES,lobster,normal,50
ANCHOVIES,mayonnaise,recommended,50
ANCHOVIES,Mediterranean cuisine,normal,50
ANCHOVIES,"mustard (e.g., Dijon)",normal,50
ANCHOVIES,nectarines,normal,50
ANCHOVIES,OLIVE OIL,very_highly_recommended,51
ANCHOVIES,"olives (e.g., black, green, niçoise)",recommended,51
ANCHOVIES,onions,normal,51
ANCHOVIES,"orange, zest",normal,51
ANCHOVIES,"parsley, flat-leaf",recommended,51
ANCHOVIES,pasta,recommended,51
ANCHOVIES,"pepper: black, white",recommended,51
ANCHOVIES,"peppers, piquillo",normal,51
ANCHOVIES,pizza,normal,51
ANCHOVIES,potatoes,normal,51
ANCHOVIES,puttanesca sauce (key ingredient),normal,51
ANCHOVIES,red pepper flakes,normal,51
ANCHOVIES,romaine lettuce,normal,51
ANCHOVIES,rosemary,normal,51
ANCHOVIES,"salads, esp. Caesar (key ingredient)",normal,51
ANCHOVIES,salmon,normal,51
ANCHOVIES,"salt: kosher, sea",recommended,51
ANCHOVIES,shallots,normal,51
ANCHOVIES,"sherry, PX",normal,51
ANCHOVIES,tapenade (key ingredient),normal,51
ANCHOVIES,thyme,normal,51
ANCHOVIES,tomatoes,normal,51
ANCHOVIES,tuna,normal,51
ANCHOVIES,"vinegar: champagne, red wine, sherry",recommended,51
ANGELICA,almonds,recommended,52
ANGELICA,anise,normal,52
ANGELICA,apricots,recommended,52
ANGELICA,candy,normal,52
ANGELICA,cream and ice cream,recommended,52
ANGELICA,custards,normal,52
ANGELICA,desserts,recommended,52
ANGELICA,fish,normal,52
ANGELICA,fruits,normal,52
ANGELICA,"ginger: fresh, candied",recommended,52
ANGELICA,hazelnuts,normal,52
ANGELICA,juniper berries,normal,52
ANGELICA,lavender,recommended,52
ANGELICA,lemon balm,normal,52
ANGELICA,liqueurs,normal,52
ANGELICA,mushrooms,normal,52
ANGELICA,nutmeg,normal,52
ANGELICA,oranges,recommended,52
ANGELICA,"pepper, black",normal,52
ANGELICA,plums,recommended,52
ANGELICA,RHUBARB,holy_grail,52
ANGELICA,salads,normal,52
ANGELICA,shellfish,normal,52
ANGELICA,strawberries,recommended,52
ANISE,allspice,normal,53
ANISE,almonds,normal,53
ANISE,apples,normal,53
ANISE,"baked goods, esp. cakes, cookies",normal,53
ANISE,beets,normal,53
ANISE,"breads, esp. rye",recommended,53
ANISE,cabbage,normal,53
ANISE,cakes,recommended,53
ANISE,cardamom,normal,53
ANISE,carrots,normal,53
ANISE,cauliflower,normal,53
ANISE,"cheese, esp. goat and ricotta",normal,53
ANISE,chestnuts,normal,53
ANISE,Chinese cuisine,normal,53
ANISE,cinnamon,normal,53
ANISE,cloves,normal,53
ANISE,coffee,normal,53
ANISE,cookies,recommended,53
ANISE,crab,normal,53
ANISE,cream,normal,53
ANISE,cumin,normal,53
ANISE,dates,normal,53
ANISE,desserts,normal,53
ANISE,duck,normal,53
ANISE,fennel seeds,normal,53
ANISE,figs,normal,53
ANISE,FISH,very_highly_recommended,53
ANISE,fruit,normal,53
ANISE,garlic,normal,53
ANISE,ginger,normal,53
ANISE,hazelnuts,normal,53
ANISE,lemon,normal,53
ANISE,lentils,normal,53
ANISE,mayonnaise,normal,53
ANISE,Mediterranean cuisine,normal,53
ANISE,melon,normal,53
ANISE,Middle Eastern cuisine,recommended,53
ANISE,mole sauce,normal,53
ANISE,Moroccan cuisine,normal,53
ANISE,mussels,normal,53
ANISE,nutmeg,normal,54
ANISE,nuts,normal,54
ANISE,orange,normal,54
ANISE,parsnips,normal,54
ANISE,peaches,normal,54
ANISE,pears,normal,54
ANISE,pepper,normal,54
ANISE,pickles,normal,54
ANISE,pineapple,normal,54
ANISE,plums,normal,54
ANISE,pork,normal,54
ANISE,Portuguese cuisine,normal,54
ANISE,Provençal cuisine (French),normal,54
ANISE,prunes,normal,54
ANISE,pumpkin,normal,54
ANISE,quince,normal,54
ANISE,raisins,normal,54
ANISE,rhubarb,normal,54
ANISE,salumi,normal,54
ANISE,Italian sausage.,normal,54
ANISE,sauerkraut,normal,54
ANISE,Scandinavian cuisine,normal,54
ANISE,shellfish,normal,54
ANISE,"soups, esp. fish",normal,54
ANISE,star anise,normal,54
ANISE,"STEWS, ESP. FISH",very_highly_recommended,54
ANISE,strawberries,normal,54
ANISE,sugar,normal,54
ANISE,sweet potatoes,normal,54
ANISE,tea,normal,54
ANISE,vanilla,normal,54
ANISE,"vegetables, root",normal,54
ANISE,Vietnamese cuisine,normal,54
ANISE,walnuts,normal,54
ANISE HYSSOP,apricots,normal,55
ANISE HYSSOP,basil,normal,55
ANISE HYSSOP,"beans, green",normal,55
ANISE HYSSOP,beets,normal,55
ANISE HYSSOP,"berries, esp. blueberries",recommended,55
ANISE HYSSOP,beverages,recommended,55
ANISE HYSSOP,carrots,recommended,55
ANISE HYSSOP,cherries,normal,55
ANISE HYSSOP,chervil,normal,55
ANISE HYSSOP,chicken,normal,55
ANISE HYSSOP,cream and ice cream,normal,55
ANISE HYSSOP,currants,normal,55
ANISE HYSSOP,custards,normal,55
ANISE HYSSOP,desserts,normal,55
ANISE HYSSOP,fennel bulb,normal,55
ANISE HYSSOP,fish,normal,55
ANISE HYSSOP,"FRUITS, ESP. SUMMER",very_highly_recommended,55
ANISE HYSSOP,honey,recommended,55
ANISE HYSSOP,lavender,normal,55
ANISE HYSSOP,lemon,normal,55
ANISE HYSSOP,lychees,normal,55
ANISE HYSSOP,marjoram,normal,55
ANISE HYSSOP,melons,recommended,55
ANISE HYSSOP,mint,normal,55
ANISE HYSSOP,nectarines,normal,55
ANISE HYSSOP,oranges,normal,55
ANISE HYSSOP,parsley,normal,55
ANISE HYSSOP,parsnips,normal,55
ANISE HYSSOP,peaches,recommended,55
ANISE HYSSOP,pears,normal,55
ANISE HYSSOP,plums,normal,55
ANISE HYSSOP,pork,normal,55
ANISE HYSSOP,raspberries,recommended,55
ANISE HYSSOP,rice,normal,55
ANISE HYSSOP,"salads: fruit, green",recommended,55
ANISE HYSSOP,"shellfish (e.g., shrimp)",normal,55
ANISE HYSSOP,shrimp,normal,55
ANISE HYSSOP,spinach,normal,55
ANISE HYSSOP,"squash, winter",normal,55
ANISE HYSSOP,"stone fruits (e.g., peaches)",normal,55
ANISE HYSSOP,sweet potatoes,normal,55
ANISE HYSSOP,tarragon,normal,55
ANISE HYSSOP,teas,recommended,55
ANISE HYSSOP,tomatoes,normal,55
ANISE HYSSOP,"vegetables, root",normal,55
ANISE HYSSOP,watermelon,normal,56
ANISE HYSSOP,zucchini,normal,56
"ANISE, STAR",allspice,normal,56
"ANISE, STAR","baked goods (e.g., breads, pastries)",normal,56
"ANISE, STAR",beef,normal,56
"ANISE, STAR",beverages,normal,56
"ANISE, STAR",cardamom,normal,56
"ANISE, STAR",chestnuts,normal,56
"ANISE, STAR",chicken,normal,56
"ANISE, STAR",chile peppers,normal,56
"ANISE, STAR",chili powder,normal,56
"ANISE, STAR",CHINESE CUISINE,very_highly_recommended,56
"ANISE, STAR","chocolate, esp. milk",recommended,56
"ANISE, STAR",cinnamon,recommended,56
"ANISE, STAR",citrus zest,normal,56
"ANISE, STAR",cloves,normal,56
"ANISE, STAR",coriander,normal,56
"ANISE, STAR",cumin,normal,56
"ANISE, STAR",curry powder (ingredient),normal,56
"ANISE, STAR",duck,recommended,56
"ANISE, STAR",eggs,normal,56
"ANISE, STAR",fennel seeds,normal,56
"ANISE, STAR",figs,normal,56
"ANISE, STAR",fish,recommended,56
"ANISE, STAR",FIVE-SPICE POWDER,very_highly_recommended,56
"ANISE, STAR","fruits, esp. tropical",normal,56
"ANISE, STAR",garlic,normal,56
"ANISE, STAR",ginger,recommended,56
"ANISE, STAR",Indian cuisine,normal,56
"ANISE, STAR",kumquats,normal,56
"ANISE, STAR",leeks,normal,56
"ANISE, STAR",lemongrass,normal,56
"ANISE, STAR","lime, zest",normal,56
"ANISE, STAR",liqueurs,normal,56
"ANISE, STAR",mace,normal,56
"ANISE, STAR",Malaysian cuisine,normal,56
"ANISE, STAR",mangoes,normal,57
"ANISE, STAR",maple syrup,normal,57
"ANISE, STAR","meats, esp. fatty",normal,57
"ANISE, STAR",nutmeg,normal,57
"ANISE, STAR","orange, zest",normal,57
"ANISE, STAR",oxtails,normal,57
"ANISE, STAR","pears, esp. poached",recommended,57
"ANISE, STAR","pepper: black, Szechuan",normal,57
"ANISE, STAR",pineapple,normal,57
"ANISE, STAR","plums, esp. poached",normal,57
"ANISE, STAR",pork,recommended,57
"ANISE, STAR",poultry,normal,57
"ANISE, STAR",pumpkin,normal,57
"ANISE, STAR",raspberries,normal,57
"ANISE, STAR",root vegetables,normal,57
"ANISE, STAR",salmon,normal,57
"ANISE, STAR",sauces,normal,57
"ANISE, STAR",scallions,normal,57
"ANISE, STAR",scallops,normal,57
"ANISE, STAR",shellfish,normal,57
"ANISE, STAR",shrimp,normal,57
"ANISE, STAR",soups,recommended,57
"ANISE, STAR",soy sauce,normal,57
"ANISE, STAR",stews,normal,57
"ANISE, STAR","stocks: beef, chicken",recommended,57
"ANISE, STAR",sweet potatoes,normal,57
"ANISE, STAR",tamarind,normal,57
"ANISE, STAR",teas,normal,57
"ANISE, STAR",tuna,normal,57
"ANISE, STAR",turmeric,normal,57
"ANISE, STAR",vanilla,normal,57
"ANISE, STAR","vegetables, esp. root",normal,57
"ANISE, STAR","Vietnamese cuisine (e.g.,pho)",recommended,57
"ANISE, STAR","wine, rice",normal,57
APPETIZERS,Accompany appetizers with light-bodied wines.,normal,58
APPETIZERS,Apples,recommended,58
APPETIZERS,Apple Softcake with Dark Chocolate and Cinnamon Soup,recommended,58
APPETIZERS,Apple-Lychee Sorbet,recommended,58
APPLES,allspice,normal,59
APPLES,almonds,normal,59
APPLES,apple cider or juice,recommended,60
APPLES,applejack,recommended,60
APPLES,"apricots: dried, jam, puree",recommended,60
APPLES,Armagnac,normal,60
APPLES,bacon,normal,60
APPLES,bay leaf,normal,60
APPLES,beef,normal,60
APPLES,blackberries,normal,60
APPLES,bourbon,normal,60
APPLES,"brandy, esp. apple",recommended,60
APPLES,brioche,normal,60
APPLES,"BUTTER, UNSALTED",very_highly_recommended,60
APPLES,butterscotch,normal,60
APPLES,"cabbage, red",normal,60
APPLES,CALVADOS,very_highly_recommended,60
APPLES,CARAMEL,very_highly_recommended,60
APPLES,cardamom,normal,60
APPLES,celery,normal,60
APPLES,celery root,normal,60
APPLES,"cheese: Camembert, cheddar, goat, Gruyère",recommended,60
APPLES,"cherries: dried, fresh",normal,60
APPLES,chestnuts,normal,60
APPLES,chicken,normal,60
APPLES,chives,normal,60
APPLES,cider,normal,60
APPLES,CINNAMON,holy_grail,60
APPLES,cloves,recommended,60
APPLES,cognac,recommended,60
APPLES,Cointreau,normal,60
APPLES,coriander,normal,60
APPLES,cranberries,normal,60
APPLES,CREAM AND ICE CREAM,very_highly_recommended,60
APPLES,crème anglaise (sauce),normal,60
APPLES,crème fraîche,normal,60
APPLES,"crust: pastry, pie",normal,60
APPLES,cumin,normal,60
APPLES,"currants, esp. black, and currant jelly",normal,60
APPLES,curry powder,normal,60
APPLES,custards,recommended,60
APPLES,dates,normal,60
APPLES,duck,normal,60
APPLES,eggplant,normal,60
APPLES,fennel,normal,60
APPLES,"French cuisine, esp. from Normandy",normal,60
APPLES,frisée,normal,60
APPLES,ginger,recommended,61
APPLES,people already eat these combinations unconsciously.,normal,61
APPLES,off the oyster.,normal,61
APPLES,goose,normal,61
APPLES,hazelnuts,normal,61
APPLES,"honey, esp. chestnut, wildflower",recommended,61
APPLES,horseradish,normal,61
APPLES,ice cream,normal,61
APPLES,Kirsch,recommended,61
APPLES,lavender,normal,62
APPLES,"LEMON: JUICE, ZEST",very_highly_recommended,62
APPLES,lemon thyme,normal,62
APPLES,lychees,normal,62
APPLES,Madeira,recommended,62
APPLES,maple syrup,normal,62
APPLES,mayonnaise,normal,62
APPLES,meringue,normal,62
APPLES,molasses,normal,62
APPLES,mustard,normal,62
APPLES,nutmeg,recommended,62
APPLES,nuts,normal,62
APPLES,oatmeal and oats,normal,62
APPLES,"oil: canola, hazelnut, walnut",normal,62
APPLES,olive oil,normal,62
APPLES,"onions, esp. green, red",normal,62
APPLES,"orange: juice, zest",normal,62
APPLES,parsley,normal,62
APPLES,peanuts and peanut butter,normal,62
APPLES,pears,normal,62
APPLES,pecans,recommended,62
APPLES,"pepper, black",normal,62
APPLES,pies,normal,62
APPLES,pineapple,normal,62
APPLES,pine nuts,recommended,62
APPLES,pistachios,normal,62
APPLES,plums,normal,62
APPLES,pomegranates,normal,62
APPLES,pork,recommended,62
APPLES,poultry,normal,62
APPLES,prunes,normal,62
APPLES,puff pastry,normal,62
APPLES,pumpkin,recommended,62
APPLES,quince,normal,62
APPLES,"raisins, esp. seedless, white",recommended,62
APPLES,rhubarb,normal,62
APPLES,rice and rice pudding,normal,62
APPLES,rosemary,normal,62
APPLES,"RUM: DARK, LIGHT",very_highly_recommended,62
APPLES,"salads: fruit, green",normal,62
APPLES,"salt, kosher",normal,62
APPLES,sauerkraut,normal,62
APPLES,sherry,recommended,62
APPLES,soups,normal,62
APPLES,sour cream,normal,62
APPLES,star anise,normal,63
APPLES,"SUGAR: BROWN, WHITE",very_highly_recommended,63
APPLES,sweet potatoes,recommended,63
APPLES,tarragon,normal,63
APPLES,tarts,normal,63
APPLES,thyme,normal,63
APPLES,vanilla,recommended,63
APPLES,verjus,normal,63
APPLES,vermouth,recommended,63
APPLES,"vinegar: apple cider, raspberry",normal,63
APPLES,WALNUTS,very_highly_recommended,63
APPLES,"wine: red, dry white",normal,63
APPLES,yogurt,normal,63
APRICOTS — IN GENERAL,allspice,normal,63
APRICOTS — IN GENERAL,ALMONDS,very_highly_recommended,63
APRICOTS — IN GENERAL,amaretto,normal,63
APRICOTS — IN GENERAL,anise,normal,64
APRICOTS — IN GENERAL,apples,recommended,64
APRICOTS — IN GENERAL,apricot brandy,normal,64
APRICOTS — IN GENERAL,bananas,normal,64
APRICOTS — IN GENERAL,blackberries,normal,64
APRICOTS — IN GENERAL,blueberries,normal,64
APRICOTS — IN GENERAL,brandy,normal,64
APRICOTS — IN GENERAL,"butter, unsalted",normal,64
APRICOTS — IN GENERAL,caramel,normal,64
APRICOTS — IN GENERAL,cardamom,recommended,64
APRICOTS — IN GENERAL,cayenne,normal,64
APRICOTS — IN GENERAL,"cheese (e.g., Brie, Reblochon, ricotta)",normal,64
APRICOTS — IN GENERAL,cheesecake,normal,64
APRICOTS — IN GENERAL,cherries,recommended,64
APRICOTS — IN GENERAL,chicken,normal,64
APRICOTS — IN GENERAL,"chocolate, white",normal,64
APRICOTS — IN GENERAL,cinnamon,recommended,64
APRICOTS — IN GENERAL,coconut,normal,64
APRICOTS — IN GENERAL,coffee and espresso,normal,64
APRICOTS — IN GENERAL,cognac,normal,64
APRICOTS — IN GENERAL,coriander,normal,64
APRICOTS — IN GENERAL,cranberries,recommended,64
APRICOTS — IN GENERAL,CREAM AND ICE CREAM,very_highly_recommended,64
APRICOTS — IN GENERAL,crème anglaise,normal,64
APRICOTS — IN GENERAL,"custards (e.g., crème brûlée)",recommended,64
APRICOTS — IN GENERAL,duck,normal,64
APRICOTS — IN GENERAL,foie gras,normal,64
APRICOTS — IN GENERAL,game,normal,64
APRICOTS — IN GENERAL,garlic,normal,64
APRICOTS — IN GENERAL,ginger,recommended,64
APRICOTS — IN GENERAL,hazelnuts,normal,64
APRICOTS — IN GENERAL,honey,normal,64
APRICOTS — IN GENERAL,"ice cream, esp. vanilla",normal,64
APRICOTS — IN GENERAL,Kirsch,recommended,64
APRICOTS — IN GENERAL,lamb,normal,64
APRICOTS — IN GENERAL,"LEMON: juice, zest",recommended,64
APRICOTS — IN GENERAL,lemon verbena,normal,64
APRICOTS — IN GENERAL,"liqueurs: apricot, nut",normal,64
APRICOTS — IN GENERAL,maple syrup,normal,64
APRICOTS — IN GENERAL,mascarpone,normal,64
APRICOTS — IN GENERAL,Mediterranean cuisine,normal,64
APRICOTS — IN GENERAL,meringue,normal,64
APRICOTS — IN GENERAL,Middle Eastern stews,normal,64
APRICOTS — IN GENERAL,mint (garnish),normal,64
APRICOTS — IN GENERAL,Moroccan cuisine,normal,64
APRICOTS — IN GENERAL,nectarines,normal,65
APRICOTS — IN GENERAL,nutmeg,normal,65
APRICOTS — IN GENERAL,nuts,normal,65
APRICOTS — IN GENERAL,oats and oatmeal,normal,65
APRICOTS — IN GENERAL,"onions, esp. yellow",normal,65
APRICOTS — IN GENERAL,"orange: juice, zest",recommended,65
APRICOTS — IN GENERAL,orange liqueur,normal,65
APRICOTS — IN GENERAL,peaches,normal,65
APRICOTS — IN GENERAL,"pepper, black",recommended,65
APRICOTS — IN GENERAL,pineapple,normal,65
APRICOTS — IN GENERAL,pine nuts,normal,65
APRICOTS — IN GENERAL,pistachios,recommended,65
APRICOTS — IN GENERAL,plums,normal,65
APRICOTS — IN GENERAL,pork,normal,65
APRICOTS — IN GENERAL,poultry,normal,65
APRICOTS — IN GENERAL,praline,normal,65
APRICOTS — IN GENERAL,prunes,normal,65
APRICOTS — IN GENERAL,raisins,normal,65
APRICOTS — IN GENERAL,raspberries,normal,65
APRICOTS — IN GENERAL,rice pudding,normal,65
APRICOTS — IN GENERAL,rosemary,normal,65
APRICOTS — IN GENERAL,rum,normal,65
APRICOTS — IN GENERAL,saffron,normal,65
APRICOTS — IN GENERAL,"salads, esp. fruit, green",normal,65
APRICOTS — IN GENERAL,Sauternes,normal,65
APRICOTS — IN GENERAL,sour cream,normal,65
APRICOTS — IN GENERAL,strawberries,normal,65
APRICOTS — IN GENERAL,"SUGAR: brown, white",recommended,65
APRICOTS — IN GENERAL,"tea: apple, apricot, Earl Grey",normal,65
APRICOTS — IN GENERAL,VANILLA,holy_grail,65
APRICOTS — IN GENERAL,"vinegar, red wine",normal,65
APRICOTS — IN GENERAL,walnuts,normal,65
APRICOTS — IN GENERAL,"wine: sweet, white",normal,65
APRICOTS — IN GENERAL,yogurt,normal,65
"APRICOTS, DRIED",allspice,normal,66
"APRICOTS, DRIED","cherries, dried",normal,66
"APRICOTS, DRIED",cinnamon,normal,66
"APRICOTS, DRIED",currants,normal,66
"APRICOTS, DRIED",custard,normal,66
"APRICOTS, DRIED",French toast,normal,66
"APRICOTS, DRIED",ginger,normal,66
"APRICOTS, DRIED",hazelnuts,normal,66
"APRICOTS, DRIED",honey,normal,66
"APRICOTS, DRIED",ice cream,normal,66
"APRICOTS, DRIED","lemon: juice, zest",normal,66
"APRICOTS, DRIED",Madeira,normal,66
"APRICOTS, DRIED",Moroccan cuisine,normal,66
"APRICOTS, DRIED","orange: juice, zest",recommended,66
"APRICOTS, DRIED",pancakes/crepes,normal,66
"APRICOTS, DRIED",pistachios,normal,66
"APRICOTS, DRIED",pork,normal,66
"APRICOTS, DRIED",prunes,normal,66
"APRICOTS, DRIED",pumpkin seeds,normal,66
"APRICOTS, DRIED",raisins,normal,66
"APRICOTS, DRIED",rice pudding,normal,66
"APRICOTS, DRIED",sugar,normal,66
"APRICOTS, DRIED",tamarind paste,normal,66
"APRICOTS, DRIED",vanilla,normal,66
"APRICOTS, DRIED","wine, sweet white (e.g., Muscat)",normal,66
ARGENTINIAN CUISINE,beef,normal,66
ARGENTINIAN CUISINE,corn,normal,66
ARGENTINIAN CUISINE,peaches,normal,66
ARGENTINIAN CUISINE,pumpkin,normal,66
ARGENTINIAN CUISINE,sweet potatoes,normal,66
AROMA,chocolate,normal,67
AROMA,cinnamon,normal,67
AROMA,herbs,normal,67
AROMA,pineapple,normal,67
AROMA,sous-vide cooking,normal,67
AROMA,spices,normal,67
AROMA,star anise,normal,67
AROMA,truffles,normal,67
AROMA,vanilla,normal,67
ARTICHOKES,aioli,normal,67
ARTICHOKES,anchovies,recommended,67
ARTICHOKES,arugula,normal,67
ARTICHOKES,bacon,normal,67
ARTICHOKES,basil,normal,67
ARTICHOKES,bay leaf,recommended,67
ARTICHOKES,"beans, fava",normal,67
ARTICHOKES,beets,normal,67
ARTICHOKES,"bell peppers, esp. roasted",normal,67
ARTICHOKES,bread crumbs,recommended,67
ARTICHOKES,butter,recommended,67
ARTICHOKES,capers,normal,67
ARTICHOKES,carrots,normal,67
ARTICHOKES,cashews,normal,68
ARTICHOKES,celery,normal,68
ARTICHOKES,"cheese: Emmental, goat, Gruyère, Parmesan",recommended,68
ARTICHOKES,chervil,normal,68
ARTICHOKES,chicken,normal,68
ARTICHOKES,chives,normal,68
ARTICHOKES,coriander,normal,68
ARTICHOKES,cream,normal,68
ARTICHOKES,crème fraîche,normal,68
ARTICHOKES,"eggs: yolk, hard-boiled",normal,68
ARTICHOKES,French cuisine,normal,68
ARTICHOKES,GARLIC,very_highly_recommended,68
ARTICHOKES,grapefruit,normal,68
ARTICHOKES,"ham (e.g., Serrano)",normal,68
ARTICHOKES,hazelnuts,normal,68
ARTICHOKES,hollandaise sauce,normal,68
ARTICHOKES,Italian cuisine,normal,68
ARTICHOKES,leeks,normal,68
ARTICHOKES,"LEMON: confit, juice, zest",recommended,68
ARTICHOKES,lobster,normal,68
ARTICHOKES,mayonnaise,recommended,68
ARTICHOKES,Mediterranean cuisine,normal,68
ARTICHOKES,MINT,very_highly_recommended,68
ARTICHOKES,Moroccan cuisine,normal,68
ARTICHOKES,mushrooms,normal,68
ARTICHOKES,"mustard, Dijon",normal,68
ARTICHOKES,"nuts: cashews, hazelnuts, walnuts",normal,68
ARTICHOKES,"oil: hazelnut, peanut",normal,68
ARTICHOKES,OLIVE OIL,very_highly_recommended,68
ARTICHOKES,"olives: black, niçoise",normal,68
ARTICHOKES,"ONIONS, ESP. SWEET AND YELLOW",very_highly_recommended,68
ARTICHOKES,orange,normal,68
ARTICHOKES,pancetta,normal,68
ARTICHOKES,"PARSLEY, FLAT-LEAF",very_highly_recommended,68
ARTICHOKES,"PEPPER: BLACK, WHITE",very_highly_recommended,68
ARTICHOKES,pesto,normal,68
ARTICHOKES,piquillo peppers,normal,68
ARTICHOKES,potatoes,normal,69
ARTICHOKES,prosciutto,normal,69
ARTICHOKES,radicchio,normal,69
ARTICHOKES,red pepper flakes,normal,69
ARTICHOKES,rice,normal,69
ARTICHOKES,risotto,normal,69
ARTICHOKES,rosemary,normal,69
ARTICHOKES,saffron,normal,69
ARTICHOKES,sage,normal,69
ARTICHOKES,salads,normal,69
ARTICHOKES,"SALT, KOSHER",very_highly_recommended,69
ARTICHOKES,savory,normal,69
ARTICHOKES,shallots,normal,69
ARTICHOKES,"shellfish (e.g., crab)",normal,69
ARTICHOKES,"sherry, dry",normal,69
ARTICHOKES,shrimp,normal,69
ARTICHOKES,soy sauce,normal,69
ARTICHOKES,Spanish cuisine,normal,69
ARTICHOKES,spinach,normal,69
ARTICHOKES,"stock, chicken",normal,69
ARTICHOKES,sugar (pinch),normal,69
ARTICHOKES,tapenade,normal,69
ARTICHOKES,"tarragon, fresh",normal,69
ARTICHOKES,"THYME, FRESH",very_highly_recommended,69
ARTICHOKES,TOMATOES,very_highly_recommended,69
ARTICHOKES,"truffles, black",normal,69
ARTICHOKES,tuna,normal,69
ARTICHOKES,vinaigrette,normal,69
ARTICHOKES,"vinegar: balsamic, rice, sherry, white wine",normal,69
ARTICHOKES,walnuts,normal,69
ARTICHOKES,"WINE, DRY WHITE",very_highly_recommended,69
ARTICHOKES,yogurt,normal,69
"ARTICHOKES, JERUSALEM",anise,normal,70
"ARTICHOKES, JERUSALEM",bacon,normal,70
"ARTICHOKES, JERUSALEM",bay leaf,normal,70
"ARTICHOKES, JERUSALEM",butter,recommended,70
"ARTICHOKES, JERUSALEM",celery,normal,70
"ARTICHOKES, JERUSALEM","cheese, goat",normal,70
"ARTICHOKES, JERUSALEM",chervil,normal,70
"ARTICHOKES, JERUSALEM",chives,normal,70
"ARTICHOKES, JERUSALEM",coriander,normal,70
"ARTICHOKES, JERUSALEM",cream,recommended,70
"ARTICHOKES, JERUSALEM",cumin,normal,70
"ARTICHOKES, JERUSALEM",dill,normal,70
"ARTICHOKES, JERUSALEM",fennel leaves,normal,70
"ARTICHOKES, JERUSALEM",fennel seeds,normal,70
"ARTICHOKES, JERUSALEM",garlic,recommended,70
"ARTICHOKES, JERUSALEM",ginger,normal,70
"ARTICHOKES, JERUSALEM",hazelnuts,normal,70
"ARTICHOKES, JERUSALEM",leeks,normal,70
"ARTICHOKES, JERUSALEM","lemon, juice",recommended,70
"ARTICHOKES, JERUSALEM",mace,normal,70
"ARTICHOKES, JERUSALEM","meats, esp. roasted",normal,70
"ARTICHOKES, JERUSALEM",morels,normal,70
"ARTICHOKES, JERUSALEM",nutmeg,recommended,70
"ARTICHOKES, JERUSALEM","oil: nut, sunflower seed",recommended,70
"ARTICHOKES, JERUSALEM",olive oil,recommended,70
"ARTICHOKES, JERUSALEM",onions,normal,70
"ARTICHOKES, JERUSALEM","parsley, flat-leaf",recommended,70
"ARTICHOKES, JERUSALEM","pepper, black",recommended,70
"ARTICHOKES, JERUSALEM",potatoes,normal,70
"ARTICHOKES, JERUSALEM",rosemary,normal,70
"ARTICHOKES, JERUSALEM",sage,normal,70
"ARTICHOKES, JERUSALEM",salmon,normal,70
"ARTICHOKES, JERUSALEM","salt, sea",recommended,70
"ARTICHOKES, JERUSALEM","Egg, and Crisp Sunchokes",recommended,71
"ARTICHOKES, JERUSALEM",Arugula Risotto with Roquefort and Pignoli Nuts,recommended,71
"ARTICHOKES, JERUSALEM",Olives,recommended,71
"ARTICHOKES, JERUSALEM",Sautéed Arugula with Paneer Cheese and Roasted Cashews,recommended,71
"ARTICHOKES, JERUSALEM",shallots,normal,71
"ARTICHOKES, JERUSALEM","stock, chicken",normal,71
"ARTICHOKES, JERUSALEM",tarragon,normal,71
"ARTICHOKES, JERUSALEM",thyme,normal,71
"ARTICHOKES, JERUSALEM",vinegar,normal,71
"ARTICHOKES, JERUSALEM","wine, dry white",normal,71
ARUGULA,almonds,normal,71
ARUGULA,basil,normal,71
ARUGULA,"beans, white",normal,71
ARUGULA,"bell peppers, esp. red",normal,71
ARUGULA,"cheese: Cabrales, feta, goat, mozzarella, Parmesan",recommended,71
ARUGULA,chicken,normal,71
ARUGULA,cilantro,normal,71
ARUGULA,clams,normal,71
ARUGULA,corn,normal,71
ARUGULA,cucumbers,normal,71
ARUGULA,dill,normal,72
ARUGULA,"eggs, esp. hard-boiled",normal,72
ARUGULA,endive,recommended,72
ARUGULA,fennel,normal,72
ARUGULA,"fish (e.g., salmon, tuna)",normal,72
ARUGULA,garlic,recommended,72
ARUGULA,grapes,normal,72
ARUGULA,Italian cuisine,normal,72
ARUGULA,lemon juice,recommended,72
ARUGULA,lettuces,normal,72
ARUGULA,lovage,normal,72
ARUGULA,Mediterranean cuisine,normal,72
ARUGULA,mesclun salad greens (key ingredient),normal,72
ARUGULA,mint,normal,72
ARUGULA,mushrooms,normal,72
ARUGULA,mussels,normal,72
ARUGULA,nuts,normal,72
ARUGULA,olive oil,recommended,72
ARUGULA,"olives, black",normal,72
ARUGULA,"oranges, esp. blood",normal,72
ARUGULA,pancetta,normal,72
ARUGULA,parsley,normal,72
ARUGULA,pasta,normal,72
ARUGULA,pears,normal,72
ARUGULA,pesto,normal,72
ARUGULA,pine nuts,normal,72
ARUGULA,potatoes,normal,72
ARUGULA,prosciutto,normal,72
ARUGULA,radicchio,recommended,72
ARUGULA,radishes,normal,72
ARUGULA,risotto,normal,72
ARUGULA,salads and salad greens,recommended,72
ARUGULA,"salt, esp. sea",normal,72
ARUGULA,shallots,normal,72
ARUGULA,"shellfish (e.g., shrimp)",normal,72
ARUGULA,tomatoes,recommended,72
ARUGULA,tuna,normal,72
ARUGULA,vinaigrettes,normal,72
ARUGULA,"vinegar: balsamic, champagne,",recommended,72
ARUGULA,"red wine, sherry, white wine",normal,72
ARUGULA,watercress,normal,72
ASPARAGUS,almonds,normal,73
ASPARAGUS,anchovies,normal,73
ASPARAGUS,artichokes,normal,73
ASPARAGUS,basil,normal,73
ASPARAGUS,bay leaf,normal,73
ASPARAGUS,beets,normal,73
ASPARAGUS,bread crumbs,normal,73
ASPARAGUS,"butter, brown",normal,73
ASPARAGUS,"BUTTER, UNSALTED",very_highly_recommended,73
ASPARAGUS,capers,normal,73
ASPARAGUS,caraway seeds,normal,73
ASPARAGUS,carrots,normal,73
ASPARAGUS,cayenne,normal,73
ASPARAGUS,"CHEESE: chèvre, Fontina, goat, Muenster, PARMESAN, PECORINO, ricotta, Romano",recommended,73
ASPARAGUS,chervil,recommended,73
ASPARAGUS,chives,normal,73
ASPARAGUS,crab,normal,73
ASPARAGUS,"cream, heavy",recommended,73
ASPARAGUS,crème fraîche,normal,73
ASPARAGUS,dill,recommended,73
ASPARAGUS,"EGGS AND EGG DISHES (e.g., coddled, hard-boiled omelets)",very_highly_recommended,73
ASPARAGUS,fava beans,normal,73
ASPARAGUS,French cuisine,normal,73
ASPARAGUS,garlic,recommended,73
ASPARAGUS,ginger,normal,73
ASPARAGUS,ham,normal,73
ASPARAGUS,hollandaise sauce,recommended,73
ASPARAGUS,Italian cuisine,normal,73
ASPARAGUS,leeks,recommended,73
ASPARAGUS,"LEMON: JUICE, ZEST",very_highly_recommended,74
ASPARAGUS,lemon thyme,normal,74
ASPARAGUS,"lime, juice",normal,74
ASPARAGUS,lobster,normal,74
ASPARAGUS,Marsala wine,normal,74
ASPARAGUS,mascarpone,normal,74
ASPARAGUS,mayonnaise,normal,74
ASPARAGUS,"mushrooms, esp. cremini, morels, shiitakes",recommended,74
ASPARAGUS,"mustard, Dijon",recommended,74
ASPARAGUS,"oil: hazelnut, peanut, sesame, truffle",normal,74
ASPARAGUS,OLIVE OIL,very_highly_recommended,74
ASPARAGUS,"onions, esp. spring, yellow",normal,74
ASPARAGUS,orange,normal,74
ASPARAGUS,oysters,normal,74
ASPARAGUS,pancetta,normal,74
ASPARAGUS,"parsley, flat-leaf",recommended,74
ASPARAGUS,pasta,normal,74
ASPARAGUS,peas,normal,74
ASPARAGUS,"PEPPER: BLACK, WHITE",very_highly_recommended,74
ASPARAGUS,"peppers, piquillo",normal,74
ASPARAGUS,"Ricotta Gnocchi with Asparagus, Morels, and Pine Nuts",recommended,74
ASPARAGUS,Asparagus and Ricotta “Mezzalune” with Spring Onion Butter,recommended,74
ASPARAGUS,Vegetarian Sushi: Asparagus and Roasted Bell Pepper Roll,recommended,74
ASPARAGUS,"Cheese, and a Mushroom Reduction",recommended,75
ASPARAGUS,pistachios,normal,75
ASPARAGUS,potatoes,normal,75
ASPARAGUS,prosciutto,normal,75
ASPARAGUS,ramps,normal,75
ASPARAGUS,rice and risotto,normal,75
ASPARAGUS,saffron,normal,75
ASPARAGUS,sage,normal,75
ASPARAGUS,salmon,normal,75
ASPARAGUS,"SALT: KOSHER, SEA",very_highly_recommended,75
ASPARAGUS,"sauce: béchamel, brown butter, Mornay",normal,75
ASPARAGUS,savory,normal,75
ASPARAGUS,scallions,normal,75
ASPARAGUS,sesame seeds,normal,75
ASPARAGUS,shallots,recommended,75
ASPARAGUS,shrimp,normal,75
ASPARAGUS,soups,normal,75
ASPARAGUS,sour cream,normal,75
ASPARAGUS,soy sauce,normal,75
ASPARAGUS,spinach,normal,75
ASPARAGUS,"stocks: chicken, vegetable",recommended,75
ASPARAGUS,tarragon,recommended,75
ASPARAGUS,"thyme, fresh",normal,75
ASPARAGUS,tomatoes,normal,75
ASPARAGUS,turnips,normal,75
ASPARAGUS,vermouth,normal,75
ASPARAGUS,"vinaigrette: mustard, sherry",recommended,75
ASPARAGUS,"vinegar: champagne, red wine, sherry, white wine",recommended,75
ASPARAGUS,"wine, dry white (e.g., Muscat)",normal,75
ASPARAGUS,yogurt,normal,75
"ASPARAGUS, WHITE",texture than green asparagus.,normal,76
"ASPARAGUS, WHITE",butter,normal,76
"ASPARAGUS, WHITE","cheese, Parmesan",normal,76
"ASPARAGUS, WHITE",chicken,normal,76
"ASPARAGUS, WHITE",crab,normal,76
"ASPARAGUS, WHITE","eggs: whole, yolks",normal,76
"ASPARAGUS, WHITE",ham,normal,76
"ASPARAGUS, WHITE",hazelnuts,normal,76
"ASPARAGUS, WHITE",lemon,normal,76
"ASPARAGUS, WHITE","mushrooms (e.g., cepes, morels, porcini)",recommended,76
"ASPARAGUS, WHITE",mustard,normal,76
"ASPARAGUS, WHITE","oil, truffle",recommended,76
"ASPARAGUS, WHITE",olive oil,normal,76
"ASPARAGUS, WHITE",parsley,normal,76
"ASPARAGUS, WHITE","pepper, black",normal,76
"ASPARAGUS, WHITE","salt, sea",normal,76
"ASPARAGUS, WHITE","sauces: hollandaise, mayonnaise, romesco",normal,76
"ASPARAGUS, WHITE",shallots,normal,76
"ASPARAGUS, WHITE",shrimp,normal,76
"ASPARAGUS, WHITE","stock, chicken",normal,76
"ASPARAGUS, WHITE",sugar (pinch),normal,76
"ASPARAGUS, WHITE",tarragon,normal,76
"ASPARAGUS, WHITE",vinaigrette,normal,76
"ASPARAGUS, WHITE","vinegar: champagne, white",normal,76
"ASPARAGUS, WHITE","wine, Riesling",normal,76
"ASPARAGUS, WHITE",asparagus soup:,normal,76
"ASPARAGUS, WHITE",• You need a lot of asparagus flavor.,normal,77
"ASPARAGUS, WHITE",• You need acidity.,normal,77
"ASPARAGUS, WHITE",• You need the right amount of salt.,normal,77
"ASPARAGUS, WHITE",• You need fresh lime juice to finish.,normal,77
"ASPARAGUS, WHITE",difference [before adding the asparagus liquid].,normal,77
AUSTRALIAN CUISINE,barbecued foods,normal,78
AUSTRALIAN CUISINE,beef,normal,78
AUSTRALIAN CUISINE,cheese,normal,78
AUSTRALIAN CUISINE,fish,normal,78
AUSTRALIAN CUISINE,"fruits, fresh",normal,78
AUSTRALIAN CUISINE,lamb,normal,78
AUSTRALIAN CUISINE,"nuts, macadamia",normal,78
AUSTRALIAN CUISINE,seafood,normal,78
AUSTRALIAN CUISINE,"shellfish, esp. shrimp",normal,78
AUSTRALIAN CUISINE,"vegetables, fresh",normal,78
AUSTRALIAN CUISINE,wines,normal,78
AUSTRALIAN CUISINE,yabbies,normal,78
AUSTRIAN CUISINE,beer,normal,79
AUSTRIAN CUISINE,cinnamon,normal,79
AUSTRIAN CUISINE,coffee,recommended,79
AUSTRIAN CUISINE,cream,normal,79
AUSTRIAN CUISINE,desserts,normal,79
AUSTRIAN CUISINE,dumplings,normal,79
AUSTRIAN CUISINE,goulash,normal,79
AUSTRIAN CUISINE,marjoram,normal,79
AUSTRIAN CUISINE,"meat, esp. beef or pork",normal,79
AUSTRIAN CUISINE,paprika,recommended,79
AUSTRIAN CUISINE,parsley,normal,79
AUSTRIAN CUISINE,pastries,recommended,79
AUSTRIAN CUISINE,potatoes,normal,79
AUSTRIAN CUISINE,schnitzel,normal,79
AUSTRIAN CUISINE,"soups, esp. with dumplings or noodles",normal,79
AUSTRIAN CUISINE,stews,normal,79
AUSTRIAN CUISINE,strudel,normal,79
AUSTRIAN CUISINE,wine,normal,79
AUTUMN,Weather: typically cool,recommended,79
AUTUMN,almonds (peak: October),normal,79
AUTUMN,apples (peak: September–November),recommended,79
AUTUMN,artichokes (peak: September–October),normal,79
AUTUMN,basil (peak: September),normal,79
AUTUMN,beans (peak: September),normal,79
AUTUMN,bell peppers (peak: September),recommended,79
AUTUMN,broccoli,recommended,79
AUTUMN,broccoli rabe (peak: July–December),normal,79
AUTUMN,Brussels sprouts (peak: November–February),normal,79
AUTUMN,"cakes, esp. served warm",normal,79
AUTUMN,cantaloupe (peak: June–September),normal,79
AUTUMN,caramel,normal,79
AUTUMN,cardoons (peak: October),normal,79
AUTUMN,cauliflower,recommended,79
AUTUMN,celery root (peak: October–November),normal,79
AUTUMN,chard (peak: June–December),normal,79
AUTUMN,a dish of sweetbreads and hazelnuts.,normal,80
AUTUMN,chestnuts (peak: October–November),normal,80
AUTUMN,chile peppers,normal,80
AUTUMN,coconut (peak: October–November),normal,80
AUTUMN,corn (peak: September),normal,80
AUTUMN,cranberries (peak: September–December),normal,80
AUTUMN,cucumbers (peak: September),normal,80
AUTUMN,dates,normal,80
AUTUMN,duck,normal,80
AUTUMN,eggplant (peak: August–November),recommended,80
AUTUMN,fennel,normal,80
AUTUMN,figs (peak: September–October),recommended,80
AUTUMN,foie gras,normal,80
AUTUMN,garlic (peak: September),normal,80
AUTUMN,gooseberries (peak: June–September),normal,80
AUTUMN,grains,normal,80
AUTUMN,grapes (peak: September),normal,80
AUTUMN,heavier dishes,normal,80
AUTUMN,huckleberries (peak: August–September),recommended,80
AUTUMN,kale (peak: November–January),normal,80
AUTUMN,kohlrabi (peak: September–November),normal,80
AUTUMN,lentils,normal,80
AUTUMN,lovage (peak: September–October),normal,80
AUTUMN,lychee nuts (peak: September–November),normal,80
AUTUMN,"mushrooms: chanterelles (peak: April–October), porcini (peak: September–October)",recommended,80
AUTUMN,nectarines (peak: July–September),normal,80
AUTUMN,nuts,normal,80
AUTUMN,okra (peak: July–September),recommended,80
AUTUMN,"oranges, blood (peak: November–February)",normal,80
AUTUMN,oysters (peak: September–April),normal,81
AUTUMN,partridge (peak: November–December),normal,81
AUTUMN,passion fruit (peak: November–February),normal,81
AUTUMN,pears (peak: July–October),recommended,81
AUTUMN,peas (peak: June–September),normal,81
AUTUMN,persimmons (peak: October–January),recommended,81
AUTUMN,pheasant (peak: October–December),normal,81
AUTUMN,pistachios (peak: September),normal,81
AUTUMN,plums (peak: July–October),normal,81
AUTUMN,polenta,normal,81
AUTUMN,pomegranates (peak: October–December),recommended,81
AUTUMN,pumpkins (peak: September–December),normal,81
AUTUMN,quinces (peak: October–December),recommended,81
AUTUMN,salsify (peak: November–January),normal,81
AUTUMN,scallops,normal,81
AUTUMN,"seeds, sunflower",normal,81
AUTUMN,"mustard, etc.)",normal,81
AUTUMN,"squash, winter (peak: October–December)",recommended,81
AUTUMN,stuffing,normal,81
AUTUMN,sweetbreads,normal,81
AUTUMN,sweet potatoes (peak: November–January),normal,81
AUTUMN,tomatoes (peak: September),normal,81
AUTUMN,turkey,normal,81
AUTUMN,"vinegar, red wine",normal,81
AUTUMN,walnuts,normal,81
AUTUMN,watermelon (peak: July–September),normal,81
AUTUMN,yams (peak: November),normal,81
AUTUMN,zucchini (peak: June–October),normal,81
AUTUMN,Avocado and Grapefruit with Poppy Seed Dressing,recommended,81
AVOCADOS,arugula,normal,82
AVOCADOS,bacon,normal,82
AVOCADOS,basil and Thai basil,normal,82
AVOCADOS,"beans, black",normal,82
AVOCADOS,"bell peppers, esp. red",normal,82
AVOCADOS,"butter, unsalted",normal,82
AVOCADOS,Central American cuisine,normal,82
AVOCADOS,chayote,normal,82
AVOCADOS,chervil,normal,82
AVOCADOS,chicken,normal,82
AVOCADOS,"chile peppers: chipotle, jalapeño, serrano",recommended,82
AVOCADOS,chives,normal,82
AVOCADOS,cilantro,recommended,82
AVOCADOS,corn and masa,normal,82
AVOCADOS,crab,normal,82
AVOCADOS,"cream, heavy",normal,82
AVOCADOS,crème fraîche,normal,82
AVOCADOS,cucumbers,normal,82
AVOCADOS,cumin,normal,82
AVOCADOS,dashi,normal,82
AVOCADOS,"endive, esp. Belgian",recommended,82
AVOCADOS,fennel,normal,82
AVOCADOS,fish,normal,82
AVOCADOS,frisée,recommended,82
AVOCADOS,"fruits, esp. tropical",normal,82
AVOCADOS,garlic,normal,82
AVOCADOS,grapefruit,recommended,82
AVOCADOS,guacamole (key ingredient),recommended,82
AVOCADOS,jicama,normal,82
AVOCADOS,"lemon: juice, zest",recommended,82
AVOCADOS,"LIME, JUICE",very_highly_recommended,82
AVOCADOS,lobster,recommended,82
AVOCADOS,mangoes,normal,82
AVOCADOS,mayonnaise,normal,82
AVOCADOS,Mexican cuisine,normal,82
AVOCADOS,"oil, canola",recommended,82
AVOCADOS,olive oil,normal,82
AVOCADOS,"ONIONS, ESP. RED, spring, white",recommended,82
AVOCADOS,orange,normal,82
AVOCADOS,"parsley, flat-leaf",normal,82
AVOCADOS,"pepper: black, white",recommended,83
AVOCADOS,radishes,normal,83
AVOCADOS,rocket,normal,83
AVOCADOS,sake,normal,83
AVOCADOS,"salads, esp. green, seafood",normal,83
AVOCADOS,salsa,normal,83
AVOCADOS,"SALT: KOSHER, SEA",very_highly_recommended,83
AVOCADOS,sandwiches,normal,83
AVOCADOS,scallions,normal,83
AVOCADOS,"shellfish (e.g., shrimp)",normal,83
AVOCADOS,shrimp,normal,83
AVOCADOS,"smoked fish (e.g., trout)",normal,83
AVOCADOS,soups,normal,83
AVOCADOS,sour cream,recommended,83
AVOCADOS,Southwestern cuisine,normal,83
AVOCADOS,soy sauce,normal,83
AVOCADOS,spinach,normal,83
AVOCADOS,"stocks: chicken, vegetable",normal,83
AVOCADOS,Tabasco sauce,normal,83
AVOCADOS,tarragon,normal,83
AVOCADOS,tequila,normal,83
AVOCADOS,tomatillos,normal,83
AVOCADOS,tomatoes,recommended,83
AVOCADOS,vinaigrette,recommended,83
AVOCADOS,"VINEGAR: balsamic, cider, tarragon, white wine",recommended,83
AVOCADOS,"walnuts, oil",normal,83
AVOCADOS,yogurt,normal,83
BACON,aioli,normal,84
BACON,avocados,normal,84
BACON,"beans (e.g., black, fava, green)",normal,84
BACON,breakfast,normal,84
BACON,"butter, unsalted",normal,84
BACON,celery,normal,84
BACON,chervil,normal,84
BACON,chicken,normal,84
BACON,eggs,recommended,84
BACON,French cuisine,normal,84
BACON,frisée,normal,84
BACON,"greens (e.g., arugula)",normal,84
BACON,Italian cuisine,normal,84
BACON,lentils,normal,84
BACON,lettuce,recommended,84
BACON,maple syrup,normal,84
BACON,mayonnaise,normal,84
BACON,"mushrooms, esp. chanterelles",normal,84
BACON,olive oil,normal,84
BACON,onions,recommended,84
BACON,parsnips,normal,84
BACON,peas,normal,84
BACON,"pepper, black",normal,84
BACON,potatoes,normal,84
BACON,risotto,normal,84
BACON,salads,normal,84
BACON,salmon,normal,84
BACON,salt,normal,84
BACON,scallops,normal,84
BACON,shallots,normal,84
BACON,spinach,normal,84
BACON,"squash, winter",normal,85
BACON,stews,normal,85
BACON,"stock, chicken",normal,85
BACON,tomatoes,recommended,85
BACON,vinegar,recommended,85
BALANCE,"• temperatures (e.g., hot vs. cold)",normal,86
BALANCE,"• textures (e.g., creamy vs. crunchy)",normal,86
BANANAS,allspice,normal,86
BANANAS,almonds,normal,86
BANANAS,apricots,normal,86
BANANAS,Armagnac,recommended,86
BANANAS,"baked goods (e.g., muffins, quick breads)",normal,86
BANANAS,banana liqueur,normal,86
BANANAS,blackberries,normal,86
BANANAS,blueberries,recommended,86
BANANAS,brandy,normal,86
BANANAS,breakfast,normal,86
BANANAS,"butter, unsalted",recommended,86
BANANAS,buttermilk,normal,86
BANANAS,butterscotch,normal,86
BANANAS,cakes,normal,86
BANANAS,Calvados,recommended,86
BANANAS,CARAMEL,very_highly_recommended,86
BANANAS,cardamom,normal,86
BANANAS,cashews,normal,86
BANANAS,cherries,normal,86
BANANAS,"chile peppers: habanero, jalapeño, serrano",normal,86
BANANAS,"CHOCOLATE: dark, white",recommended,86
BANANAS,cinnamon,normal,87
BANANAS,cloves,normal,87
BANANAS,COCONUT AND COCONUT MILK,very_highly_recommended,87
BANANAS,coffee,normal,87
BANANAS,cognac,recommended,87
BANANAS,CREAM AND ICE CREAM,very_highly_recommended,87
BANANAS,cream cheese,normal,87
BANANAS,crème anglaise,normal,87
BANANAS,Cumin Gel,recommended,87
BANANAS,Reduction,recommended,87
BANANAS,Sauce,recommended,87
BANANAS,Banana Tempura with Black Raspberry Ice Cream,recommended,87
BANANAS,Banana-Toffee Tart,recommended,87
BANANAS,Banana Tempura with Mango Ice Cream,recommended,87
BANANAS,Caramel,recommended,87
BANANAS,"Caramelized Banana, Smoked Chocolate Ice Cream, Stout",recommended,87
BANANAS,crème fraîche,normal,88
BANANAS,curries,normal,88
BANANAS,custard,normal,88
BANANAS,dates,normal,88
BANANAS,desserts,normal,88
BANANAS,"figs, dried",normal,88
BANANAS,ginger,recommended,88
BANANAS,guava,normal,88
BANANAS,hazelnuts,normal,88
BANANAS,honey,recommended,88
BANANAS,Kirsch,recommended,88
BANANAS,"LEMON, JUICE",very_highly_recommended,88
BANANAS,lemongrass,normal,88
BANANAS,"lime, juice",recommended,88
BANANAS,macadamia,recommended,88
BANANAS,"mangoes: green, ripe",recommended,88
BANANAS,maple syrup,recommended,88
BANANAS,meringue,normal,88
BANANAS,nutmeg,normal,88
BANANAS,oats and oatmeal,normal,88
BANANAS,"oil, vegetable",normal,88
BANANAS,orange,recommended,88
BANANAS,pancakes,normal,88
BANANAS,papaya,recommended,88
BANANAS,parsley,normal,88
BANANAS,passion fruit,normal,88
BANANAS,falls apart. A brown banana gives me shivers!,normal,88
BANANAS,peanuts and peanut butter,normal,89
BANANAS,pecans,normal,89
BANANAS,"pepper, black",normal,89
BANANAS,pineapple,recommended,89
BANANAS,pistachios,normal,89
BANANAS,pomegranate,normal,89
BANANAS,puddings,normal,89
BANANAS,raisins,normal,89
BANANAS,"raspberries: red, black",normal,89
BANANAS,rice,normal,89
BANANAS,RUM,very_highly_recommended,89
BANANAS,"salads, fruit",normal,89
BANANAS,sesame seeds,normal,89
BANANAS,smoothies and shakes,normal,89
BANANAS,sour cream,normal,89
BANANAS,strawberries,normal,89
BANANAS,"SUGAR: BROWN, WHITE",very_highly_recommended,89
BANANAS,sweet potatoes,normal,89
BANANAS,Tabasco sauce,normal,89
BANANAS,vanilla,recommended,89
BANANAS,"vinegar, white",normal,89
BANANAS,walnuts,recommended,89
BANANAS,yogurt,normal,89
BARLEY,beef,recommended,89
BARLEY,butter,normal,90
BARLEY,garlic,normal,90
BARLEY,lemon thyme,normal,90
BARLEY,"mirepoix (carrots, celery, onions)",normal,90
BARLEY,"mushrooms: cultivated, wild (e.g., shiitakes)",recommended,90
BARLEY,olive oil,normal,90
BARLEY,onions,normal,90
BARLEY,oregano,normal,90
BARLEY,"parsley, flat-leaf",normal,90
BARLEY,"pepper, white",normal,90
BARLEY,sage,normal,90
BARLEY,"salt, kosher",normal,90
BARLEY,savory,normal,90
BARLEY,scallions,normal,90
BARLEY,soups,normal,90
BARLEY,"stocks: chicken, vegetable",normal,90
BARLEY,thyme,normal,90
BARLEY,tomatoes,normal,90
BARLEY,"vinegar, sherry",normal,90
BASIL,apricots,normal,90
BASIL,Asian cuisine,normal,90
BASIL,"beans: green, white",normal,90
BASIL,"bell peppers, esp. red, roasted",recommended,90
BASIL,berries,normal,90
BASIL,blueberries,normal,90
BASIL,breads,normal,90
BASIL,broccoli,normal,90
BASIL,Cambodian cuisine,normal,90
BASIL,capers,normal,90
BASIL,carrots,normal,90
BASIL,"CHEESE: feta, goat, MOZZARELLA, PARMESAN, PECORINO, RICOTTA",recommended,90
BASIL,chicken,recommended,90
BASIL,chile peppers,normal,90
BASIL,chives,normal,91
BASIL,"chocolate, white",normal,91
BASIL,cilantro,normal,91
BASIL,cinnamon,normal,91
BASIL,coconut milk,normal,91
BASIL,corn,normal,91
BASIL,crab,normal,91
BASIL,cream and ice cream,normal,91
BASIL,cucumber,normal,91
BASIL,custards,normal,91
BASIL,duck,normal,91
BASIL,eggplant,recommended,91
BASIL,"EGGS AND EGG DISHES (e.g., omelets)",very_highly_recommended,91
BASIL,fennel,normal,91
BASIL,"fish, esp. grilled or poached",recommended,91
BASIL,French cuisine,normal,91
BASIL,GARLIC,holy_grail,91
BASIL,"ginger, fresh",normal,91
BASIL,honey,normal,91
BASIL,ITALIAN CUISINE,very_highly_recommended,91
BASIL,lamb,recommended,91
BASIL,"lemon, juice",recommended,91
BASIL,lemon verbena,normal,91
BASIL,"lime, juice",normal,91
BASIL,liver,normal,91
BASIL,marjoram,normal,91
BASIL,meats,recommended,91
BASIL,Mediterranean cuisine,recommended,91
BASIL,mint,recommended,91
BASIL,mussels,normal,91
BASIL,"mustard: powder, seeds",normal,91
BASIL,nectarines,normal,91
BASIL,OLIVE OIL,very_highly_recommended,91
BASIL,olives,normal,91
BASIL,onions,normal,91
BASIL,orange,normal,91
BASIL,oregano,recommended,91
BASIL,Parmesan cheese,normal,91
BASIL,"parsley, flat-leaf",normal,91
BASIL,PASTA DISHES AND SAUCES,very_highly_recommended,91
BASIL,peaches,normal,91
BASIL,peas,normal,91
BASIL,"pepper: black, white",normal,91
BASIL,PESTO (key ingredient),very_highly_recommended,91
BASIL,pineapple,normal,91
BASIL,pine nuts,normal,92
BASIL,pizza,recommended,92
BASIL,pork,normal,92
BASIL,potatoes,normal,92
BASIL,poultry,normal,92
BASIL,rabbit,normal,92
BASIL,raspberries,normal,92
BASIL,rice,normal,92
BASIL,rosemary,normal,92
BASIL,salads and salad dressings,recommended,92
BASIL,salmon,recommended,92
BASIL,"salt: kosher, sea",recommended,92
BASIL,sauces,normal,92
BASIL,scallops,normal,92
BASIL,sea bass,normal,92
BASIL,shellfish,recommended,92
BASIL,shrimp,normal,92
BASIL,"soups, esp. Asian, bean, chowder, vegetable",recommended,92
BASIL,soy sauce,normal,92
BASIL,spinach,normal,92
BASIL,"squash, summer",normal,92
BASIL,summer vegetables,normal,92
BASIL,"Thai cuisine (e.g., green curries)",recommended,92
BASIL,thyme,normal,93
BASIL,TOMATOES and tomato sauces,holy_grail,93
BASIL,tuna,normal,93
BASIL,vanilla,normal,93
BASIL,veal,normal,93
BASIL,"vegetables, esp. summer",recommended,93
BASIL,Vietnamese cuisine,normal,93
BASIL,vinaigrettes,normal,93
BASIL,"vinegar: balsamic, sherry",recommended,93
BASIL,watermelon,recommended,93
BASIL,ZUCCHINI,very_highly_recommended,93
BASIL,tarragon,avoid,93
"BASIL, THAI",Asian cuisines,normal,93
"BASIL, THAI",beef,normal,93
"BASIL, THAI",coconut milk,normal,93
"BASIL, THAI",curries,normal,93
"BASIL, THAI","it a deep, rich green.",normal,93
"BASIL, THAI",ginger,normal,93
"BASIL, THAI",lemongrass,normal,93
"BASIL, THAI",noodles and noodle dishes,normal,93
"BASIL, THAI","oils, esp. pumpkin seed",normal,93
"BASIL, THAI",salads,normal,93
"BASIL, THAI",seafood,normal,94
"BASIL, THAI","soups, esp. Asian",normal,94
"BASIL, THAI",Thai cuisine,recommended,94
"BASIL, THAI",vegetarian dishes,normal,94
"BASIL, THAI",venison,normal,94
BASS,artichoke,normal,94
BASS,bay leaf,normal,94
BASS,carrots,normal,94
BASS,cayenne,normal,94
BASS,celery,normal,94
BASS,chervil,normal,94
BASS,fennel,recommended,94
BASS,garlic,normal,94
BASS,lemon,normal,94
BASS,olive oil,normal,94
BASS,onions,normal,94
BASS,"orange: juice, zest",recommended,94
BASS,"parsley, flat-leaf",recommended,94
BASS,"pepper: black, white",recommended,94
BASS,saffron,normal,94
BASS,salmon,normal,94
BASS,"salt, sea",normal,94
BASS,shallots,normal,94
BASS,sole,recommended,94
BASS,star anise,normal,94
BASS,"stock, fish",normal,94
BASS,tarragon,recommended,94
BASS,tomatoes and tomato paste,normal,94
BASS,vanilla,normal,94
BASS,"wine, white",normal,94
"BASS, BLACK",asparagus,normal,95
"BASS, BLACK",basil,normal,95
"BASS, BLACK",beets,normal,95
"BASS, BLACK",butter,normal,95
"BASS, BLACK","cabbage, savoy",normal,95
"BASS, BLACK",carrots,normal,95
"BASS, BLACK",celery,normal,95
"BASS, BLACK",chestnuts,normal,95
"BASS, BLACK","chile peppers, jalapeño",normal,95
"BASS, BLACK",chives,normal,95
"BASS, BLACK",chutney,normal,95
"BASS, BLACK",cilantro,normal,95
"BASS, BLACK",coriander,normal,95
"BASS, BLACK","duck, Peking",normal,95
"BASS, BLACK","Pasternak, Esca (New York City)",normal,95
"BASS, BLACK",endive,normal,95
"BASS, BLACK",fennel,normal,96
"BASS, BLACK",garlic,recommended,96
"BASS, BLACK",ginger,normal,96
"BASS, BLACK",ham,normal,96
"BASS, BLACK",honey,normal,96
"BASS, BLACK",leeks,normal,96
"BASS, BLACK",lemon,recommended,96
"BASS, BLACK","lemon, preserved",normal,96
"BASS, BLACK",lime,normal,96
"BASS, BLACK",marjoram,normal,96
"BASS, BLACK",mint,normal,96
"BASS, BLACK","mushrooms, porcini",normal,96
"BASS, BLACK",mustard,normal,96
"BASS, BLACK",olive oil,recommended,96
"BASS, BLACK",onions,normal,96
"BASS, BLACK","orange, juice",normal,96
"BASS, BLACK",oregano,normal,96
"BASS, BLACK",papaya,normal,96
"BASS, BLACK","parsley, flat-leaf",recommended,96
"BASS, BLACK",parsnips,normal,96
"BASS, BLACK",peas,normal,96
"BASS, BLACK","pepper, white",normal,96
"BASS, BLACK",raisins,normal,96
"BASS, BLACK",saffron,normal,96
"BASS, BLACK","salt, sea",normal,96
"BASS, BLACK",scallions,recommended,96
"BASS, BLACK",scallops,normal,96
"BASS, BLACK",shallots,normal,96
"BASS, BLACK",shrimp,normal,96
"BASS, BLACK","squash: hubbard, yellow",recommended,96
"BASS, BLACK","stock, chicken",recommended,96
"BASS, BLACK",tarragon,normal,96
"BASS, BLACK",thyme,normal,96
"BASS, BLACK",tomatoes,normal,96
"BASS, BLACK",tuna,recommended,96
"BASS, BLACK",turnips,normal,96
"BASS, BLACK","vinegar: champagne, red wine",recommended,96
"BASS, BLACK","wine: red, white",recommended,96
"BASS, BLACK",zucchini,normal,96
"BASS, SEA",almonds,normal,97
"BASS, SEA",anchovies,normal,97
"BASS, SEA",artichokes,normal,97
"BASS, SEA",bacon,recommended,97
"BASS, SEA",basil,normal,97
"BASS, SEA",bay leaf,recommended,97
"BASS, SEA","beans, esp. green or white",normal,97
"BASS, SEA",beets,normal,97
"BASS, SEA","bell peppers: red, green",recommended,97
"BASS, SEA",bread crumbs,normal,97
"BASS, SEA","BUTTER: clarified, salted, unsalted",recommended,97
"BASS, SEA",capers,normal,97
"BASS, SEA",cardamom,normal,97
"BASS, SEA",carrots,recommended,97
"BASS, SEA",cayenne,normal,97
"BASS, SEA",celery,normal,97
"BASS, SEA",chervil,recommended,97
"BASS, SEA",chives,normal,97
"BASS, SEA",cilantro,recommended,97
"BASS, SEA",citrus,normal,97
"BASS, SEA",coriander,recommended,97
"BASS, SEA",corn,normal,97
"BASS, SEA",cream,normal,97
"BASS, SEA",crème fraîche,normal,97
"BASS, SEA",fennel,recommended,97
"BASS, SEA","garlic, fresh",recommended,97
"BASS, SEA","ginger, fresh",normal,97
"BASS, SEA",hazelnuts,normal,97
"BASS, SEA",honey,normal,97
"BASS, SEA",leeks,recommended,97
"BASS, SEA","lemon: juice, zest",recommended,97
"BASS, SEA","lemon, preserved",normal,97
"BASS, SEA",lentils,normal,97
"BASS, SEA","lime, juice",recommended,97
"BASS, SEA",marjoram,recommended,97
"BASS, SEA",mayonnaise,normal,97
"BASS, SEA",mint,recommended,97
"BASS, SEA","mirepoix (carrots, celery, onions)",normal,98
"BASS, SEA",mirin,normal,98
"BASS, SEA","MUSHROOMS, esp. button, porcini, or shiitake",very_highly_recommended,98
"BASS, SEA","mustard, Dijon",normal,98
"BASS, SEA","oil: canola, peanut, sesame",recommended,98
"BASS, SEA",olive oil,normal,98
"BASS, SEA","olives, black",normal,98
"BASS, SEA","onions: pearl, yellow",recommended,98
"BASS, SEA",oregano,normal,98
"BASS, SEA","parsley, flat-leaf",recommended,98
"BASS, SEA","PEPPER: black, white",recommended,98
"BASS, SEA","potatoes, esp. as a crust, mashed",recommended,98
"BASS, SEA",radishes,normal,98
"BASS, SEA",rhubarb,normal,98
"BASS, SEA",saffron,normal,98
"BASS, SEA",sake,normal,98
"BASS, SEA",salmon roe,normal,98
"BASS, SEA","SALT, KOSHER",very_highly_recommended,98
"BASS, SEA","sauces: beurre blanc, brown butter",normal,98
"BASS, SEA",scallops,normal,98
"BASS, SEA",sesame seeds,recommended,98
"BASS, SEA",shallots,recommended,98
"BASS, SEA",shiso,normal,98
"BASS, SEA",shrimp,recommended,98
"BASS, SEA",soy sauce,recommended,98
"BASS, SEA",spearmint,normal,98
"BASS, SEA","spinach, esp. baby",recommended,98
"BASS, SEA",star anise,normal,98
"BASS, SEA","stocks: chicken, fish, vegetable",recommended,98
"BASS, SEA",sugar,normal,98
"BASS, SEA",tamarind,normal,98
"BASS, SEA",tarragon,normal,98
"BASS, SEA","thyme, fresh",recommended,98
"BASS, SEA","TOMATOES: cherry, grape, juice, roasted",recommended,98
"BASS, SEA",vanilla,normal,98
"BASS, SEA",vermouth,recommended,98
"BASS, SEA","VINEGAR: champagne, red wine, rice, sherry, white wine",recommended,98
"BASS, SEA","wine, dry white",recommended,98
"BASS, SEA",yuzu juice,normal,98
"BASS, SEA",zucchini,normal,98
BAY LEAF,allspice,normal,101
BAY LEAF,apples,normal,101
BAY LEAF,"beans: dried, white",recommended,101
BAY LEAF,beef,normal,101
BAY LEAF,braised dishes,normal,101
BAY LEAF,caramel,normal,101
BAY LEAF,cauliflower,normal,101
BAY LEAF,celery leaf,normal,101
BAY LEAF,cheese dishes,normal,101
BAY LEAF,chestnuts,normal,101
BAY LEAF,chicken,normal,101
BAY LEAF,corn,normal,101
BAY LEAF,cream and ice cream,normal,101
BAY LEAF,custards,normal,101
BAY LEAF,dates,normal,101
BAY LEAF,desserts,normal,101
BAY LEAF,duck,normal,101
BAY LEAF,figs,normal,101
BAY LEAF,fish,recommended,101
BAY LEAF,French cuisine,normal,101
BAY LEAF,game,normal,101
BAY LEAF,game birds,normal,101
BAY LEAF,it comes to fresh versus dried.,normal,102
BAY LEAF,garlic,normal,102
BAY LEAF,grains,normal,102
BAY LEAF,juniper berries,normal,102
BAY LEAF,lamb,normal,102
BAY LEAF,"lemon, juice",normal,102
BAY LEAF,lentils,normal,102
BAY LEAF,marinades,normal,102
BAY LEAF,marjoram,normal,102
BAY LEAF,meats,recommended,102
BAY LEAF,Mediterranean cuisine,normal,102
BAY LEAF,mole sauce,normal,102
BAY LEAF,Moroccan cuisine,normal,102
BAY LEAF,onions,normal,102
BAY LEAF,parsley,recommended,102
BAY LEAF,pâté,normal,102
BAY LEAF,pears,normal,102
BAY LEAF,"pepper, black",normal,102
BAY LEAF,polenta,normal,102
BAY LEAF,pork,normal,102
BAY LEAF,pot roast,normal,102
BAY LEAF,potatoes,recommended,102
BAY LEAF,poultry,normal,102
BAY LEAF,prunes,normal,102
BAY LEAF,pumpkin,normal,102
BAY LEAF,quail,normal,102
BAY LEAF,"rice (e.g., rice pudding) and risotto",recommended,102
BAY LEAF,rosemary,normal,102
BAY LEAF,sage,normal,102
BAY LEAF,salmon,normal,102
BAY LEAF,sauces,normal,102
BAY LEAF,sausage,normal,102
BAY LEAF,savory,normal,102
BAY LEAF,"shellfish, shrimp",normal,102
BAY LEAF,SOUPS,very_highly_recommended,103
BAY LEAF,spinach,normal,103
BAY LEAF,"squash: summer, winter",normal,103
BAY LEAF,STEWS,very_highly_recommended,103
BAY LEAF,STOCKS AND BROTHS,very_highly_recommended,103
BAY LEAF,strawberries,normal,103
BAY LEAF,swordfish,normal,103
BAY LEAF,thyme,recommended,103
BAY LEAF,tomatoes and tomato sauces,recommended,103
BAY LEAF,tuna,normal,103
BAY LEAF,turkey,normal,103
BAY LEAF,Turkish cuisine,normal,103
BAY LEAF,vanilla,normal,103
BAY LEAF,veal,normal,103
BAY LEAF,venison,normal,103
BAY LEAF,vinegar,normal,103
BEANS — IN GENERAL,carrots,normal,103
BEANS — IN GENERAL,celery,normal,103
BEANS — IN GENERAL,garlic,normal,103
BEANS — IN GENERAL,lemon,recommended,103
BEANS — IN GENERAL,marjoram,normal,103
BEANS — IN GENERAL,mint,normal,103
BEANS — IN GENERAL,onions,normal,103
BEANS — IN GENERAL,PARSLEY,very_highly_recommended,103
BEANS — IN GENERAL,rosemary,normal,103
BEANS — IN GENERAL,sage,normal,103
BEANS — IN GENERAL,salt,normal,103
BEANS — IN GENERAL,SAVORY,holy_grail,103
BEANS — IN GENERAL,thyme,normal,103
BEANS — IN GENERAL,vinegar,normal,103
"BEANS, BLACK",allspice,normal,103
"BEANS, BLACK",apples,normal,103
"BEANS, BLACK",avocado,recommended,103
"BEANS, BLACK",bacon,recommended,103
"BEANS, BLACK",bay leaf,recommended,103
"BEANS, BLACK",beer,normal,104
"BEANS, BLACK","bell peppers: green, red",normal,104
"BEANS, BLACK",butter,normal,104
"BEANS, BLACK",Salad,recommended,104
"BEANS, BLACK",Carribbean cuisine,normal,104
"BEANS, BLACK",carrots,recommended,104
"BEANS, BLACK",cayenne,normal,104
"BEANS, BLACK",celery,recommended,104
"BEANS, BLACK",celery root,normal,104
"BEANS, BLACK",Central American cuisine,normal,104
"BEANS, BLACK","CHILE PEPPERS: ancho, cachuca, chipotle, jalapeño",recommended,104
"BEANS, BLACK","chili powder, ancho",normal,104
"BEANS, BLACK",chives,normal,104
"BEANS, BLACK",CILANTRO,very_highly_recommended,104
"BEANS, BLACK",cream,normal,104
"BEANS, BLACK",crème fraîche,normal,104
"BEANS, BLACK",CUMIN,very_highly_recommended,104
"BEANS, BLACK",duck,normal,104
"BEANS, BLACK","egg, esp. hard-boiled",normal,104
"BEANS, BLACK",epazote,normal,104
"BEANS, BLACK",fennel seeds,normal,104
"BEANS, BLACK",GARLIC,very_highly_recommended,104
"BEANS, BLACK",ginger,normal,104
"BEANS, BLACK",ham and ham hocks,normal,104
"BEANS, BLACK",lemon,normal,104
"BEANS, BLACK","lime, juice",recommended,104
"BEANS, BLACK",maple syrup,normal,104
"BEANS, BLACK","Mexican cuisine, esp. in the South",recommended,104
"BEANS, BLACK","OIL: canola, olive, peanut, safflower, vegetable",recommended,104
"BEANS, BLACK",olive oil,normal,105
"BEANS, BLACK","ONIONS: red, white, yellow",recommended,105
"BEANS, BLACK","orange: fruit, juice, zest",normal,105
"BEANS, BLACK","oregano, dried",normal,105
"BEANS, BLACK","PARSLEY, FLAT-LEAF",very_highly_recommended,105
"BEANS, BLACK","pepper: black, white",recommended,105
"BEANS, BLACK",red pepper flakes,normal,105
"BEANS, BLACK",rice,normal,105
"BEANS, BLACK",rosemary,normal,105
"BEANS, BLACK",salsa,normal,105
"BEANS, BLACK","SALT, ESP. KOSHER",very_highly_recommended,105
"BEANS, BLACK",salt pork,normal,105
"BEANS, BLACK",sausage,normal,105
"BEANS, BLACK",SAVORY,very_highly_recommended,105
"BEANS, BLACK",scallions,recommended,105
"BEANS, BLACK",shallots,normal,105
"BEANS, BLACK",sherry,normal,105
"BEANS, BLACK",shrimp,normal,105
"BEANS, BLACK",soups,normal,105
"BEANS, BLACK",SOUR CREAM,very_highly_recommended,105
"BEANS, BLACK",South American cuisine,normal,105
"BEANS, BLACK",Southwestern cuisine,normal,105
"BEANS, BLACK",spinach,normal,105
"BEANS, BLACK","STOCKS: BEEF, CHICKEN, VEGETABLE",very_highly_recommended,105
"BEANS, BLACK","sugar: brown, white",normal,105
"BEANS, BLACK",Tabasco sauce,normal,105
"BEANS, BLACK",thyme,recommended,105
"BEANS, BLACK",tomatoes and tomato paste,recommended,105
"BEANS, BLACK","vinegar: cider, red wine, sherry, white wine",recommended,105
"BEANS, BLACK","wine: Madeira, sherry",normal,105
"BEANS, BLACK",yogurt,normal,105
"BEANS, CANNELLINI",bacon,normal,106
"BEANS, CANNELLINI",carrots,recommended,106
"BEANS, CANNELLINI",celery,normal,106
"BEANS, CANNELLINI",clams,normal,106
"BEANS, CANNELLINI",garlic,normal,106
"BEANS, CANNELLINI",Italian cuisine,normal,106
"BEANS, CANNELLINI",lamb,normal,106
"BEANS, CANNELLINI",lemon,normal,106
"BEANS, CANNELLINI",olive oil,normal,106
"BEANS, CANNELLINI","onions, esp. Spanish",recommended,106
"BEANS, CANNELLINI","paprika, sweet",normal,106
"BEANS, CANNELLINI","PARSLEY, FLAT-LEAF",very_highly_recommended,106
"BEANS, CANNELLINI","pepper, black",normal,106
"BEANS, CANNELLINI",saffron,normal,106
"BEANS, CANNELLINI",salads,normal,106
"BEANS, CANNELLINI","salt, kosher",recommended,106
"BEANS, CANNELLINI","sausages (e.g., chorizo)",normal,106
"BEANS, CANNELLINI",SAVORY,very_highly_recommended,106
"BEANS, CANNELLINI",soups,normal,106
"BEANS, CANNELLINI","stock, chicken",normal,106
"BEANS, CANNELLINI",tarragon,normal,106
"BEANS, CANNELLINI",thyme,normal,106
"BEANS, CANNELLINI","tomatoes, esp. plum",normal,106
"BEANS, FAVA (aka Broad Beans or Horse Beans)",Asian cuisine,normal,107
"BEANS, FAVA (aka Broad Beans or Horse Beans)",bacon,normal,107
"BEANS, FAVA (aka Broad Beans or Horse Beans)",basil,recommended,107
"BEANS, FAVA (aka Broad Beans or Horse Beans)","butter, unsalted",recommended,107
"BEANS, FAVA (aka Broad Beans or Horse Beans)","CHEESE: dry feta, manchego, Parmesan, pecorino, ricotta, sheep’s milk",recommended,107
"BEANS, FAVA (aka Broad Beans or Horse Beans)",chile peppers,normal,107
"BEANS, FAVA (aka Broad Beans or Horse Beans)","chives, fresh",normal,107
"BEANS, FAVA (aka Broad Beans or Horse Beans)",cilantro,normal,107
"BEANS, FAVA (aka Broad Beans or Horse Beans)",corn,normal,107
"BEANS, FAVA (aka Broad Beans or Horse Beans)",cream,normal,107
"BEANS, FAVA (aka Broad Beans or Horse Beans)",cumin,normal,107
"BEANS, FAVA (aka Broad Beans or Horse Beans)",curry,normal,107
"BEANS, FAVA (aka Broad Beans or Horse Beans)",dill,normal,107
"BEANS, FAVA (aka Broad Beans or Horse Beans)",duck,recommended,107
"BEANS, FAVA (aka Broad Beans or Horse Beans)",falafel (key ingredient),normal,107
"BEANS, FAVA (aka Broad Beans or Horse Beans)",fennel,normal,107
"BEANS, FAVA (aka Broad Beans or Horse Beans)","fish (e.g., salmon)",recommended,107
"BEANS, FAVA (aka Broad Beans or Horse Beans)",garlic,recommended,107
"BEANS, FAVA (aka Broad Beans or Horse Beans)",gnocchi,normal,107
"BEANS, FAVA (aka Broad Beans or Horse Beans)","greens, bitter",normal,107
"BEANS, FAVA (aka Broad Beans or Horse Beans)",ham,normal,107
"BEANS, FAVA (aka Broad Beans or Horse Beans)",herbs,normal,107
"BEANS, FAVA (aka Broad Beans or Horse Beans)",Italian cuisine,normal,107
"BEANS, FAVA (aka Broad Beans or Horse Beans)",lamb,recommended,107
"BEANS, FAVA (aka Broad Beans or Horse Beans)",leeks,normal,107
"BEANS, FAVA (aka Broad Beans or Horse Beans)","lemon, juice",recommended,107
"BEANS, FAVA (aka Broad Beans or Horse Beans)",lentils,normal,107
"BEANS, FAVA (aka Broad Beans or Horse Beans)",lobster,normal,107
"BEANS, FAVA (aka Broad Beans or Horse Beans)",Mediterranean cuisine,recommended,107
"BEANS, FAVA (aka Broad Beans or Horse Beans)",Mexican cuisine,normal,107
"BEANS, FAVA (aka Broad Beans or Horse Beans)",Middle Eastern cuisine,recommended,107
"BEANS, FAVA (aka Broad Beans or Horse Beans)","mint (e.g., Italian cuisine)",recommended,107
"BEANS, FAVA (aka Broad Beans or Horse Beans)",Moroccan cuisine,normal,107
"BEANS, FAVA (aka Broad Beans or Horse Beans)","OIL, walnut",recommended,107
"BEANS, FAVA (aka Broad Beans or Horse Beans)",OLIVE OIL,very_highly_recommended,107
"BEANS, FAVA (aka Broad Beans or Horse Beans)","onions, esp. spring",recommended,107
"BEANS, FAVA (aka Broad Beans or Horse Beans)","orange, zest",normal,107
"BEANS, FAVA (aka Broad Beans or Horse Beans)",oregano,normal,107
"BEANS, FAVA (aka Broad Beans or Horse Beans)","PARSLEY, FLAT-LEAF",very_highly_recommended,107
"BEANS, FAVA (aka Broad Beans or Horse Beans)",pasta,normal,107
"BEANS, FAVA (aka Broad Beans or Horse Beans)",peas,normal,108
"BEANS, FAVA (aka Broad Beans or Horse Beans)","pepper, black",normal,108
"BEANS, FAVA (aka Broad Beans or Horse Beans)","poultry (e.g., turkey)",normal,108
"BEANS, FAVA (aka Broad Beans or Horse Beans)",prosciutto,normal,108
"BEANS, FAVA (aka Broad Beans or Horse Beans)",rabbit,normal,108
"BEANS, FAVA (aka Broad Beans or Horse Beans)",radishes,normal,108
"BEANS, FAVA (aka Broad Beans or Horse Beans)",because it would overwhelm them.,normal,108
"BEANS, FAVA (aka Broad Beans or Horse Beans)",rice and risotto,normal,108
"BEANS, FAVA (aka Broad Beans or Horse Beans)",rosemary,recommended,108
"BEANS, FAVA (aka Broad Beans or Horse Beans)","sage, fresh",recommended,108
"BEANS, FAVA (aka Broad Beans or Horse Beans)",salads,normal,108
"BEANS, FAVA (aka Broad Beans or Horse Beans)","salt: kosher, sea",recommended,108
"BEANS, FAVA (aka Broad Beans or Horse Beans)","SAVORY (e.g., as in French cuisine)",very_highly_recommended,108
"BEANS, FAVA (aka Broad Beans or Horse Beans)","shellfish (e.g., lobster)",normal,108
"BEANS, FAVA (aka Broad Beans or Horse Beans)",shallots,normal,108
"BEANS, FAVA (aka Broad Beans or Horse Beans)",soups,normal,108
"BEANS, FAVA (aka Broad Beans or Horse Beans)",spinach,normal,108
"BEANS, FAVA (aka Broad Beans or Horse Beans)",steak,normal,108
"BEANS, FAVA (aka Broad Beans or Horse Beans)",stir-fries,normal,108
"BEANS, FAVA (aka Broad Beans or Horse Beans)","stock, chicken",normal,108
"BEANS, FAVA (aka Broad Beans or Horse Beans)",thyme,recommended,108
"BEANS, FAVA (aka Broad Beans or Horse Beans)",tomatoes,normal,108
"BEANS, FAVA (aka Broad Beans or Horse Beans)",vinaigrette,normal,108
"BEANS, FAVA (aka Broad Beans or Horse Beans)","vinegar, cider",normal,108
"BEANS, FAVA (aka Broad Beans or Horse Beans)",walnuts,normal,108
"BEANS, FAVA (aka Broad Beans or Horse Beans)",yogurt,normal,108
"BEANS, FLAGEOLET",apples,normal,109
"BEANS, FLAGEOLET",arugula,normal,109
"BEANS, FLAGEOLET",basil,normal,109
"BEANS, FLAGEOLET",bay leaf,normal,109
"BEANS, FLAGEOLET",butter,normal,109
"BEANS, FLAGEOLET",carrots,normal,109
"BEANS, FLAGEOLET",cassoulet,normal,109
"BEANS, FLAGEOLET",celery,normal,109
"BEANS, FLAGEOLET","cheese, esp. manchego or pecorino",normal,109
"BEANS, FLAGEOLET",chicken,normal,109
"BEANS, FLAGEOLET",cream,normal,109
"BEANS, FLAGEOLET",fines herbes,normal,109
"BEANS, FLAGEOLET","fish (e.g., cod)",normal,109
"BEANS, FLAGEOLET","French cuisine, esp. Provençal",normal,109
"BEANS, FLAGEOLET",garlic,recommended,109
"BEANS, FLAGEOLET",LAMB,holy_grail,109
"BEANS, FLAGEOLET","lemon, juice",normal,109
"BEANS, FLAGEOLET",lime,normal,109
"BEANS, FLAGEOLET",marjoram,normal,109
"BEANS, FLAGEOLET",olive oil,normal,109
"BEANS, FLAGEOLET","onions, esp. red, sweet, yellow",recommended,109
"BEANS, FLAGEOLET",orange,normal,109
"BEANS, FLAGEOLET",PARSLEY,very_highly_recommended,109
"BEANS, FLAGEOLET",pasta,normal,109
"BEANS, FLAGEOLET","pepper, black",normal,109
"BEANS, FLAGEOLET","pork, esp. roasted",normal,109
"BEANS, FLAGEOLET",poultry,normal,109
"BEANS, FLAGEOLET",salads,normal,109
"BEANS, FLAGEOLET",salt,normal,109
"BEANS, FLAGEOLET",SAVORY,very_highly_recommended,109
"BEANS, FLAGEOLET",shallots,recommended,109
"BEANS, FLAGEOLET",soups,recommended,109
"BEANS, FLAGEOLET","stocks: chicken, vegetable",normal,109
"BEANS, FLAGEOLET",tarragon,normal,109
"BEANS, FLAGEOLET",thyme,recommended,110
"BEANS, FLAGEOLET",tomatoes and tomato sauces,recommended,110
"BEANS, FLAGEOLET","vinegar, red wine",normal,110
"BEANS, FLAGEOLET","wine, dry white",normal,110
"BEANS, GREEN",almonds,recommended,110
"BEANS, GREEN",anchovies,normal,110
"BEANS, GREEN",bacon,recommended,110
"BEANS, GREEN",BASIL,very_highly_recommended,110
"BEANS, GREEN","Pasta with Basil Pesto, Green Beans, and Potatoes",recommended,110
"BEANS, GREEN",bay leaf,normal,110
"BEANS, GREEN","beans, shell",normal,110
"BEANS, GREEN","bell pepper, red",normal,110
"BEANS, GREEN",bread crumbs,normal,110
"BEANS, GREEN","butter, unsalted",recommended,110
"BEANS, GREEN",capers,normal,110
"BEANS, GREEN",carrots,normal,110
"BEANS, GREEN",cayenne,normal,110
"BEANS, GREEN","CHEESE: Asiago, blue, feta, goat, PARMESAN",recommended,110
"BEANS, GREEN",chervil,normal,110
"BEANS, GREEN",chickpeas,normal,110
"BEANS, GREEN",chile peppers,normal,110
"BEANS, GREEN",chives,normal,110
"BEANS, GREEN",cilantro,normal,110
"BEANS, GREEN",coconut,normal,110
"BEANS, GREEN",corn,normal,110
"BEANS, GREEN",cream,normal,111
"BEANS, GREEN",crème fraîche,normal,111
"BEANS, GREEN",cumin,recommended,111
"BEANS, GREEN",curry leaves,normal,111
"BEANS, GREEN",dill,recommended,111
"BEANS, GREEN","eggs, esp. hard-boiled",recommended,111
"BEANS, GREEN",fennel,normal,111
"BEANS, GREEN",French cuisine,normal,111
"BEANS, GREEN",garlic,recommended,111
"BEANS, GREEN","ginger, fresh",recommended,111
"BEANS, GREEN","ham (e.g., Serrano)",recommended,111
"BEANS, GREEN","lemon, juice",recommended,111
"BEANS, GREEN",lemon balm,normal,111
"BEANS, GREEN","lime, juice",normal,111
"BEANS, GREEN",lovage,normal,111
"BEANS, GREEN",marjoram,recommended,111
"BEANS, GREEN",Mediterranean cuisine,normal,111
"BEANS, GREEN",mint,normal,111
"BEANS, GREEN",mushrooms,normal,111
"BEANS, GREEN","mustard, Dijon",normal,111
"BEANS, GREEN","mustard seeds, black",normal,111
"BEANS, GREEN",nuts,normal,111
"BEANS, GREEN","OIL: peanut, sesame",recommended,111
"BEANS, GREEN",OLIVE OIL,very_highly_recommended,111
"BEANS, GREEN","olives: black, niçoise",recommended,111
"BEANS, GREEN","ONIONS, esp. green, pearl, or red",very_highly_recommended,111
"BEANS, GREEN",oregano,normal,111
"BEANS, GREEN",pancetta,normal,111
"BEANS, GREEN","paprika: smoked, sweet",normal,111
"BEANS, GREEN",PARSLEY,very_highly_recommended,111
"BEANS, GREEN",peanuts,normal,111
"BEANS, GREEN","pepper: black, white",normal,111
"BEANS, GREEN",Pernod,normal,111
"BEANS, GREEN",pork,normal,111
"BEANS, GREEN",potatoes,recommended,111
"BEANS, GREEN",prosciutto,normal,111
"BEANS, GREEN",red pepper flakes,normal,111
"BEANS, GREEN",rosemary,normal,111
"BEANS, GREEN",sage,normal,111
"BEANS, GREEN","salt, kosher",recommended,111
"BEANS, GREEN","SAVORY, SUMMER",very_highly_recommended,111
"BEANS, GREEN",shallots,recommended,111
"BEANS, GREEN",shrimp,normal,111
"BEANS, GREEN",soy sauce,normal,111
"BEANS, GREEN","stock, chicken",normal,111
"BEANS, GREEN",sugar,normal,112
"BEANS, GREEN",tamari,normal,112
"BEANS, GREEN",tarragon,recommended,112
"BEANS, GREEN",thyme,recommended,112
"BEANS, GREEN",TOMATOES,very_highly_recommended,112
"BEANS, GREEN",vinaigrettes,normal,112
"BEANS, GREEN",walnuts,normal,112
"BEANS, GREEN",yogurt,normal,112
"BEANS, KIDNEY",bacon,normal,112
"BEANS, KIDNEY",bay leaf,recommended,112
"BEANS, KIDNEY","bell pepper, esp. red",normal,112
"BEANS, KIDNEY",cardamom,normal,112
"BEANS, KIDNEY",carrots,normal,112
"BEANS, KIDNEY",cayenne,normal,112
"BEANS, KIDNEY","chile peppers: dried red, fresh green",normal,112
"BEANS, KIDNEY",chili,normal,112
"BEANS, KIDNEY",chorizo,normal,112
"BEANS, KIDNEY",cinnamon,normal,112
"BEANS, KIDNEY",cloves,normal,112
"BEANS, KIDNEY",coriander,normal,112
"BEANS, KIDNEY",cumin,normal,112
"BEANS, KIDNEY",curry leaves,normal,112
"BEANS, KIDNEY",garam masala,normal,112
"BEANS, KIDNEY",garlic,recommended,112
"BEANS, KIDNEY",ginger,normal,112
"BEANS, KIDNEY",Indian cuisine,normal,112
"BEANS, KIDNEY","Italian cuisine, esp. Tuscan",normal,112
"BEANS, KIDNEY",olive oil,normal,112
"BEANS, KIDNEY","onions, esp. red, sweet, white",recommended,112
"BEANS, KIDNEY",PARSLEY,very_highly_recommended,112
"BEANS, KIDNEY","pepper, black",normal,113
"BEANS, KIDNEY",pork,normal,113
"BEANS, KIDNEY",potatoes,normal,113
"BEANS, KIDNEY",saffron,normal,113
"BEANS, KIDNEY",salt,normal,113
"BEANS, KIDNEY",sauerkraut,normal,113
"BEANS, KIDNEY",SAVORY,very_highly_recommended,113
"BEANS, KIDNEY",thyme,normal,113
"BEANS, KIDNEY",tomatoes,normal,113
"BEANS, KIDNEY",turmeric,normal,113
"BEANS, KIDNEY","wine, red",normal,113
"BEANS, LIMA",bacon,normal,113
"BEANS, LIMA",bay leaf,normal,113
"BEANS, LIMA",butter,recommended,113
"BEANS, LIMA",Central American cuisine,normal,113
"BEANS, LIMA",chile peppers,normal,113
"BEANS, LIMA",cilantro,recommended,113
"BEANS, LIMA",cream,normal,113
"BEANS, LIMA",cumin,normal,113
"BEANS, LIMA",curries,normal,113
"BEANS, LIMA",dill,normal,113
"BEANS, LIMA",fish,normal,113
"BEANS, LIMA",garlic,recommended,113
"BEANS, LIMA","greens, bitter",normal,113
"BEANS, LIMA",ham and ham hocks,normal,113
"BEANS, LIMA",herbs,recommended,113
"BEANS, LIMA",leeks,normal,113
"BEANS, LIMA","lemon, juice",recommended,113
"BEANS, LIMA",mint,normal,113
"BEANS, LIMA","New England cuisine (e.g., succotash)",normal,113
"BEANS, LIMA",olive oil,normal,113
"BEANS, LIMA",onions,normal,113
"BEANS, LIMA",oregano,normal,113
"BEANS, LIMA","PARSLEY, FLAT-LEAF",very_highly_recommended,113
"BEANS, LIMA","pepper, ground",normal,113
"BEANS, LIMA","poultry, esp. chicken",normal,114
"BEANS, LIMA",rosemary,normal,114
"BEANS, LIMA",sage,recommended,114
"BEANS, LIMA","salt, kosher",normal,114
"BEANS, LIMA",savory,normal,114
"BEANS, LIMA",shallots,normal,114
"BEANS, LIMA","shellfish (e.g., shrimp)",normal,114
"BEANS, LIMA",sorrel,normal,114
"BEANS, LIMA",soul food cuisine,normal,114
"BEANS, LIMA",Southern cuisine (American),normal,114
"BEANS, LIMA",spinach,normal,114
"BEANS, LIMA",steak,normal,114
"BEANS, LIMA",succotash (key ingredient),normal,114
"BEANS, LIMA",thyme,normal,114
"BEANS, LIMA",tomatoes and tomato sauce,normal,114
"BEANS, LIMA",tuna,normal,114
"BEANS, LIMA",vinegar,normal,114
"BEANS, NAVY",bacon,recommended,114
"BEANS, NAVY",baked beans,normal,114
"BEANS, NAVY",basil,normal,114
"BEANS, NAVY",bay leaf,normal,114
"BEANS, NAVY",cayenne,normal,114
"BEANS, NAVY","cheese: Parmesan, ricotta",normal,114
"BEANS, NAVY",chili powder,normal,114
"BEANS, NAVY",garlic,normal,114
"BEANS, NAVY",ketchup,recommended,114
"BEANS, NAVY",molasses,recommended,114
"BEANS, NAVY","mustard: Dijon, yellow",recommended,114
"BEANS, NAVY",olive oil,normal,114
"BEANS, NAVY","ONIONS, ESP. YELLOW",very_highly_recommended,114
"BEANS, NAVY",PARSLEY,very_highly_recommended,114
"BEANS, NAVY",pasta,normal,114
"BEANS, NAVY",pepper,normal,114
"BEANS, NAVY",salads,normal,114
"BEANS, NAVY","salt, kosher",recommended,114
"BEANS, NAVY",SAVORY,very_highly_recommended,114
"BEANS, NAVY",soups,normal,114
"BEANS, NAVY","sugar, brown",recommended,115
"BEANS, NAVY",thyme,normal,115
"BEANS, NAVY",tomatoes,normal,115
"BEANS, NAVY","vinegar, red wine",normal,115
"BEANS, PINTO",bacon,normal,115
"BEANS, PINTO","cheese: feta, queso fresco",normal,115
"BEANS, PINTO","chile peppers: chipotle, jalapeño, poblano, serrano",recommended,115
"BEANS, PINTO",chili,normal,115
"BEANS, PINTO",cilantro,recommended,115
"BEANS, PINTO",cumin,normal,115
"BEANS, PINTO",epazote,normal,115
"BEANS, PINTO",garlic,normal,115
"BEANS, PINTO","Mexican cuisine, esp. northern",recommended,115
"BEANS, PINTO",mint,normal,115
"BEANS, PINTO","oil: safflower, vegetable",normal,115
"BEANS, PINTO","onions, white",recommended,115
"BEANS, PINTO","oregano, dried",normal,115
"BEANS, PINTO",paprika,normal,115
"BEANS, PINTO",PARSLEY,very_highly_recommended,115
"BEANS, PINTO",pork,normal,115
"BEANS, PINTO",refried beans (key ingredient),normal,115
"BEANS, PINTO",SALT,very_highly_recommended,115
"BEANS, PINTO",SAVORY,very_highly_recommended,115
"BEANS, PINTO",scallions,normal,115
"BEANS, PINTO",sour cream,normal,115
"BEANS, PINTO",Southwestern cuisine,recommended,115
"BEANS, PINTO",tequila,normal,115
"BEANS, PINTO",tomatoes,normal,115
"BEANS, RED","bell peppers, esp. green",normal,116
"BEANS, RED",chile peppers,normal,116
"BEANS, RED",chili (key ingredient),normal,116
"BEANS, RED",chorizo,normal,116
"BEANS, RED",garlic,normal,116
"BEANS, RED",Mexican cuisine,normal,116
"BEANS, RED",olive oil,normal,116
"BEANS, RED",onions,normal,116
"BEANS, RED",PARSLEY,very_highly_recommended,116
"BEANS, RED",pork,normal,116
"BEANS, RED",sausage,normal,116
"BEANS, RED",SAVORY,very_highly_recommended,116
"BEANS, RED",Southwestern cuisine,normal,116
"BEANS, RED",stews,normal,116
"BEANS, WHITE (e.g., Cannellini, Navy)","ale or beer, dark",normal,116
"BEANS, WHITE (e.g., Cannellini, Navy)",ancho chili powder,normal,116
"BEANS, WHITE (e.g., Cannellini, Navy)","apricots, dried",normal,116
"BEANS, WHITE (e.g., Cannellini, Navy)",arugula,normal,116
"BEANS, WHITE (e.g., Cannellini, Navy)",bacon,normal,116
"BEANS, WHITE (e.g., Cannellini, Navy)",basil,normal,116
"BEANS, WHITE (e.g., Cannellini, Navy)",bay leaf,recommended,116
"BEANS, WHITE (e.g., Cannellini, Navy)",bouquet garni,normal,116
"BEANS, WHITE (e.g., Cannellini, Navy)",bourbon,normal,116
"BEANS, WHITE (e.g., Cannellini, Navy)",broccoli rabe,normal,116
"BEANS, WHITE (e.g., Cannellini, Navy)","the Wood-Burning Oven, with Spicy Sauce and Rice",recommended,116
"BEANS, WHITE (e.g., Cannellini, Navy)",Soup: White Bean Puree with Rosemary Oil,recommended,116
"BEANS, WHITE (e.g., Cannellini, Navy)","butter, unsalted",normal,116
"BEANS, WHITE (e.g., Cannellini, Navy)",carrots,normal,117
"BEANS, WHITE (e.g., Cannellini, Navy)",celery,normal,117
"BEANS, WHITE (e.g., Cannellini, Navy)","cheese: manchego, Parmesan, Pecorino Romano",normal,117
"BEANS, WHITE (e.g., Cannellini, Navy)","chile peppers, dried",normal,117
"BEANS, WHITE (e.g., Cannellini, Navy)",chives,normal,117
"BEANS, WHITE (e.g., Cannellini, Navy)",cloves,normal,117
"BEANS, WHITE (e.g., Cannellini, Navy)",cream,normal,117
"BEANS, WHITE (e.g., Cannellini, Navy)",fennel,normal,117
"BEANS, WHITE (e.g., Cannellini, Navy)",GARLIC,very_highly_recommended,117
"BEANS, WHITE (e.g., Cannellini, Navy)","ginger, ground",normal,117
"BEANS, WHITE (e.g., Cannellini, Navy)",Italian cuisine,recommended,117
"BEANS, WHITE (e.g., Cannellini, Navy)",ham,normal,117
"BEANS, WHITE (e.g., Cannellini, Navy)",lamb,normal,117
"BEANS, WHITE (e.g., Cannellini, Navy)","lemon, juice",normal,117
"BEANS, WHITE (e.g., Cannellini, Navy)",maple syrup,normal,117
"BEANS, WHITE (e.g., Cannellini, Navy)","mirepoix (carrots, celery, onions)",normal,117
"BEANS, WHITE (e.g., Cannellini, Navy)",molasses,normal,117
"BEANS, WHITE (e.g., Cannellini, Navy)","mushrooms, wild",normal,117
"BEANS, WHITE (e.g., Cannellini, Navy)","mustard, dry",normal,117
"BEANS, WHITE (e.g., Cannellini, Navy)","OIL, peanut",recommended,117
"BEANS, WHITE (e.g., Cannellini, Navy)",OLIVE OIL,very_highly_recommended,117
"BEANS, WHITE (e.g., Cannellini, Navy)","ONIONS (e.g., cipollini, red, sweet)",very_highly_recommended,117
"BEANS, WHITE (e.g., Cannellini, Navy)","PARSLEY, FLAT-LEAF",very_highly_recommended,117
"BEANS, WHITE (e.g., Cannellini, Navy)",pasta,normal,117
"BEANS, WHITE (e.g., Cannellini, Navy)","PEPPER: black, white",recommended,117
"BEANS, WHITE (e.g., Cannellini, Navy)",pork,normal,117
"BEANS, WHITE (e.g., Cannellini, Navy)",prosciutto,normal,117
"BEANS, WHITE (e.g., Cannellini, Navy)",red pepper flakes,normal,117
"BEANS, WHITE (e.g., Cannellini, Navy)",rosemary,recommended,117
"BEANS, WHITE (e.g., Cannellini, Navy)","rum, dark",normal,117
"BEANS, WHITE (e.g., Cannellini, Navy)",sage,normal,117
"BEANS, WHITE (e.g., Cannellini, Navy)","SALT: KOSHER, SEA",very_highly_recommended,117
"BEANS, WHITE (e.g., Cannellini, Navy)",SAVORY,very_highly_recommended,117
"BEANS, WHITE (e.g., Cannellini, Navy)",shallots,normal,117
"BEANS, WHITE (e.g., Cannellini, Navy)",soups,normal,117
"BEANS, WHITE (e.g., Cannellini, Navy)","squash, winter",normal,117
"BEANS, WHITE (e.g., Cannellini, Navy)","stocks: chicken, vegetable",normal,117
"BEANS, WHITE (e.g., Cannellini, Navy)","sugar, brown",normal,117
"BEANS, WHITE (e.g., Cannellini, Navy)",tarragon,normal,117
"BEANS, WHITE (e.g., Cannellini, Navy)",thyme,recommended,117
"BEANS, WHITE (e.g., Cannellini, Navy)",tomatoes and tomato paste,normal,117
"BEANS, WHITE (e.g., Cannellini, Navy)",truffles,normal,117
"BEANS, WHITE (e.g., Cannellini, Navy)","vinegar: balsamic, cider, red wine",recommended,117
"BEANS, WHITE (e.g., Cannellini, Navy)","wine, dry white",normal,117
BEEF — IN GENERAL,allspice,normal,118
BEEF — IN GENERAL,bacon,normal,118
BEEF — IN GENERAL,basil,normal,118
BEEF — IN GENERAL,bay leaf,normal,118
BEEF — IN GENERAL,"beans, green",normal,118
BEEF — IN GENERAL,béarnaise sauce,normal,118
BEEF — IN GENERAL,beer,normal,118
BEEF — IN GENERAL,bouquet garni,normal,118
BEEF — IN GENERAL,brandy,normal,118
BEEF — IN GENERAL,"butter, unsalted",normal,118
BEEF — IN GENERAL,capers,normal,118
BEEF — IN GENERAL,carrots,normal,118
BEEF — IN GENERAL,cayenne,normal,118
BEEF — IN GENERAL,celery,normal,118
BEEF — IN GENERAL,"cheese, blue (e.g., Cabrales)",normal,118
BEEF — IN GENERAL,"chiles, esp. dried and pasilla",normal,118
BEEF — IN GENERAL,chives,normal,118
BEEF — IN GENERAL,chocolate and cocoa powder,normal,118
BEEF — IN GENERAL,cilantro,normal,118
BEEF — IN GENERAL,cinnamon,normal,118
BEEF — IN GENERAL,cloves,recommended,118
BEEF — IN GENERAL,coffee and espresso,normal,118
BEEF — IN GENERAL,cognac,normal,118
BEEF — IN GENERAL,coriander,recommended,118
BEEF — IN GENERAL,corn,normal,118
BEEF — IN GENERAL,cornichons,normal,118
BEEF — IN GENERAL,cream,normal,118
BEEF — IN GENERAL,cumin,normal,118
BEEF — IN GENERAL,curry,normal,118
BEEF — IN GENERAL,"fat: chicken, goose",normal,118
BEEF — IN GENERAL,foie gras,normal,119
BEEF — IN GENERAL,GARLIC,very_highly_recommended,119
BEEF — IN GENERAL,ginger,normal,119
BEEF — IN GENERAL,herbs,normal,119
BEEF — IN GENERAL,horseradish,normal,119
BEEF — IN GENERAL,hyssop,normal,119
BEEF — IN GENERAL,leeks,normal,119
BEEF — IN GENERAL,"marrow, beef",normal,119
BEEF — IN GENERAL,mint,normal,119
BEEF — IN GENERAL,"miso, red",normal,119
BEEF — IN GENERAL,"mushrooms, esp. porcini or shiitake",recommended,119
BEEF — IN GENERAL,"mustard, Dijon",normal,119
BEEF — IN GENERAL,Sauce,recommended,119
BEEF — IN GENERAL,Ground Beef with Cream and Fenugreek on Yucca,recommended,119
BEEF — IN GENERAL,crazy for it.,normal,120
BEEF — IN GENERAL,"oil: canola, sesame",recommended,120
BEEF — IN GENERAL,olive oil,normal,120
BEEF — IN GENERAL,"ONIONS: green, red, Spanish, yellow",recommended,120
BEEF — IN GENERAL,orange,normal,120
BEEF — IN GENERAL,oregano,normal,120
BEEF — IN GENERAL,"parsley, flat-leaf",normal,120
BEEF — IN GENERAL,"PEPPER: BLACK, white",recommended,120
BEEF — IN GENERAL,potatoes,recommended,120
BEEF — IN GENERAL,red pepper flakes,normal,120
BEEF — IN GENERAL,rosemary,normal,120
BEEF — IN GENERAL,saffron,normal,120
BEEF — IN GENERAL,"salt:fleur de sel, kosher",recommended,120
BEEF — IN GENERAL,shallots,normal,120
BEEF — IN GENERAL,soy sauce,normal,120
BEEF — IN GENERAL,spinach (accompaniment),normal,120
BEEF — IN GENERAL,"stocks: beef, chicken, veal",normal,120
BEEF — IN GENERAL,sugar (pinch),normal,120
BEEF — IN GENERAL,tarragon,normal,120
BEEF — IN GENERAL,thyme,normal,120
BEEF — IN GENERAL,tomatoes and tomato paste,recommended,120
BEEF — IN GENERAL,truffles,normal,120
BEEF — IN GENERAL,turnips,normal,120
BEEF — IN GENERAL,vinaigrette,normal,120
BEEF — IN GENERAL,"vinegar: cider, red wine, rice wine, sherry, tarragon",normal,120
BEEF — IN GENERAL,"wine: red (e.g., Cabernet Sauvignon, Merlot), Madeira",recommended,120
BEEF — IN GENERAL,zucchini,normal,120
BEEF — BRISKET,barbecue rub,normal,121
BEEF — BRISKET,barbecue sauce,recommended,121
BEEF — BRISKET,bay leaf,normal,121
BEEF — BRISKET,beer,normal,121
BEEF — BRISKET,"cabbage, with corned beef brisket",recommended,121
BEEF — BRISKET,chili powder,normal,121
BEEF — BRISKET,cinnamon,normal,121
BEEF — BRISKET,cumin,normal,121
BEEF — BRISKET,fennel seeds,normal,121
BEEF — BRISKET,garlic,recommended,121
BEEF — BRISKET,horseradish,normal,121
BEEF — BRISKET,maple syrup,normal,121
BEEF — BRISKET,mirepoix,normal,121
BEEF — BRISKET,mustard,normal,121
BEEF — BRISKET,olive oil,normal,121
BEEF — BRISKET,onions,recommended,121
BEEF — BRISKET,pasilla peppers,normal,121
BEEF — BRISKET,"pepper, black",normal,121
BEEF — BRISKET,potatoes,recommended,121
BEEF — BRISKET,rosemary,normal,121
BEEF — BRISKET,salt,normal,121
BEEF — BRISKET,soups,normal,121
BEEF — BRISKET,star anise,normal,121
BEEF — BRISKET,stews,normal,121
BEEF — BRISKET,"stock, beef",recommended,121
BEEF — BRISKET,"sugar, brown",recommended,121
BEEF — BRISKET,thyme,recommended,121
BEEF — BRISKET,tomatoes and tomato paste,recommended,121
BEEF — BRISKET,"vinegar: sherry, wine",recommended,121
BEEF — BRISKET,"wine, red",recommended,121
BEEF — CHEEKS,apples,normal,122
BEEF — CHEEKS,bay leaf,normal,122
BEEF — CHEEKS,"butter, unsalted",normal,122
BEEF — CHEEKS,carrots,normal,122
BEEF — CHEEKS,celery,normal,122
BEEF — CHEEKS,celery root,recommended,122
BEEF — CHEEKS,chives,normal,122
BEEF — CHEEKS,cinnamon,normal,122
BEEF — CHEEKS,cloves,normal,122
BEEF — CHEEKS,garlic,recommended,122
BEEF — CHEEKS,horseradish,recommended,122
BEEF — CHEEKS,leeks,normal,122
BEEF — CHEEKS,mustard,normal,122
BEEF — CHEEKS,"oil, peanut",normal,122
BEEF — CHEEKS,onions,normal,122
BEEF — CHEEKS,"pasta (e.g., gnocchi, ravioli)",normal,122
BEEF — CHEEKS,"pepper, black",normal,122
BEEF — CHEEKS,"potatoes, esp. mashed and/or new",normal,122
BEEF — CHEEKS,risotto,normal,122
BEEF — CHEEKS,rosemary,normal,122
BEEF — CHEEKS,"salt, kosher",normal,122
BEEF — CHEEKS,"stock, chicken",normal,122
BEEF — CHEEKS,tarragon,normal,122
BEEF — CHEEKS,"thyme, fresh",recommended,122
BEEF — CHEEKS,tomatoes,normal,122
BEEF — CHEEKS,"vegetables, root",normal,122
BEEF — CHEEKS,"vinegar, balsamic",normal,122
BEEF — CHEEKS,"wine, red (e.g., Burgundy)",recommended,122
BEEF — KOBE,arugula,normal,122
BEEF — KOBE,"cheese, Parmesan",normal,122
BEEF — KOBE,chives,normal,122
BEEF — KOBE,garlic,normal,122
BEEF — KOBE,ginger,normal,122
BEEF — KOBE,horseradish,normal,123
BEEF — KOBE,Japanese cuisine,normal,123
BEEF — KOBE,Madeira,normal,123
BEEF — KOBE,mushrooms,normal,123
BEEF — KOBE,"oil, sesame",normal,123
BEEF — KOBE,olive oil,normal,123
BEEF — KOBE,onions,normal,123
BEEF — KOBE,"pepper, black",normal,123
BEEF — KOBE,"salt, sea",normal,123
BEEF — KOBE,sesame seeds,normal,123
BEEF — KOBE,soy sauce,normal,123
BEEF — KOBE,"truffles, black",normal,123
BEEF — KOBE,yuzu juice,normal,123
"BEEF — LOIN (aka shell, sirloin, tenderloin)","butter, unsalted",normal,123
"BEEF — LOIN (aka shell, sirloin, tenderloin)",five-spice powder,normal,123
"BEEF — LOIN (aka shell, sirloin, tenderloin)",ginger,normal,123
"BEEF — LOIN (aka shell, sirloin, tenderloin)","oil, peanut",normal,123
"BEEF — LOIN (aka shell, sirloin, tenderloin)",paprika,normal,123
"BEEF — LOIN (aka shell, sirloin, tenderloin)","pepper: black, white",recommended,123
"BEEF — LOIN (aka shell, sirloin, tenderloin)","rosemary, fresh",normal,123
"BEEF — LOIN (aka shell, sirloin, tenderloin)","salt: kosher, sea",normal,123
"BEEF — LOIN (aka shell, sirloin, tenderloin)",sauces,normal,123
"BEEF — LOIN (aka shell, sirloin, tenderloin)",soy sauce,normal,123
"BEEF — LOIN (aka shell, sirloin, tenderloin)","thyme, fresh",normal,123
"BEEF — LOIN (aka shell, sirloin, tenderloin)",wasabi,normal,123
BEEF — OXTAILS,allspice,normal,123
BEEF — OXTAILS,anise,normal,123
BEEF — OXTAILS,basil,normal,123
BEEF — OXTAILS,bay leaf,normal,123
BEEF — OXTAILS,"beans, esp. white",normal,123
BEEF — OXTAILS,beer,normal,123
BEEF — OXTAILS,bell peppers,normal,123
BEEF — OXTAILS,"cheese: Asiago, pecorino",normal,123
BEEF — OXTAILS,garlic,normal,124
BEEF — OXTAILS,ginger,normal,124
BEEF — OXTAILS,gnocchi,normal,124
BEEF — OXTAILS,leeks,normal,124
BEEF — OXTAILS,Madeira,normal,124
BEEF — OXTAILS,mushrooms,recommended,124
BEEF — OXTAILS,mustard,normal,124
BEEF — OXTAILS,olive oil,normal,124
BEEF — OXTAILS,ONIONS,very_highly_recommended,124
BEEF — OXTAILS,orange,normal,124
BEEF — OXTAILS,"parsley, flat-leaf",normal,124
BEEF — OXTAILS,parsnips,normal,124
BEEF — OXTAILS,"pasta (e.g., ravioli, tortellini)",normal,124
BEEF — OXTAILS,"pepper, black",normal,124
BEEF — OXTAILS,"potatoes, esp. mashed",normal,124
BEEF — OXTAILS,risotto,normal,124
BEEF — OXTAILS,salt,normal,124
BEEF — OXTAILS,scallops,normal,124
BEEF — OXTAILS,shallots,normal,124
BEEF — OXTAILS,soups,normal,124
BEEF — OXTAILS,stews,normal,124
BEEF — OXTAILS,"stocks: beef, chicken",normal,124
BEEF — OXTAILS,thyme,recommended,124
BEEF — OXTAILS,tomatoes and tomato sauce,recommended,124
BEEF — OXTAILS,"WINE, RED",very_highly_recommended,124
BEEF — OXTAILS,"wine, white",recommended,124
BEEF — RIBS,barbecue sauce,normal,124
BEEF — RIBS,spice rub,normal,124
BEEF — ROAST,brandy,normal,125
BEEF — ROAST,chocolate,normal,125
BEEF — ROAST,coffee,normal,125
BEEF — ROAST,garlic,normal,125
BEEF — ROAST,horseradish,normal,125
BEEF — ROAST,"mushrooms, wild",normal,125
BEEF — ROAST,rosemary,normal,125
BEEF — ROAST,"sauces: béarnaise, red wine (esp. Madeira or port)",normal,125
BEEF — ROAST,soy sauce,normal,125
BEEF — ROAST,thyme,normal,125
BEEF — ROAST,"wine, red",normal,125
BEEF — ROUND,"bell peppers: red, green",normal,125
BEEF — ROUND,chili powder,normal,125
BEEF — ROUND,cilantro,normal,125
BEEF — ROUND,cumin,normal,125
BEEF — ROUND,garlic,normal,125
BEEF — ROUND,"lime, juice",normal,125
BEEF — ROUND,olive oil,normal,125
BEEF — ROUND,"onions, red",normal,125
BEEF — ROUND,parsley,normal,125
BEEF — ROUND,radishes,normal,125
BEEF — ROUND,Tabasco sauce,normal,125
BEEF — SHANK,garlic,normal,125
BEEF — SHANK,ginger,normal,125
BEEF — SHANK,lemon,normal,125
BEEF — SHANK,"onions, green",normal,125
BEEF — SHANK,paprika,normal,125
BEEF — SHANK,"pepper, black",normal,125
BEEF — SHANK,sesame oil,normal,125
BEEF — SHANK,soy sauce,normal,126
BEEF — SHANK,sugar,normal,126
BEEF — SHANK,beefy chewiness of the strip steak.,normal,126
BEEF — SHORT RIBS,bacon,normal,126
BEEF — SHORT RIBS,basil,normal,126
BEEF — SHORT RIBS,bay leaf,recommended,126
BEEF — SHORT RIBS,beer or ale,normal,126
BEEF — SHORT RIBS,"butter, unsalted",normal,126
BEEF — SHORT RIBS,carrots,recommended,126
BEEF — SHORT RIBS,"celery: stalk, leaves",recommended,126
BEEF — SHORT RIBS,celery root,normal,126
BEEF — SHORT RIBS,chervil,normal,126
BEEF — SHORT RIBS,"chile peppers, esp. hot cherry",normal,126
BEEF — SHORT RIBS,chives,normal,126
BEEF — SHORT RIBS,cilantro,normal,126
BEEF — SHORT RIBS,cinnamon,normal,126
BEEF — SHORT RIBS,coriander,normal,126
BEEF — SHORT RIBS,garam masala (Indian cuisine),normal,126
BEEF — SHORT RIBS,GARLIC,very_highly_recommended,126
BEEF — SHORT RIBS,ginger,normal,126
BEEF — SHORT RIBS,gremolata,normal,126
BEEF — SHORT RIBS,grits,normal,126
BEEF — SHORT RIBS,horseradish,normal,126
BEEF — SHORT RIBS,leeks,normal,126
BEEF — SHORT RIBS,"lemon: juice, zest",normal,126
BEEF — SHORT RIBS,lime,normal,126
BEEF — SHORT RIBS,mirepoix,normal,126
BEEF — SHORT RIBS,"mushrooms: porcini, wild",recommended,126
BEEF — SHORT RIBS,"mustard: Dijon, Meaux",normal,126
BEEF — SHORT RIBS,molasses,normal,126
BEEF — SHORT RIBS,olive oil,normal,127
BEEF — SHORT RIBS,"ONIONS, esp. green, pearl, white, or yellow",very_highly_recommended,127
BEEF — SHORT RIBS,"orange: juice, zest",normal,127
BEEF — SHORT RIBS,oregano,normal,127
BEEF — SHORT RIBS,"parsley, flat-leaf",recommended,127
BEEF — SHORT RIBS,parsnips,normal,127
BEEF — SHORT RIBS,peas,normal,127
BEEF — SHORT RIBS,Cinnamon,recommended,127
BEEF — SHORT RIBS,"PEPPER: black, Szechuan, white",recommended,127
BEEF — SHORT RIBS,"potatoes, esp. mashed",recommended,127
BEEF — SHORT RIBS,prosciutto,normal,127
BEEF — SHORT RIBS,rosemary,normal,127
BEEF — SHORT RIBS,sage,normal,127
BEEF — SHORT RIBS,"salt, kosher",recommended,127
BEEF — SHORT RIBS,savory,normal,127
BEEF — SHORT RIBS,shallots,normal,127
BEEF — SHORT RIBS,"sherry, dry",normal,127
BEEF — SHORT RIBS,soy sauce,normal,127
BEEF — SHORT RIBS,star anise,normal,127
BEEF — SHORT RIBS,"STOCK: BEEF, CHICKEN, VEAL",very_highly_recommended,127
BEEF — SHORT RIBS,"sugar: brown, white (pinch)",normal,127
BEEF — SHORT RIBS,tamarind,normal,127
BEEF — SHORT RIBS,tarragon,normal,127
BEEF — SHORT RIBS,"THYME, FRESH",very_highly_recommended,127
BEEF — SHORT RIBS,"tomatoes, tomato paste, and tomato sauce",normal,127
BEEF — SHORT RIBS,turnips (accompaniment),normal,127
BEEF — SHORT RIBS,"vinegar: balsamic, sherry",recommended,127
BEEF — SHORT RIBS,"wine, white, esp. fruity",recommended,127
BEEF — SHORT RIBS,Worcestershire sauce,normal,127
BEEF — SHORT RIBS,Slow-Roasted Short Ribs with Stone-Ground Grits,recommended,128
BEEF — SHORT RIBS,"Haricots Verts, and Cabernet Sauce",recommended,128
BEEF — SHORT RIBS,Salad,recommended,128
BEEF — SHORT RIBS,Quinoa and Swiss Chard,recommended,128
BEEF — STEAK: IN GENERAL,aligot (French garlic-cheesy pureed potatoes),normal,129
BEEF — STEAK: IN GENERAL,allspice,normal,129
BEEF — STEAK: IN GENERAL,arugula,normal,129
BEEF — STEAK: IN GENERAL,basil,normal,129
BEEF — STEAK: IN GENERAL,bay leaf,normal,129
BEEF — STEAK: IN GENERAL,béarnaise sauce,normal,129
BEEF — STEAK: IN GENERAL,brandy,normal,129
BEEF — STEAK: IN GENERAL,"butter, unsalted",recommended,129
BEEF — STEAK: IN GENERAL,capers,normal,129
BEEF — STEAK: IN GENERAL,cayenne,normal,129
BEEF — STEAK: IN GENERAL,celery root,normal,129
BEEF — STEAK: IN GENERAL,chard,normal,129
BEEF — STEAK: IN GENERAL,"cheese, Parmesan",normal,129
BEEF — STEAK: IN GENERAL,chile peppers,normal,129
BEEF — STEAK: IN GENERAL,chives,recommended,129
BEEF — STEAK: IN GENERAL,cilantro,normal,129
BEEF — STEAK: IN GENERAL,cloves,normal,129
BEEF — STEAK: IN GENERAL,cognac,normal,129
BEEF — STEAK: IN GENERAL,coriander,normal,129
BEEF — STEAK: IN GENERAL,cream,normal,129
BEEF — STEAK: IN GENERAL,cumin,normal,129
BEEF — STEAK: IN GENERAL,five-spice powder,normal,129
BEEF — STEAK: IN GENERAL,"fish sauce, Thai",normal,129
BEEF — STEAK: IN GENERAL,GARLIC,very_highly_recommended,129
BEEF — STEAK: IN GENERAL,"ginger, fresh",recommended,130
BEEF — STEAK: IN GENERAL,"herbs, esp. herbes de Provence",normal,130
BEEF — STEAK: IN GENERAL,honey,normal,130
BEEF — STEAK: IN GENERAL,horseradish,normal,130
BEEF — STEAK: IN GENERAL,juniper berries,normal,130
BEEF — STEAK: IN GENERAL,"lemon: juice, zest",normal,130
BEEF — STEAK: IN GENERAL,lemongrass,normal,130
BEEF — STEAK: IN GENERAL,"lime, juice",normal,130
BEEF — STEAK: IN GENERAL,marrow,normal,130
BEEF — STEAK: IN GENERAL,"mushrooms (e.g., chanterelles, cremini, shiitake)",recommended,130
BEEF — STEAK: IN GENERAL,"mustard, Dijon",recommended,130
BEEF — STEAK: IN GENERAL,"oil: canola, grapeseed, sesame, vegetable",recommended,130
BEEF — STEAK: IN GENERAL,olive oil,normal,130
BEEF — STEAK: IN GENERAL,"onions: red, white",normal,130
BEEF — STEAK: IN GENERAL,"parsley, flat-leaf",recommended,130
BEEF — STEAK: IN GENERAL,"PEPPER: black, green, pink, Szechuan, white",recommended,130
BEEF — STEAK: IN GENERAL,port,normal,130
BEEF — STEAK: IN GENERAL,"potatoes, French fries",recommended,130
BEEF — STEAK: IN GENERAL,red pepper flakes,normal,130
BEEF — STEAK: IN GENERAL,rice,normal,130
BEEF — STEAK: IN GENERAL,rosemary,normal,130
BEEF — STEAK: IN GENERAL,"salt, kosher",normal,130
BEEF — STEAK: IN GENERAL,scallions,normal,130
BEEF — STEAK: IN GENERAL,shallots,recommended,130
BEEF — STEAK: IN GENERAL,"sherry, dry",normal,130
BEEF — STEAK: IN GENERAL,soy sauce,normal,130
BEEF — STEAK: IN GENERAL,"stocks: beef, veal",normal,130
BEEF — STEAK: IN GENERAL,sugar (pinch),normal,130
BEEF — STEAK: IN GENERAL,tamarind,normal,130
BEEF — STEAK: IN GENERAL,tarragon,normal,130
BEEF — STEAK: IN GENERAL,thyme,normal,130
BEEF — STEAK: IN GENERAL,watercress,normal,130
BEEF — STEAK: IN GENERAL,"WINE, DRY RED (e.g., Beaujolais, Chianti)",very_highly_recommended,130
BEEF — STEAK: CHUCK,25 percent fat.,normal,131
BEEF — STEAK: FILET MIGNON (aka Beef Tenderloin),bacon,normal,131
BEEF — STEAK: FILET MIGNON (aka Beef Tenderloin),"butter, unsalted",recommended,131
BEEF — STEAK: FILET MIGNON (aka Beef Tenderloin),cognac,normal,131
BEEF — STEAK: FILET MIGNON (aka Beef Tenderloin),cream,normal,131
BEEF — STEAK: FILET MIGNON (aka Beef Tenderloin),foie gras,normal,131
BEEF — STEAK: FILET MIGNON (aka Beef Tenderloin),garlic,normal,131
BEEF — STEAK: FILET MIGNON (aka Beef Tenderloin),leeks,normal,131
BEEF — STEAK: FILET MIGNON (aka Beef Tenderloin),"mushrooms, esp. morels, porcini",recommended,131
BEEF — STEAK: FILET MIGNON (aka Beef Tenderloin),"oil, peanut",normal,131
BEEF — STEAK: FILET MIGNON (aka Beef Tenderloin),olive oil,normal,131
BEEF — STEAK: FILET MIGNON (aka Beef Tenderloin),onions,normal,131
BEEF — STEAK: FILET MIGNON (aka Beef Tenderloin),"pepper: black, green",recommended,131
BEEF — STEAK: FILET MIGNON (aka Beef Tenderloin),port,normal,131
BEEF — STEAK: FILET MIGNON (aka Beef Tenderloin),potatoes,normal,131
BEEF — STEAK: FILET MIGNON (aka Beef Tenderloin),rosemary,normal,131
BEEF — STEAK: FILET MIGNON (aka Beef Tenderloin),salt,normal,131
BEEF — STEAK: FILET MIGNON (aka Beef Tenderloin),shallots,recommended,131
BEEF — STEAK: FILET MIGNON (aka Beef Tenderloin),sherry,normal,131
BEEF — STEAK: FILET MIGNON (aka Beef Tenderloin),"stocks: beef, mushroom, veal",recommended,131
BEEF — STEAK: FILET MIGNON (aka Beef Tenderloin),thyme,normal,131
BEEF — STEAK: FILET MIGNON (aka Beef Tenderloin),"vinegar, balsamic",normal,131
BEEF — STEAK: FILET MIGNON (aka Beef Tenderloin),"wine: dry red, Madeira",normal,131
BEEF — STEAK: FLANK,"chile peppers, esp. chipotle or jalapeño",recommended,131
BEEF — STEAK: FLANK,cilantro,normal,131
BEEF — STEAK: FLANK,cumin,recommended,132
BEEF — STEAK: FLANK,garlic,recommended,132
BEEF — STEAK: FLANK,hoisin sauce,normal,132
BEEF — STEAK: FLANK,honey,normal,132
BEEF — STEAK: FLANK,"lime, juice",normal,132
BEEF — STEAK: FLANK,molasses,normal,132
BEEF — STEAK: FLANK,"mustard, brown",normal,132
BEEF — STEAK: FLANK,"oil: peanut, sesame",normal,132
BEEF — STEAK: FLANK,olive oil,normal,132
BEEF — STEAK: FLANK,oregano,recommended,132
BEEF — STEAK: FLANK,"salsa, esp. tomato",recommended,132
BEEF — STEAK: FLANK,salt,normal,132
BEEF — STEAK: FLANK,soy sauce,recommended,132
BEEF — STEAK: FLANK,"Potatoes, Niçoise Olive Jus",recommended,132
BEEF — STEAK: FLANK,Lemon Cream,recommended,132
BEEF — STEAK: FLANK,sugar,normal,133
BEEF — STEAK: FLANK,thyme,normal,133
BEEF — STEAK: FLANK,"vinegar, balsamic",normal,133
BEEF — STEAK: HANGER,bell peppers,normal,133
BEEF — STEAK: HANGER,brandy,normal,133
BEEF — STEAK: HANGER,celery root,normal,133
BEEF — STEAK: HANGER,ginger,normal,133
BEEF — STEAK: HANGER,mushrooms,normal,133
BEEF — STEAK: HANGER,mustard,normal,133
BEEF — STEAK: HANGER,onions,normal,133
BEEF — STEAK: HANGER,parsnips,normal,133
BEEF — STEAK: HANGER,"pepper, black",normal,133
BEEF — STEAK: HANGER,salsa verde,normal,133
BEEF — STEAK: HANGER,scallions,normal,133
BEEF — STEAK: HANGER,soy sauce,normal,133
BEEF — STEAK: HANGER,thyme,normal,133
BEEF — STEAK: HANGER,"wine, red",normal,133
BEEF — STEAK: RIB EYE,garlic,normal,134
BEEF — STEAK: RIB EYE,"mushrooms, porcini (dried)",normal,134
BEEF — STEAK: RIB EYE,olive oil,normal,134
BEEF — STEAK: RIB EYE,oregano,normal,134
BEEF — STEAK: RIB EYE,"pepper, black",normal,134
BEEF — STEAK: RIB EYE,red pepper flakes,normal,134
BEEF — STEAK: RIB EYE,rosemary,normal,134
BEEF — STEAK: RIB EYE,"vinegar: balsamic, red wine",normal,134
BEEF — STEAK: SKIRT,allspice,normal,134
BEEF — STEAK: SKIRT,anchovies,normal,134
BEEF — STEAK: SKIRT,butter,normal,134
BEEF — STEAK: SKIRT,capers,normal,134
BEEF — STEAK: SKIRT,"chile peppers, ancho",normal,134
BEEF — STEAK: SKIRT,cinnamon,normal,134
BEEF — STEAK: SKIRT,cumin,normal,134
BEEF — STEAK: SKIRT,"endive, Belgian",normal,134
BEEF — STEAK: SKIRT,garlic,recommended,134
BEEF — STEAK: SKIRT,"lime: juice, zest",normal,134
BEEF — STEAK: SKIRT,mustard,normal,134
BEEF — STEAK: SKIRT,"oil, canola",normal,134
BEEF — STEAK: SKIRT,olive oil,normal,134
BEEF — STEAK: SKIRT,"onions, red",normal,135
BEEF — STEAK: SKIRT,oregano,normal,135
BEEF — STEAK: SKIRT,paprika,normal,135
BEEF — STEAK: SKIRT,"parsley, flat-leaf",normal,135
BEEF — STEAK: SKIRT,red pepper flakes,normal,135
BEEF — STEAK: SKIRT,rosemary,normal,135
BEEF — STEAK: SKIRT,"salt: kosher, sea",normal,135
BEEF — STEAK: SKIRT,scallions,normal,135
BEEF — STEAK: SKIRT,soy sauce,normal,135
BEEF — STEAK: SKIRT,thyme,normal,135
BEEF — STEAK: SKIRT,"vinegar, balsamic",normal,135
BEEF — STEAK: SKIRT,Steak,recommended,135
BEEF — STEAK: SKIRT,harvest and lemons on the side.,normal,135
BEEF — STEAK: SKIRT,increasingly dry and tough.,normal,135
BEER,beef,normal,136
BEER,"cheese, cheddar",normal,137
BEER,ham,normal,137
BEER,marinades,normal,137
BEER,meats,normal,137
BEER,onions,normal,137
BEER,pork,normal,137
BEER,sauces,normal,137
BEER,sauerkraut,normal,137
BEER,sausages,normal,137
BEER,shrimp,normal,137
BEER,stews,normal,137
BEETS,apples,recommended,137
BEETS,arugula,normal,137
BEETS,avocado,normal,137
BEETS,basil,recommended,137
BEETS,"beans, green",normal,137
BEETS,beef,normal,137
BEETS,beet greens,normal,137
BEETS,"BUTTER, UNSALTED",very_highly_recommended,137
BEETS,cabbage,normal,137
BEETS,capers,normal,137
BEETS,caraway seeds,recommended,137
BEETS,carrots,normal,137
BEETS,caviar,normal,137
BEETS,celery,normal,137
BEETS,"CHEESE: blue, cambozola, cheddar, GOAT, PARMESAN, ROQUEFORT, SALTY",recommended,137
BEETS,chervil,recommended,137
BEETS,chicory,normal,137
BEETS,chiles,normal,137
BEETS,chives,recommended,137
BEETS,cilantro,normal,137
BEETS,citrus,normal,137
BEETS,coriander,normal,137
BEETS,cream,normal,137
BEETS,crème fraîche,normal,137
BEETS,cumin,normal,138
BEETS,curry,normal,138
BEETS,dill,recommended,138
BEETS,"eggs, hard-boiled",normal,138
BEETS,endive,normal,138
BEETS,escarole,normal,138
BEETS,fennel,normal,138
BEETS,fennel seeds,normal,138
BEETS,fish,normal,138
BEETS,French cuisine,normal,138
BEETS,frisée,normal,138
BEETS,garlic,recommended,138
BEETS,ginger,normal,138
BEETS,herbs,normal,138
BEETS,honey,recommended,138
BEETS,herring,normal,138
BEETS,horseradish,recommended,138
BEETS,leeks,normal,138
BEETS,"LEMON: juice, zest",recommended,138
BEETS,lemon balm,normal,138
BEETS,lemon thyme,normal,138
BEETS,lemon verbena,normal,138
BEETS,lime,normal,138
BEETS,maple syrup,normal,138
BEETS,milk,normal,138
BEETS,mint,recommended,138
BEETS,"mushrooms (e.g., shiitake)",normal,138
BEETS,"MUSTARD, DIJON",very_highly_recommended,138
BEETS,mustard oil,normal,138
BEETS,nutmeg,normal,138
BEETS,"oil: canola, peanut, vegetable, walnut",recommended,138
BEETS,OLIVE OIL,very_highly_recommended,138
BEETS,"olives, esp. niçoise",normal,138
BEETS,"onions: red, white, yellow",recommended,138
BEETS,"ORANGE: JUICE, ZEST",very_highly_recommended,138
BEETS,"parsley, flat-leaf",recommended,138
BEETS,pasta,normal,138
BEETS,pears,normal,138
BEETS,"PEPPER: BLACK, WHITE",very_highly_recommended,138
BEETS,pistachios,recommended,138
BEETS,potatoes,normal,138
BEETS,radishes,normal,138
BEETS,rosemary,normal,138
BEETS,Russian cuisine,normal,138
BEETS,"salads, esp. green",normal,138
BEETS,"SALT: kosher, sea",recommended,139
BEETS,scallions,normal,139
BEETS,SHALLOTS,very_highly_recommended,139
BEETS,sherry,normal,139
BEETS,"soups, esp. borscht",normal,139
BEETS,sour cream,recommended,139
BEETS,spinach,normal,139
BEETS,"stocks: chicken, veal, vegetable",normal,139
BEETS,"sugar: brown, white",recommended,139
BEETS,TARRAGON,very_highly_recommended,139
BEETS,thyme,normal,139
BEETS,"vinaigrette, mustard",normal,139
BEETS,vodka,normal,139
BEETS,WALNUTS AND WALNUT OIL,very_highly_recommended,139
BEETS,"wine, white",normal,139
BEETS,yogurt,recommended,139
BELGIAN CUISINE,almonds,normal,141
BELGIAN CUISINE,beef,normal,141
BELGIAN CUISINE,beer,normal,141
BELGIAN CUISINE,Brussels sprouts,normal,141
BELGIAN CUISINE,charcuterie,normal,141
BELGIAN CUISINE,chocolate,normal,141
BELGIAN CUISINE,"endive, Belgian",normal,141
BELGIAN CUISINE,game,normal,141
BELGIAN CUISINE,meats,normal,141
BELGIAN CUISINE,"mussels, steamed",normal,141
BELGIAN CUISINE,mustard,normal,141
BELGIAN CUISINE,"POTATOES: FRIED, mashed",recommended,141
BELGIAN CUISINE,shallots,normal,141
BELGIAN CUISINE,soups,normal,141
BELGIAN CUISINE,stews,normal,141
BELGIAN CUISINE,vinegar,normal,141
BELGIAN CUISINE,waffles,normal,141
BELL PEPPERS,anchovies,normal,142
BELL PEPPERS,anise,normal,142
BELL PEPPERS,arugula,normal,142
BELL PEPPERS,bacon,normal,142
BELL PEPPERS,BASIL,very_highly_recommended,142
BELL PEPPERS,bay leaf,normal,142
BELL PEPPERS,beef,normal,142
BELL PEPPERS,bell peppers,normal,142
BELL PEPPERS,butter,normal,142
BELL PEPPERS,"capers, esp. with roasted peppers",normal,142
BELL PEPPERS,cardamom,normal,142
BELL PEPPERS,carrots,normal,142
BELL PEPPERS,cayenne,normal,142
BELL PEPPERS,"CHEESE, esp. feta, Fontina, goat, mozzarella, Parmesan",very_highly_recommended,142
BELL PEPPERS,"chile peppers (e.g., fresh green or poblano)",recommended,142
BELL PEPPERS,chives,normal,142
BELL PEPPERS,cilantro,normal,143
BELL PEPPERS,coriander,normal,143
BELL PEPPERS,cream,normal,143
BELL PEPPERS,cumin,normal,143
BELL PEPPERS,curry,normal,143
BELL PEPPERS,eggplant,recommended,143
BELL PEPPERS,fennel,normal,143
BELL PEPPERS,fennel seeds,normal,143
BELL PEPPERS,French cuisine,normal,143
BELL PEPPERS,game,normal,143
BELL PEPPERS,game birds,normal,143
BELL PEPPERS,GARLIC,very_highly_recommended,143
BELL PEPPERS,"ginger, fresh",normal,143
BELL PEPPERS,goulash,normal,143
BELL PEPPERS,hazelnuts,normal,143
BELL PEPPERS,honey,normal,143
BELL PEPPERS,Indian cuisine,normal,143
BELL PEPPERS,Italian cuisine,normal,143
BELL PEPPERS,lamb,normal,143
BELL PEPPERS,"lemon, juice",recommended,143
BELL PEPPERS,lemongrass,normal,143
BELL PEPPERS,"lime, juice",normal,143
BELL PEPPERS,lovage,normal,143
BELL PEPPERS,marjoram,normal,143
BELL PEPPERS,Mexican cuisine,normal,143
BELL PEPPERS,mint,normal,143
BELL PEPPERS,mirepoix,normal,143
BELL PEPPERS,"mushrooms (e.g., shiitake)",normal,143
BELL PEPPERS,mustard,normal,143
BELL PEPPERS,"OIL, CANOLA",very_highly_recommended,143
BELL PEPPERS,OLIVE OIL,very_highly_recommended,143
BELL PEPPERS,"olives (e.g., green)",normal,143
BELL PEPPERS,"ONIONS, ESP. RED OR YELLOW",very_highly_recommended,143
BELL PEPPERS,oregano,recommended,143
BELL PEPPERS,"paprika, smoked",normal,143
BELL PEPPERS,"parsley, flat-leaf",recommended,143
BELL PEPPERS,pasta,normal,143
BELL PEPPERS,peas,normal,143
BELL PEPPERS,"pepper, black",recommended,143
BELL PEPPERS,"peppers, piquillo",normal,143
BELL PEPPERS,pine nuts,normal,143
BELL PEPPERS,pizza,normal,143
BELL PEPPERS,polenta,normal,143
BELL PEPPERS,pork,normal,143
BELL PEPPERS,"potatoes (e.g., red)",recommended,143
BELL PEPPERS,quail,normal,144
BELL PEPPERS,red pepper flakes,normal,144
BELL PEPPERS,rice,recommended,144
BELL PEPPERS,rosemary,normal,144
BELL PEPPERS,saffron,normal,144
BELL PEPPERS,salads,normal,144
BELL PEPPERS,"salt: kosher, sea",recommended,144
BELL PEPPERS,"sausages (e.g., chorizo, Italian)",normal,144
BELL PEPPERS,savory,normal,144
BELL PEPPERS,scallions,normal,144
BELL PEPPERS,sea bass,normal,144
BELL PEPPERS,sesame oil,normal,144
BELL PEPPERS,shallots,normal,144
BELL PEPPERS,"squash, esp. summer",normal,144
BELL PEPPERS,stews,normal,144
BELL PEPPERS,stir-fried dishes,normal,144
BELL PEPPERS,"stocks: chicken, vegetable",normal,144
BELL PEPPERS,sugar (pinch),normal,144
BELL PEPPERS,swordfish,normal,144
BELL PEPPERS,Tabasco sauce,normal,144
BELL PEPPERS,THYME,very_highly_recommended,144
BELL PEPPERS,TOMATOES,very_highly_recommended,144
BELL PEPPERS,tuna,normal,144
BELL PEPPERS,watercress,normal,144
BELL PEPPERS,"wine: dry white, sweet sherry",normal,144
BELL PEPPERS,zucchini,recommended,144
BITTERNESS,arugula,normal,145
BITTERNESS,baking powder,normal,145
BITTERNESS,baking soda,normal,145
BITTERNESS,"beans, lima",normal,145
BITTERNESS,"beer, esp. hoppy (e.g., bitter ales)",normal,145
BITTERNESS,"bell peppers, green",normal,146
BITTERNESS,bitters,normal,146
BITTERNESS,broccoli rabe,normal,146
BITTERNESS,Brussels sprouts,normal,146
BITTERNESS,"cabbage, green",normal,146
BITTERNESS,"caffeine (e.g., as in coffee, tea)",normal,146
BITTERNESS,"chard (e.g., Swiss chard)",normal,146
BITTERNESS,chicory,normal,146
BITTERNESS,"chocolate, dark",normal,146
BITTERNESS,cocoa,normal,146
BITTERNESS,coffee,normal,146
BITTERNESS,cranberries,normal,146
BITTERNESS,eggplant,normal,146
BITTERNESS,endive,normal,146
BITTERNESS,escarole,normal,146
BITTERNESS,fenugreek,normal,146
BITTERNESS,frisée,normal,146
BITTERNESS,grapefruit (bitter-sour),normal,146
BITTERNESS,"herbs, many",normal,146
BITTERNESS,horseradish,normal,146
BITTERNESS,kale,normal,146
BITTERNESS,"lettuce, romaine",normal,146
BITTERNESS,"liver, calf’s",normal,146
BITTERNESS,"melon, bitter",normal,146
BITTERNESS,olives (bitter-salty),normal,146
BITTERNESS,radicchio,normal,146
BITTERNESS,rhubarb,normal,146
BITTERNESS,"spices, many",normal,146
BITTERNESS,spinach,normal,146
BITTERNESS,tea,normal,146
BITTERNESS,tonic water,normal,147
BITTERNESS,turmeric,normal,147
BITTERNESS,"walnuts, esp. black",normal,147
BITTERNESS,watercress,normal,147
BITTERNESS,"wine, red, esp. tannic",normal,147
BITTERNESS,"zest: lemon, orange, etc.",normal,147
BITTERNESS,zucchini,normal,147
BLACKBERRIES,almonds,normal,147
BLACKBERRIES,apples,normal,147
BLACKBERRIES,apricots,normal,147
BLACKBERRIES,bananas,normal,147
BLACKBERRIES,blueberries,normal,147
BLACKBERRIES,brandy,normal,147
BLACKBERRIES,"butter, unsalted",normal,147
BLACKBERRIES,buttermilk,normal,147
BLACKBERRIES,caramel,normal,147
BLACKBERRIES,"cheese, goat",normal,147
BLACKBERRIES,"chocolate: dark, white",normal,147
BLACKBERRIES,cinnamon,recommended,147
BLACKBERRIES,cloves,normal,147
BLACKBERRIES,cobblers,normal,147
BLACKBERRIES,Cointreau,normal,147
BLACKBERRIES,cornmeal,normal,147
BLACKBERRIES,CREAM AND ICE CREAM,very_highly_recommended,147
BLACKBERRIES,cream cheese,normal,147
BLACKBERRIES,crème de cassis,normal,147
BLACKBERRIES,crème fraîche,normal,147
BLACKBERRIES,custard,normal,147
BLACKBERRIES,ginger,normal,147
BLACKBERRIES,Grand Marnier,normal,147
BLACKBERRIES,hazelnuts,normal,147
BLACKBERRIES,honey,recommended,147
BLACKBERRIES,Kirsch,normal,147
BLACKBERRIES,"LEMON, JUICE",very_highly_recommended,147
BLACKBERRIES,"lime: juice, zest",normal,147
BLACKBERRIES,"liqueurs, berry",normal,148
BLACKBERRIES,mango,normal,148
BLACKBERRIES,mascarpone,normal,148
BLACKBERRIES,melons,normal,148
BLACKBERRIES,mint,recommended,148
BLACKBERRIES,nectarines,normal,148
BLACKBERRIES,oats,normal,148
BLACKBERRIES,oranges,normal,148
BLACKBERRIES,peaches,recommended,148
BLACKBERRIES,pies,normal,148
BLACKBERRIES,pork,normal,148
BLACKBERRIES,raspberries,recommended,148
BLACKBERRIES,"salads, fruit",normal,148
BLACKBERRIES,salt (pinch),normal,148
BLACKBERRIES,sour cream,normal,148
BLACKBERRIES,strawberries,normal,148
BLACKBERRIES,"SUGAR: BROWN, WHITE",very_highly_recommended,148
BLACKBERRIES,vanilla,recommended,148
BLACKBERRIES,watermelon,normal,148
BLACKBERRIES,"wine (e.g., Merlot)",normal,148
BLACKBERRIES,yogurt,recommended,148
BLACK-EYED PEAS,African cuisine,normal,149
BLACK-EYED PEAS,bay leaf,normal,149
BLACK-EYED PEAS,cardamom,normal,149
BLACK-EYED PEAS,carrots,normal,149
BLACK-EYED PEAS,cayenne,normal,149
BLACK-EYED PEAS,celery,normal,149
BLACK-EYED PEAS,"chile peppers, dried red",normal,149
BLACK-EYED PEAS,cinnamon,normal,149
BLACK-EYED PEAS,cloves,normal,149
BLACK-EYED PEAS,coriander,normal,149
BLACK-EYED PEAS,cumin,normal,149
BLACK-EYED PEAS,garam masala,normal,149
BLACK-EYED PEAS,garlic,normal,149
BLACK-EYED PEAS,"ginger, fresh",normal,149
BLACK-EYED PEAS,"GREENS (e.g., collard)",very_highly_recommended,149
BLACK-EYED PEAS,HAM HOCKS,very_highly_recommended,149
BLACK-EYED PEAS,Indian cuisine,normal,149
BLACK-EYED PEAS,"oil, peanut",normal,149
BLACK-EYED PEAS,"onions: red, yellow",recommended,149
BLACK-EYED PEAS,"pepper, black",recommended,149
BLACK-EYED PEAS,pork,normal,149
BLACK-EYED PEAS,red pepper flakes,normal,149
BLACK-EYED PEAS,rice,normal,149
BLACK-EYED PEAS,salt,normal,149
BLACK-EYED PEAS,savory,normal,149
BLACK-EYED PEAS,Southern cuisine (American),recommended,149
BLACK-EYED PEAS,tomatoes,normal,149
BLACK-EYED PEAS,turmeric,normal,149
BLACK-EYED PEAS,"vinegar, white wine",normal,149
BLACK-EYED PEAS,yogurt,normal,149
BLUEBERRIES,allspice,normal,150
BLUEBERRIES,almonds,normal,150
BLUEBERRIES,apples,normal,150
BLUEBERRIES,apricots,normal,150
BLUEBERRIES,bananas,normal,150
BLUEBERRIES,blackberries,normal,150
BLUEBERRIES,"butter, unsalted",normal,150
BLUEBERRIES,buttermilk,normal,150
BLUEBERRIES,"chocolate, white",normal,150
BLUEBERRIES,CINNAMON,very_highly_recommended,150
BLUEBERRIES,cinnamon basil,normal,150
BLUEBERRIES,cloves,normal,150
BLUEBERRIES,cognac,normal,150
BLUEBERRIES,cornmeal,normal,150
BLUEBERRIES,cream and ice cream,recommended,150
BLUEBERRIES,cream cheese,recommended,150
BLUEBERRIES,crème fraîche,normal,150
BLUEBERRIES,custard,normal,150
BLUEBERRIES,ginger,recommended,150
BLUEBERRIES,honey,recommended,150
BLUEBERRIES,jams,normal,150
BLUEBERRIES,Kirsch,normal,150
BLUEBERRIES,"LEMON: juice, zest",recommended,150
BLUEBERRIES,lemon thyme,normal,150
BLUEBERRIES,"lime: juice, zest",recommended,150
BLUEBERRIES,"liqueurs: berry, orange",normal,150
BLUEBERRIES,mace,normal,150
BLUEBERRIES,mangoes,normal,150
BLUEBERRIES,MAPLE SYRUP,very_highly_recommended,150
BLUEBERRIES,MASCARPONE,very_highly_recommended,150
BLUEBERRIES,melon,normal,150
BLUEBERRIES,mint,normal,150
BLUEBERRIES,molasses,normal,150
BLUEBERRIES,muffins,normal,150
BLUEBERRIES,nectarines,normal,150
BLUEBERRIES,nutmeg,recommended,150
BLUEBERRIES,oats and oatmeal,normal,150
BLUEBERRIES,orange,normal,150
BLUEBERRIES,PEACHES,very_highly_recommended,151
BLUEBERRIES,pears,normal,151
BLUEBERRIES,pecans,normal,151
BLUEBERRIES,Risotto Fritters with Gingered Blueberries,recommended,151
BLUEBERRIES,Blueberry-Apple-Lavender Faux Gelato and Anise Tuile,recommended,151
BLUEBERRIES,"pepper, black",normal,151
BLUEBERRIES,pies,normal,151
BLUEBERRIES,pineapple,normal,151
BLUEBERRIES,pine nuts,normal,151
BLUEBERRIES,port,normal,151
BLUEBERRIES,raspberries,recommended,151
BLUEBERRIES,rhubarb,normal,151
BLUEBERRIES,ricotta cheese,normal,151
BLUEBERRIES,rum,normal,151
BLUEBERRIES,"salads, fruit",normal,151
BLUEBERRIES,sour cream,recommended,151
BLUEBERRIES,strawberries,recommended,151
BLUEBERRIES,"SUGAR: BROWN, WHITE",very_highly_recommended,151
BLUEBERRIES,tarts,normal,151
BLUEBERRIES,Triple Sec,normal,151
BLUEBERRIES,vanilla,recommended,151
BLUEBERRIES,walnuts,normal,151
BLUEBERRIES,watermelon,normal,151
BLUEBERRIES,yogurt,normal,151
BLUEFISH,"chile peppers, chipotle",normal,152
BLUEFISH,cilantro,normal,152
BLUEFISH,lemon,normal,152
BLUEFISH,"lime, juice",normal,152
BLUEFISH,marjoram,normal,152
BLUEFISH,"mustard, brown",normal,152
BLUEFISH,olive oil,normal,152
BLUEFISH,"onions, red",normal,152
BLUEFISH,rosemary,normal,152
BLUEFISH,sugar,normal,152
BLUEFISH,thyme,normal,152
BLUEFISH,tomatoes,normal,152
BLUEFISH,"vinegar, cider",normal,152
BLUEFISH,wine,normal,152
BOK CHOY,asparagus,normal,152
BOK CHOY,beef,normal,152
BOK CHOY,broccoli,normal,152
BOK CHOY,butter,normal,152
BOK CHOY,carrots,normal,152
BOK CHOY,cashews,normal,152
BOK CHOY,celery,normal,152
BOK CHOY,chicken,normal,153
BOK CHOY,chile peppers,normal,153
BOK CHOY,chili powder,normal,153
BOK CHOY,cilantro,normal,153
BOK CHOY,coconut milk,normal,153
BOK CHOY,coriander,normal,153
BOK CHOY,duck,normal,153
BOK CHOY,fennel,normal,153
BOK CHOY,fish,normal,153
BOK CHOY,garlic,normal,153
BOK CHOY,ginger,recommended,153
BOK CHOY,hot sauce,normal,153
BOK CHOY,"lemon, juice",normal,153
BOK CHOY,meats,normal,153
BOK CHOY,mirin,normal,153
BOK CHOY,"mushrooms, esp. shiitake",normal,153
BOK CHOY,"noodles, rice",normal,153
BOK CHOY,"oil: peanut, sesame, vegetable",normal,153
BOK CHOY,peanuts,normal,153
BOK CHOY,pork,normal,153
BOK CHOY,rice,recommended,153
BOK CHOY,rosemary,normal,153
BOK CHOY,salads,normal,153
BOK CHOY,salmon,normal,153
BOK CHOY,scallions,normal,153
BOK CHOY,"sesame: oil, seeds",recommended,153
BOK CHOY,shallots,normal,153
BOK CHOY,shellfish,normal,153
BOK CHOY,snow peas,normal,153
BOK CHOY,soy sauce,recommended,153
BOK CHOY,tamari,normal,153
BOK CHOY,tarragon,normal,153
BOK CHOY,tofu,normal,153
BOK CHOY,"vinegar, esp. rice",normal,153
BOK CHOY,water chestnuts,normal,153
BOK CHOY,zucchini,normal,153
"BONITO FLAKES, DRIED",anchovies,normal,154
"BONITO FLAKES, DRIED",capers,normal,154
"BONITO FLAKES, DRIED",garlic,normal,154
"BONITO FLAKES, DRIED",Japanese cuisine,normal,154
"BONITO FLAKES, DRIED","oil, vegetable",normal,154
"BONITO FLAKES, DRIED",scallions,normal,154
"BONITO FLAKES, DRIED","stock, fish",normal,154
"BONITO FLAKES, DRIED",vinegar,normal,154
BOUQUET GARNI,French cuisine,recommended,154
BOUQUET GARNI,soups,normal,154
BOUQUET GARNI,stews,normal,154
BOUQUET GARNI,stocks,normal,154
BOURBON,apple juice,normal,154
BOURBON,apricot brandy,normal,154
BOURBON,barbecue,normal,154
BOURBON,bitters,recommended,154
BOURBON,butter,normal,154
BOURBON,butterscotch,normal,154
BOURBON,cream,recommended,154
BOURBON,desserts,normal,154
BOURBON,ginger,normal,154
BOURBON,grapefruit juice,normal,154
BOURBON,grenadine,normal,154
BOURBON,honey,normal,154
BOURBON,ice cream,normal,154
BOURBON,LEMON JUICE,very_highly_recommended,154
BOURBON,mint,normal,154
BOURBON,orange juice,normal,154
BOURBON,peaches,normal,155
BOURBON,pecans,normal,155
BOURBON,pineapple juice,normal,155
BOURBON,Southern cuisine (American),recommended,155
BOURBON,"SUGAR: BROWN, WHITE",very_highly_recommended,155
BOURBON,"vermouth: dry, sweet",recommended,155
BOYSENBERRIES,cream,normal,155
BOYSENBERRIES,Kirsch,normal,155
BOYSENBERRIES,"lemon, juice",normal,155
BOYSENBERRIES,nectarines,normal,155
BOYSENBERRIES,peaches,normal,155
BOYSENBERRIES,sugar,normal,155
BOYSENBERRIES,vanilla,normal,155
BOYSENBERRIES,"wine, esp. dry red",normal,155
BRAISED DISHES,artichokes,normal,155
BRAISED DISHES,beans,normal,155
BRAISED DISHES,"beef: brisket, shanks, short ribs, shoulder",normal,155
BRAISED DISHES,cabbage,normal,155
BRAISED DISHES,carrots,normal,155
BRAISED DISHES,celery,normal,155
BRAISED DISHES,"chicken: legs, thighs, wings",normal,155
BRAISED DISHES,chili,normal,155
BRAISED DISHES,cod,normal,155
BRAISED DISHES,corned beef and cabbage,normal,156
BRAISED DISHES,"duck, legs",normal,156
BRAISED DISHES,endive,normal,156
BRAISED DISHES,fennel,normal,156
BRAISED DISHES,ham hocks,normal,156
BRAISED DISHES,"lamb: shanks, shoulder",normal,156
BRAISED DISHES,monkfish,normal,156
BRAISED DISHES,octopus,normal,156
BRAISED DISHES,onions,normal,156
BRAISED DISHES,oxtails,normal,156
BRAISED DISHES,"pork: belly, butt, chops, loin, ribs, shank, shoulder",normal,156
BRAISED DISHES,potatoes,normal,156
BRAISED DISHES,pot roast,normal,156
BRAISED DISHES,rabbit,normal,156
BRAISED DISHES,ratatouille,normal,156
BRAISED DISHES,short ribs,normal,156
BRAISED DISHES,skate,normal,156
BRAISED DISHES,stews,normal,156
BRAISED DISHES,tripe,normal,156
BRAISED DISHES,"turkey, legs",normal,156
BRAISED DISHES,turnips,normal,156
BRAISED DISHES,"veal: breast, rump, shank, shoulder, sirloin, sweetbreads",normal,156
BRAISED DISHES,"vegetables, root",normal,156
BRAISED DISHES,"venison, shoulder",normal,156
BRAZILIAN CUISINE,"beans, black",normal,156
BRAZILIAN CUISINE,cardamom,normal,156
BRAZILIAN CUISINE,chile peppers,normal,156
BRAZILIAN CUISINE,cilantro,normal,156
BRAZILIAN CUISINE,cloves,normal,156
BRAZILIAN CUISINE,coconut milk,normal,156
BRAZILIAN CUISINE,garlic,normal,156
BRAZILIAN CUISINE,ginger,normal,156
BRAZILIAN CUISINE,"greens: collard, kale",normal,156
BRAZILIAN CUISINE,grilled dishes,normal,156
BRAZILIAN CUISINE,meats,normal,156
BRAZILIAN CUISINE,nutmeg,normal,156
BRAZILIAN CUISINE,onions,normal,156
BRAZILIAN CUISINE,orange,normal,156
BRAZILIAN CUISINE,parsley,normal,156
BRAZILIAN CUISINE,"pepper, black",normal,156
BRAZILIAN CUISINE,peppers,normal,156
BRAZILIAN CUISINE,pork,normal,157
BRAZILIAN CUISINE,pumpkin,normal,157
BRAZILIAN CUISINE,rice,normal,157
BRAZILIAN CUISINE,saffron,normal,157
BRAZILIAN CUISINE,sausages,normal,157
BRAZILIAN CUISINE,thyme,normal,157
BRINED DISHES,chicken,normal,157
BRINED DISHES,game birds,normal,157
BRINED DISHES,pork,normal,157
BRINED DISHES,poultry,normal,157
BRINED DISHES,turkey,normal,157
BROCCOLI,almonds,normal,157
BROCCOLI,anchovies,normal,157
BROCCOLI,basil,normal,157
BROCCOLI,bread crumbs,normal,157
BROCCOLI,"butter, unsalted",recommended,157
BROCCOLI,caraway seeds,normal,157
BROCCOLI,carrots,normal,157
BROCCOLI,cauliflower,recommended,158
BROCCOLI,"CHEESE: cheddar, feta, goat, mozzarella, Parmesan, Swiss",recommended,158
BROCCOLI,chicken,normal,158
BROCCOLI,chile peppers (esp. green),recommended,158
BROCCOLI,cilantro,normal,158
BROCCOLI,coriander,normal,158
BROCCOLI,cream,normal,158
BROCCOLI,curry and curry leaf,normal,158
BROCCOLI,eggs,normal,158
BROCCOLI,garlic,recommended,158
BROCCOLI,"ginger, esp. fresh",normal,158
BROCCOLI,hollandaise sauce,normal,158
BROCCOLI,"lemon, juice",recommended,158
BROCCOLI,lemon balm,normal,158
BROCCOLI,mint,normal,158
BROCCOLI,mustard and mustard seeds,recommended,158
BROCCOLI,"oil: peanut, sesame",normal,158
BROCCOLI,olive oil,normal,158
BROCCOLI,olives,normal,158
BROCCOLI,"onions, esp. green",normal,158
BROCCOLI,oregano,normal,158
BROCCOLI,parsley,normal,158
BROCCOLI,pasta,normal,158
BROCCOLI,"pepper, ground",normal,158
BROCCOLI,red pepper flakes,normal,158
BROCCOLI,"rice, basmati",normal,158
BROCCOLI,salt,normal,158
BROCCOLI,scallions,normal,158
BROCCOLI,shallots,normal,158
BROCCOLI,tarragon,normal,158
BROCCOLI,thyme,normal,158
BROCCOLI,vinaigrette,normal,158
BROCCOLI,"vinegar: balsamic, red wine",normal,158
BROCCOLI,wine,normal,158
BROCCOLINI,almonds,normal,159
BROCCOLINI,basil,normal,159
BROCCOLINI,"cheese: feta, Parmesan",normal,159
BROCCOLINI,garlic,normal,159
BROCCOLINI,"lemon, juice",normal,159
BROCCOLINI,olive oil,normal,159
BROCCOLINI,"parsley, flat-leaf",normal,159
BROCCOLINI,pasta,normal,159
BROCCOLINI,red pepper flakes,normal,159
BROCCOLINI,salads,normal,159
BROCCOLINI,sesame oil,normal,159
BROCCOLINI,soups,normal,159
BROCCOLINI,tomatoes,normal,159
BROCCOLI RABE,almonds,normal,159
BROCCOLI RABE,anchovies,normal,159
BROCCOLI RABE,basil,normal,159
BROCCOLI RABE,"beans, white",normal,159
BROCCOLI RABE,"butter, unsalted",normal,159
BROCCOLI RABE,"cheese, Parmesan",recommended,159
BROCCOLI RABE,chicken,normal,159
BROCCOLI RABE,chickpeas,normal,159
BROCCOLI RABE,chiles,recommended,159
BROCCOLI RABE,chives,normal,159
BROCCOLI RABE,cream,normal,159
BROCCOLI RABE,fish,normal,159
BROCCOLI RABE,GARLIC,very_highly_recommended,159
BROCCOLI RABE,Italian cuisine,normal,159
BROCCOLI RABE,"lemon, juice",normal,160
BROCCOLI RABE,meats,normal,160
BROCCOLI RABE,OLIVE OIL,very_highly_recommended,160
BROCCOLI RABE,oregano,recommended,160
BROCCOLI RABE,"parsley, flat-leaf",normal,160
BROCCOLI RABE,"pasta, esp. orecchiette",recommended,160
BROCCOLI RABE,"pepper: white, black",normal,160
BROCCOLI RABE,piquillo peppers,normal,160
BROCCOLI RABE,poultry,normal,160
BROCCOLI RABE,prosciutto,normal,160
BROCCOLI RABE,red pepper flakes,normal,160
BROCCOLI RABE,salt,normal,160
BROCCOLI RABE,sausage,recommended,160
BROCCOLI RABE,"stock, chicken",normal,160
BROCCOLI RABE,tomatoes,normal,160
BROCCOLI RABE,Orecchiette with Rapini and Sweet Sausage,recommended,160
BROCCOLI RABE,Broccoli Rabe with Garlic and Oregano,recommended,160
BROCCOLI RABE,"vinegar: balsamic, red wine",normal,160
BRUSSELS SPROUTS,almonds,normal,161
BRUSSELS SPROUTS,apple cider,normal,161
BRUSSELS SPROUTS,apples and apple juice or cider,normal,161
BRUSSELS SPROUTS,"artichokes, Jerusalem",normal,161
BRUSSELS SPROUTS,BACON,very_highly_recommended,161
BRUSSELS SPROUTS,basil,normal,161
BRUSSELS SPROUTS,bay leaf,normal,161
BRUSSELS SPROUTS,bread crumbs,normal,161
BRUSSELS SPROUTS,"BUTTER, unsalted",recommended,161
BRUSSELS SPROUTS,celery,normal,161
BRUSSELS SPROUTS,celery root,normal,161
BRUSSELS SPROUTS,"CHEESE: blue, cheddar, goat, Parmesan, provolone, ricotta, Swiss",recommended,161
BRUSSELS SPROUTS,chestnuts,recommended,161
BRUSSELS SPROUTS,chives,normal,161
BRUSSELS SPROUTS,coriander,normal,161
BRUSSELS SPROUTS,cream,recommended,161
BRUSSELS SPROUTS,crème fraîche,normal,161
BRUSSELS SPROUTS,dill,normal,161
BRUSSELS SPROUTS,"eggs, hard-boiled",normal,161
BRUSSELS SPROUTS,fennel seeds,normal,161
BRUSSELS SPROUTS,garlic,recommended,161
BRUSSELS SPROUTS,hazelnuts,normal,161
BRUSSELS SPROUTS,juniper berries,normal,161
BRUSSELS SPROUTS,"lemon, juice",recommended,161
BRUSSELS SPROUTS,marjoram,normal,161
BRUSSELS SPROUTS,"mustard, Dijon",normal,161
BRUSSELS SPROUTS,nutmeg,normal,161
BRUSSELS SPROUTS,"oil, mustard",normal,161
BRUSSELS SPROUTS,olive oil,recommended,161
BRUSSELS SPROUTS,onions,normal,161
BRUSSELS SPROUTS,pancetta,recommended,161
BRUSSELS SPROUTS,paprika,normal,161
BRUSSELS SPROUTS,"parsley, flat-leaf",recommended,161
BRUSSELS SPROUTS,"pepper: black, white",recommended,162
BRUSSELS SPROUTS,"potatoes, esp. mashed",normal,162
BRUSSELS SPROUTS,"salt: kosher, sea",recommended,162
BRUSSELS SPROUTS,"sauces, béchamel",normal,162
BRUSSELS SPROUTS,shallots,normal,162
BRUSSELS SPROUTS,"stock, chicken",normal,162
BRUSSELS SPROUTS,sugar,normal,162
BRUSSELS SPROUTS,"thyme, fresh",recommended,162
BRUSSELS SPROUTS,turnips,normal,162
BRUSSELS SPROUTS,vermouth,normal,162
BRUSSELS SPROUTS,vinaigrette,normal,162
BRUSSELS SPROUTS,"VINEGAR: cider, white wine",recommended,162
BRUSSELS SPROUTS,water chestnuts,normal,162
BRUSSELS SPROUTS,"wine, dry white",normal,162
BULGUR WHEAT,butter,normal,162
BULGUR WHEAT,chicken,normal,162
BULGUR WHEAT,chickpeas,normal,162
BULGUR WHEAT,dill,normal,162
BULGUR WHEAT,"fish (e.g., branzino, pike, striped bass)",normal,162
BULGUR WHEAT,striped bass; it always makes sense.,normal,162
BULGUR WHEAT,greens,normal,163
BULGUR WHEAT,lamb,normal,163
BULGUR WHEAT,lentils,normal,163
BULGUR WHEAT,meats,normal,163
BULGUR WHEAT,Middle Eastern cuisine,normal,163
BULGUR WHEAT,"oils, walnut",normal,163
BULGUR WHEAT,olive oil,normal,163
BULGUR WHEAT,orange,normal,163
BULGUR WHEAT,parsley,normal,163
BULGUR WHEAT,pilaf (key ingredient),normal,163
BULGUR WHEAT,pine nuts,normal,163
BULGUR WHEAT,pomegranates,normal,163
BULGUR WHEAT,rice,normal,163
BULGUR WHEAT,salads,normal,163
BULGUR WHEAT,soups,normal,163
BULGUR WHEAT,tabbouleh (key ingredient),normal,163
BULGUR WHEAT,tangerine,normal,163
BULGUR WHEAT,tarragon,normal,163
BULGUR WHEAT,tomatoes,normal,163
BULGUR WHEAT,vegetables,normal,163
BULGUR WHEAT,walnuts,normal,163
"BUTTER, BROWN (aka Beurre Noisette)",bananas,normal,163
"BUTTER, BROWN (aka Beurre Noisette)","fish, esp. white: halibut, skate",normal,163
"BUTTER, BROWN (aka Beurre Noisette)","fruits, esp. richer ones",normal,163
"BUTTER, BROWN (aka Beurre Noisette)",nuts,normal,163
"BUTTER, BROWN (aka Beurre Noisette)",pears,normal,163
"BUTTER, BROWN (aka Beurre Noisette)",scallops,normal,163
"BUTTER, BROWN (aka Beurre Noisette)",soft-shell crabs,normal,163
"BUTTER, BROWN (aka Beurre Noisette)","vinegar, esp. balsamic",normal,163
BUTTERMILK,bananas,normal,163
BUTTERMILK,blackberries,normal,163
BUTTERMILK,blueberries,normal,164
BUTTERMILK,cherries,normal,164
BUTTERMILK,cinnamon,normal,164
BUTTERMILK,dates,normal,164
BUTTERMILK,ginger,normal,164
BUTTERMILK,herbs,normal,164
BUTTERMILK,honey,normal,164
BUTTERMILK,lemon,normal,164
BUTTERMILK,lime,normal,164
BUTTERMILK,maple syrup,normal,164
BUTTERMILK,mayonnaise,normal,164
BUTTERMILK,mint,normal,164
BUTTERMILK,nectarines,normal,164
BUTTERMILK,nutmeg,normal,164
BUTTERMILK,oats,normal,164
BUTTERMILK,orange,normal,164
BUTTERMILK,peaches,normal,164
BUTTERMILK,plums,normal,164
BUTTERMILK,raisins,normal,164
BUTTERMILK,raspberries,normal,164
BUTTERMILK,rhubarb,normal,164
BUTTERMILK,sour cream,normal,164
BUTTERMILK,strawberries,normal,164
BUTTERMILK,"sugar, brown",normal,164
BUTTERMILK,walnuts,normal,164
BUTTERSCOTCH,almonds,normal,164
BUTTERSCOTCH,chocolate,normal,164
BUTTERSCOTCH,coffee,normal,164
BUTTERSCOTCH,lemon,normal,164
BUTTERSCOTCH,praline,normal,164
BUTTERSCOTCH,rum,normal,164
BUTTERSCOTCH,vanilla,normal,164
BUTTERSCOTCH,Butterscotch-Praline Ice Cream Parfait,recommended,164
CABBAGE — IN GENERAL,apples and apple cider,recommended,166
CABBAGE — IN GENERAL,BACON,very_highly_recommended,166
CABBAGE — IN GENERAL,bay leaf,normal,166
CABBAGE — IN GENERAL,beef,normal,166
CABBAGE — IN GENERAL,"bell peppers, red",normal,166
CABBAGE — IN GENERAL,"butter, unsalted",recommended,166
CABBAGE — IN GENERAL,CARAWAY SEEDS,very_highly_recommended,166
CABBAGE — IN GENERAL,carrots,recommended,166
CABBAGE — IN GENERAL,"celery: leaves, salt, seeds",normal,166
CABBAGE — IN GENERAL,Champagne,normal,166
CABBAGE — IN GENERAL,"cheese: cheddar, feta, goat, Parmesan, Swiss, Taleggio, Teleme",normal,166
CABBAGE — IN GENERAL,chestnuts,normal,166
CABBAGE — IN GENERAL,chicken,normal,166
CABBAGE — IN GENERAL,chili sauce,normal,166
CABBAGE — IN GENERAL,"chile peppers: dried red, fresh green (e.g., jalapeño)",normal,166
CABBAGE — IN GENERAL,cilantro,normal,166
CABBAGE — IN GENERAL,clove,normal,166
CABBAGE — IN GENERAL,coconut,normal,166
CABBAGE — IN GENERAL,coleslaw (key ingredient),normal,166
CABBAGE — IN GENERAL,coriander,normal,166
CABBAGE — IN GENERAL,corned beef,normal,166
CABBAGE — IN GENERAL,cream,recommended,166
CABBAGE — IN GENERAL,cumin,normal,166
CABBAGE — IN GENERAL,curry leaves,normal,166
CABBAGE — IN GENERAL,dill,normal,166
CABBAGE — IN GENERAL,duck,normal,166
CABBAGE — IN GENERAL,"fat: rendered chicken, duck",normal,166
CABBAGE — IN GENERAL,fennel,normal,166
CABBAGE — IN GENERAL,fennel seeds,normal,166
CABBAGE — IN GENERAL,game birds,normal,166
CABBAGE — IN GENERAL,garlic,recommended,166
CABBAGE — IN GENERAL,ginger,recommended,166
CABBAGE — IN GENERAL,ham,normal,167
CABBAGE — IN GENERAL,horseradish,normal,167
CABBAGE — IN GENERAL,jicama,normal,167
CABBAGE — IN GENERAL,juniper berries,recommended,167
CABBAGE — IN GENERAL,"lemon, juice",normal,167
CABBAGE — IN GENERAL,"lime, juice",normal,167
CABBAGE — IN GENERAL,marjoram,normal,167
CABBAGE — IN GENERAL,mayonnaise,recommended,167
CABBAGE — IN GENERAL,meats,normal,167
CABBAGE — IN GENERAL,mushrooms,normal,167
CABBAGE — IN GENERAL,"mustard, esp. Dijon, dry",recommended,167
CABBAGE — IN GENERAL,mustard oil,normal,167
CABBAGE — IN GENERAL,"mustard seeds, black",normal,167
CABBAGE — IN GENERAL,"oil: peanut, sesame",normal,167
CABBAGE — IN GENERAL,olive oil,normal,167
CABBAGE — IN GENERAL,olives,normal,167
CABBAGE — IN GENERAL,"ONIONS, ESP. RED",very_highly_recommended,167
CABBAGE — IN GENERAL,paprika,normal,167
CABBAGE — IN GENERAL,parsley,normal,167
CABBAGE — IN GENERAL,pasta,normal,167
CABBAGE — IN GENERAL,pecans,normal,167
CABBAGE — IN GENERAL,"pepper: black, white",recommended,167
CABBAGE — IN GENERAL,poppy seeds,normal,167
CABBAGE — IN GENERAL,pork,recommended,167
CABBAGE — IN GENERAL,potatoes,recommended,167
CABBAGE — IN GENERAL,poultry,normal,167
CABBAGE — IN GENERAL,prosciutto,normal,167
CABBAGE — IN GENERAL,red pepper flakes,normal,167
CABBAGE — IN GENERAL,rice,recommended,167
CABBAGE — IN GENERAL,salmon,normal,167
CABBAGE — IN GENERAL,"salt: kosher, sea",recommended,167
CABBAGE — IN GENERAL,savory,normal,167
CABBAGE — IN GENERAL,shallots,normal,167
CABBAGE — IN GENERAL,sour cream,recommended,167
CABBAGE — IN GENERAL,soy sauce,normal,167
CABBAGE — IN GENERAL,spinach,normal,167
CABBAGE — IN GENERAL,"stock, chicken",normal,168
CABBAGE — IN GENERAL,sugar,recommended,168
CABBAGE — IN GENERAL,tarragon,normal,168
CABBAGE — IN GENERAL,thyme,recommended,168
CABBAGE — IN GENERAL,tomatoes,normal,168
CABBAGE — IN GENERAL,vinaigrettes,normal,168
CABBAGE — IN GENERAL,"VINEGAR: champagne, cider, red wine, sherry, white wine",recommended,168
CABBAGE — IN GENERAL,"wine, white (e.g., Riesling)",normal,168
"CABBAGE, NAPA (aka Chinese cabbage)",carrots,normal,168
"CABBAGE, NAPA (aka Chinese cabbage)",cashews,normal,168
"CABBAGE, NAPA (aka Chinese cabbage)",chicken,normal,168
"CABBAGE, NAPA (aka Chinese cabbage)","chile peppers, jalapeño",normal,168
"CABBAGE, NAPA (aka Chinese cabbage)",Chinese cuisine,normal,168
"CABBAGE, NAPA (aka Chinese cabbage)",cilantro,normal,168
"CABBAGE, NAPA (aka Chinese cabbage)","coleslaw, Asian-style",normal,168
"CABBAGE, NAPA (aka Chinese cabbage)",cucumber,normal,168
"CABBAGE, NAPA (aka Chinese cabbage)",duck,normal,168
"CABBAGE, NAPA (aka Chinese cabbage)","fish, salmon",normal,168
"CABBAGE, NAPA (aka Chinese cabbage)",garlic,normal,168
"CABBAGE, NAPA (aka Chinese cabbage)",ginger,normal,169
"CABBAGE, NAPA (aka Chinese cabbage)",mint,normal,169
"CABBAGE, NAPA (aka Chinese cabbage)","mushrooms (e.g., shiitakes)",normal,169
"CABBAGE, NAPA (aka Chinese cabbage)","oil, sesame",normal,169
"CABBAGE, NAPA (aka Chinese cabbage)","orange, juice",normal,169
"CABBAGE, NAPA (aka Chinese cabbage)",pork,normal,169
"CABBAGE, NAPA (aka Chinese cabbage)",scallions,normal,169
"CABBAGE, NAPA (aka Chinese cabbage)",seafood,normal,169
"CABBAGE, NAPA (aka Chinese cabbage)",sesame seeds,normal,169
"CABBAGE, NAPA (aka Chinese cabbage)",scallops,normal,169
"CABBAGE, NAPA (aka Chinese cabbage)",shellfish: shrimp,normal,169
"CABBAGE, NAPA (aka Chinese cabbage)",soups,normal,169
"CABBAGE, NAPA (aka Chinese cabbage)",soy sauce,normal,169
"CABBAGE, NAPA (aka Chinese cabbage)",stews,normal,169
"CABBAGE, NAPA (aka Chinese cabbage)",stir-fries,normal,169
"CABBAGE, NAPA (aka Chinese cabbage)",Thai basil,normal,169
"CABBAGE, NAPA (aka Chinese cabbage)",tofu,normal,169
"CABBAGE, NAPA (aka Chinese cabbage)","vinegar, rice",normal,169
"CABBAGE, NAPA (aka Chinese cabbage)","wine, rice",normal,169
"CABBAGE, RED","APPLES: Golden Delicious, Rome, tart",recommended,169
"CABBAGE, RED",bacon,normal,169
"CABBAGE, RED",bay leaf,recommended,169
"CABBAGE, RED","butter, unsalted",normal,169
"CABBAGE, RED",caraway seeds,normal,169
"CABBAGE, RED","cheese: blue, goat, Gorgonzola, ricotta salata",normal,169
"CABBAGE, RED",Cream and Sacristan Cookie,recommended,169
"CABBAGE, RED",chestnuts,recommended,170
"CABBAGE, RED","cider, apple",normal,170
"CABBAGE, RED",cilantro,normal,170
"CABBAGE, RED",cream,normal,170
"CABBAGE, RED",cumin,normal,170
"CABBAGE, RED","fat: duck, goose",normal,170
"CABBAGE, RED","fruit, tart",recommended,170
"CABBAGE, RED","game: rabbit, venison",normal,170
"CABBAGE, RED","game birds, pheasant",normal,170
"CABBAGE, RED",garlic,normal,170
"CABBAGE, RED",honey,normal,170
"CABBAGE, RED","lemon, juice",recommended,170
"CABBAGE, RED","lime, juice",recommended,170
"CABBAGE, RED",meats,normal,170
"CABBAGE, RED",mustard,normal,170
"CABBAGE, RED",nutmeg,normal,170
"CABBAGE, RED","oil, peanut",normal,170
"CABBAGE, RED",olive oil,normal,170
"CABBAGE, RED","onions: red, white",recommended,170
"CABBAGE, RED",pancetta,normal,170
"CABBAGE, RED","parsley, flat-leaf",normal,170
"CABBAGE, RED","pepper, black",recommended,170
"CABBAGE, RED",poultry,normal,170
"CABBAGE, RED",red pepper flakes,normal,170
"CABBAGE, RED","salt, kosher",recommended,170
"CABBAGE, RED",scallions,normal,170
"CABBAGE, RED","stock, chicken",normal,170
"CABBAGE, RED","SUGAR: BROWN, WHITE",very_highly_recommended,170
"CABBAGE, RED","wine, dry red",recommended,170
"CABBAGE, SAVOY",apples,normal,171
"CABBAGE, SAVOY",bacon,normal,171
"CABBAGE, SAVOY","butter, unsalted",normal,171
"CABBAGE, SAVOY",carrots,normal,171
"CABBAGE, SAVOY",cream,normal,171
"CABBAGE, SAVOY",crème fraîche,normal,171
"CABBAGE, SAVOY",garlic,recommended,171
"CABBAGE, SAVOY",leeks,normal,171
"CABBAGE, SAVOY","lemon, juice",normal,171
"CABBAGE, SAVOY","oil, peanut",recommended,171
"CABBAGE, SAVOY",olive oil,recommended,171
"CABBAGE, SAVOY",onions,normal,171
"CABBAGE, SAVOY","parsley, flat-leaf",normal,171
"CABBAGE, SAVOY",parsnips,normal,171
"CABBAGE, SAVOY","pepper, black",recommended,171
"CABBAGE, SAVOY",potatoes,normal,171
"CABBAGE, SAVOY","raisins, golden",normal,171
"CABBAGE, SAVOY","salt, kosher",recommended,171
"CABBAGE, SAVOY",stock,normal,171
"CABBAGE, SAVOY",thyme,normal,171
"CABBAGE, SAVOY",turnips,normal,171
"CABBAGE, SAVOY","vinegar, cider",normal,171
"CABBAGE, SAVOY",walnuts,normal,171
CABERNET SAUVIGNON,beef,normal,171
CABERNET SAUVIGNON,"cheese, esp. aged, blue, and/or stinky",normal,171
CABERNET SAUVIGNON,game,normal,171
CABERNET SAUVIGNON,game birds,normal,171
CABERNET SAUVIGNON,lamb,recommended,171
CABERNET SAUVIGNON,"meat, red",normal,171
CABERNET SAUVIGNON,"pepper, black",normal,171
CABERNET SAUVIGNON,steak,normal,171
CABERNET SAUVIGNON,strawberries,normal,171
CAJUN CUISINE,cayenne,recommended,171
CAJUN CUISINE,celery,normal,171
CAJUN CUISINE,chiles,normal,171
CAJUN CUISINE,crayfish,normal,171
CAJUN CUISINE,gumbo,normal,172
CAJUN CUISINE,jambalaya,normal,172
CAJUN CUISINE,onions,normal,172
CAJUN CUISINE,peppers,normal,172
CAJUN CUISINE,rice,normal,172
CAJUN CUISINE,seafood,recommended,172
CAJUN CUISINE,tomatoes,normal,172
CALVADOS,apples,recommended,172
CALVADOS,"bitters, orange",normal,172
CALVADOS,French cuisine,normal,172
CALVADOS,gin,normal,172
CALVADOS,"lemon, juice",normal,172
CALVADOS,"orange, juice",normal,172
CALVADOS,pears,normal,172
CALVADOS,rum,normal,172
CALVADOS,sugar,normal,172
CALVADOS,"vermouth, sweet",normal,172
CANADIAN CUISINE,"bacon, back (aka Canadian bacon)",normal,172
CANADIAN CUISINE,beer,normal,172
CANADIAN CUISINE,"berries, esp. wild",normal,172
CANADIAN CUISINE,cheese,normal,172
CANADIAN CUISINE,duck,normal,172
CANADIAN CUISINE,fiddlehead ferns,normal,172
CANADIAN CUISINE,foie gras,normal,172
CANADIAN CUISINE,game,normal,172
CANADIAN CUISINE,game birds,normal,172
CANADIAN CUISINE,maple syrup,recommended,172
CANADIAN CUISINE,"meats, esp. smoked",normal,173
CANADIAN CUISINE,"mushrooms, wild",normal,173
CANADIAN CUISINE,oysters,normal,173
CANADIAN CUISINE,rabbit,normal,173
CANADIAN CUISINE,salmon,normal,173
CANADIAN CUISINE,seafood,normal,173
CANADIAN CUISINE,wild rice,normal,173
CANADIAN CUISINE,"wine: ice wine, Riesling",normal,173
CANTALOUPE,basil,normal,173
CANTALOUPE,cilantro,normal,173
CANTALOUPE,curry powder,normal,173
CANTALOUPE,ginger,normal,173
CANTALOUPE,grapefruit,normal,173
CANTALOUPE,"lemon, juice",recommended,173
CANTALOUPE,lemongrass,normal,173
CANTALOUPE,"lime, juice",recommended,173
CANTALOUPE,"melon: honeydew, watermelon",normal,173
CANTALOUPE,"Cantaloupe “Sashimi,” Raspberry Gel, and Star Anise Dust",recommended,173
CANTALOUPE,mint,normal,173
CANTALOUPE,"pepper: black, white",normal,173
CANTALOUPE,port,normal,173
CANTALOUPE,raspberries,recommended,173
CANTALOUPE,star anise,normal,173
CANTALOUPE,tarragon,normal,173
CANTALOUPE,"wine, esp. sweet",normal,173
CANTALOUPE,"wine, Pinot Blanc (to accompany)",normal,173
CANTALOUPE,yogurt,normal,173
CAPERS,almonds,normal,174
CAPERS,anchovies,normal,174
CAPERS,artichokes,normal,174
CAPERS,arugula,normal,174
CAPERS,basil,normal,174
CAPERS,"beans, green",normal,174
CAPERS,butter sauces,normal,174
CAPERS,celery,normal,174
CAPERS,chicken,normal,174
CAPERS,eggplant,normal,174
CAPERS,eggs,normal,174
CAPERS,fish,recommended,174
CAPERS,"French cuisine, esp. southern",normal,174
CAPERS,garlic,normal,174
CAPERS,"Italian cuisine, esp. southern",normal,174
CAPERS,lamb,normal,174
CAPERS,"lemon, juice",recommended,174
CAPERS,lime,normal,174
CAPERS,marjoram,normal,174
CAPERS,"meats, esp. richer ones, e.g., rib eye steaks",normal,174
CAPERS,Mediterranean cuisine,normal,174
CAPERS,mustard,normal,174
CAPERS,olives,normal,174
CAPERS,onions,normal,174
CAPERS,oregano,normal,174
CAPERS,"parlsey, flat-leaf",normal,174
CAPERS,pasta,normal,174
CAPERS,pork,normal,174
CAPERS,potatoes,normal,174
CAPERS,poultry,normal,174
CAPERS,rabbit,normal,174
CAPERS,salads,normal,174
CAPERS,salmon,normal,174
CAPERS,"sauces, esp. Italian cuisine",normal,174
CAPERS,"shellfish, e.g., scallops, shrimp",normal,174
CAPERS,tapenade (key ingredient),normal,174
CAPERS,tarragon,normal,174
CAPERS,tomatoes,recommended,174
CAPERS,vinaigrettes,normal,175
CAPERS,vinegar,normal,175
CARAMEL,almonds,normal,175
CARAMEL,APPLES,very_highly_recommended,175
CARAMEL,apricots,normal,175
CARAMEL,bananas,normal,175
CARAMEL,bourbon,normal,175
CARAMEL,cherries,normal,175
CARAMEL,chocolate,recommended,175
CARAMEL,cinnamon,normal,175
CARAMEL,coffee and espresso,normal,175
CARAMEL,CREAM AND ICE CREAM,very_highly_recommended,175
CARAMEL,cream cheese,normal,175
CARAMEL,cumin,normal,175
CARAMEL,custard,normal,175
CARAMEL,"fruits, tropical",normal,175
CARAMEL,"lemon, juice",normal,175
CARAMEL,"lime, juice",normal,175
CARAMEL,macadamia nuts,normal,175
CARAMEL,mangoes,normal,175
CARAMEL,nutmeg,normal,175
CARAMEL,passion fruit,recommended,175
CARAMEL,peaches,normal,175
CARAMEL,peanuts,normal,175
CARAMEL,pears,normal,175
CARAMEL,pecans,normal,175
CARAMEL,plums,normal,175
CARAMEL,raisins,normal,175
CARAMEL,rhubarb,normal,175
CARAMEL,rum,normal,175
CARAMEL,sesame seeds,normal,175
CARAMEL,VANILLA,very_highly_recommended,175
CARAWAY SEEDS,apples,normal,176
CARAWAY SEEDS,Austrian cuisine,normal,176
CARAWAY SEEDS,beef stew,normal,176
CARAWAY SEEDS,"BREADS, esp. pumpernickel, rye",very_highly_recommended,176
CARAWAY SEEDS,British cuisine,normal,176
CARAWAY SEEDS,cabbage,normal,176
CARAWAY SEEDS,cakes,normal,176
CARAWAY SEEDS,carrots,normal,176
CARAWAY SEEDS,"cheese (e.g., Liptauer, Muenster)",recommended,176
CARAWAY SEEDS,coleslaw,normal,176
CARAWAY SEEDS,cookies,normal,176
CARAWAY SEEDS,coriander,normal,176
CARAWAY SEEDS,corned beef,normal,176
CARAWAY SEEDS,cumin,normal,176
CARAWAY SEEDS,desserts,normal,176
CARAWAY SEEDS,duck,normal,176
CARAWAY SEEDS,Eastern European cuisine,normal,176
CARAWAY SEEDS,fruit,normal,176
CARAWAY SEEDS,garlic,normal,176
CARAWAY SEEDS,German cuisine,recommended,176
CARAWAY SEEDS,goose,normal,176
CARAWAY SEEDS,goulash,normal,176
CARAWAY SEEDS,Hungarian cuisine,normal,176
CARAWAY SEEDS,juniper berries,normal,176
CARAWAY SEEDS,lavender (can substitute for caraway),normal,176
CARAWAY SEEDS,marinades,normal,176
CARAWAY SEEDS,meats,normal,176
CARAWAY SEEDS,Moroccan cuisine,normal,176
CARAWAY SEEDS,noodles,normal,176
CARAWAY SEEDS,onions,normal,176
CARAWAY SEEDS,"parsley, flat-leaf",normal,176
CARAWAY SEEDS,pork,recommended,176
CARAWAY SEEDS,potatoes,recommended,176
CARAWAY SEEDS,sauerkraut,recommended,176
CARAWAY SEEDS,sausages,normal,176
CARAWAY SEEDS,soups,normal,176
CARAWAY SEEDS,stews,normal,176
CARAWAY SEEDS,thyme,normal,176
CARAWAY SEEDS,tomatoes,normal,176
CARAWAY SEEDS,turnips,normal,176
CARAWAY SEEDS,"vegetables, esp. root",normal,177
CARDAMOM,anise,normal,177
CARDAMOM,apples,normal,177
CARDAMOM,apricots,normal,177
CARDAMOM,Asian cuisine,normal,177
CARDAMOM,"baked goods (e.g., breads, cakes, cookies)",normal,177
CARDAMOM,bananas,normal,177
CARDAMOM,beef,normal,177
CARDAMOM,"beverages, esp. hot",normal,177
CARDAMOM,caraway,normal,177
CARDAMOM,carrots,normal,177
CARDAMOM,"chicken, esp. stewed",recommended,177
CARDAMOM,chickpeas,normal,177
CARDAMOM,chile peppers,normal,177
CARDAMOM,chocolate,normal,177
CARDAMOM,cinnamon,recommended,177
CARDAMOM,citrus,normal,177
CARDAMOM,cloves,normal,177
CARDAMOM,coffee,recommended,177
CARDAMOM,coriander,recommended,177
CARDAMOM,cream and ice cream,normal,177
CARDAMOM,crème anglaise,normal,177
CARDAMOM,cumin,normal,177
CARDAMOM,curries,recommended,177
CARDAMOM,custards,normal,177
CARDAMOM,dates,recommended,177
CARDAMOM,"desserts, esp. Indian",recommended,177
CARDAMOM,"duck, esp. roasted",normal,177
CARDAMOM,"fish, e.g., salmon",normal,177
CARDAMOM,"garam masala, Indian (key ingredient)",normal,177
CARDAMOM,ginger,recommended,177
CARDAMOM,gingerbread,normal,177
CARDAMOM,grapefruit,normal,177
CARDAMOM,honey,normal,177
CARDAMOM,Indian cuisine,recommended,177
CARDAMOM,Indonesian cuisine,normal,178
CARDAMOM,lamb,recommended,178
CARDAMOM,legumes,normal,178
CARDAMOM,"lemon: juice, zest",normal,178
CARDAMOM,lentils,normal,178
CARDAMOM,lime,normal,178
CARDAMOM,meats,normal,178
CARDAMOM,North African cuisine,normal,178
CARDAMOM,"orange: juice, zest",recommended,178
CARDAMOM,paprika,normal,178
CARDAMOM,parsnips,normal,178
CARDAMOM,pastries,normal,178
CARDAMOM,pears,normal,178
CARDAMOM,peas,normal,178
CARDAMOM,pepper,normal,178
CARDAMOM,pistachios,normal,178
CARDAMOM,pork,normal,178
CARDAMOM,rice and rice dishes,recommended,178
CARDAMOM,saffron,normal,178
CARDAMOM,salmon,normal,178
CARDAMOM,Scandinavian cuisine,normal,178
CARDAMOM,squash,normal,178
CARDAMOM,stews,normal,178
CARDAMOM,sugar,normal,178
CARDAMOM,sweet potatoes,normal,178
CARDAMOM,tea,recommended,178
CARDAMOM,vanilla,normal,178
CARDAMOM,"vegetables, root",normal,178
CARDAMOM,walnuts,normal,178
CARDAMOM,"wine (e.g., mulled)",normal,178
CARDAMOM,yogurt,normal,178
CARIBBEAN CUISINES,allspice,normal,178
CARIBBEAN CUISINES,bay leaf,normal,178
CARIBBEAN CUISINES,chicken,normal,178
CARIBBEAN CUISINES,chile peppers,normal,178
CARIBBEAN CUISINES,cilantro,normal,178
CARIBBEAN CUISINES,cinnamon,normal,178
CARIBBEAN CUISINES,cloves,normal,178
CARIBBEAN CUISINES,coconut milk,normal,178
CARIBBEAN CUISINES,curry,normal,178
CARIBBEAN CUISINES,dill,normal,178
CARIBBEAN CUISINES,fish,normal,179
CARIBBEAN CUISINES,"fruits, tropical",normal,179
CARIBBEAN CUISINES,garlic,normal,179
CARIBBEAN CUISINES,ginger,normal,179
CARIBBEAN CUISINES,hot sauce,normal,179
CARIBBEAN CUISINES,jerked dishes,normal,179
CARIBBEAN CUISINES,"lime, juice",normal,179
CARIBBEAN CUISINES,molasses,normal,179
CARIBBEAN CUISINES,nutmeg,normal,179
CARIBBEAN CUISINES,onions,normal,179
CARIBBEAN CUISINES,orange,normal,179
CARIBBEAN CUISINES,oregano,normal,179
CARIBBEAN CUISINES,parsley,normal,179
CARIBBEAN CUISINES,pineapple,normal,179
CARIBBEAN CUISINES,plantains,normal,179
CARIBBEAN CUISINES,"rum, esp. dark",normal,179
CARIBBEAN CUISINES,shellfish,normal,179
CARIBBEAN CUISINES,"sugar, brown",normal,179
CARIBBEAN CUISINES,tamarind,normal,179
CARIBBEAN CUISINES,thyme,normal,180
CARROTS,allspice,normal,180
CARROTS,almonds,normal,180
CARROTS,anise hyssop,normal,180
CARROTS,apple juice,normal,180
CARROTS,bacon,normal,180
CARROTS,basil,normal,180
CARROTS,bay leaf,normal,180
CARROTS,beef,normal,180
CARROTS,brandy,normal,180
CARROTS,"butter, brown",normal,180
CARROTS,"BUTTER, unsalted",recommended,180
CARROTS,carrot juice,normal,180
CARROTS,celery,normal,180
CARROTS,chervil,recommended,180
CARROTS,chicken,normal,180
CARROTS,"chile peppers: dried red, fresh green (e.g., jalapeño)",recommended,180
CARROTS,doesn’t need it.,normal,180
CARROTS,for a better flavor profile.,normal,181
CARROTS,"Carrot Cake with Vanilla Chantilly, Pecan Praline",recommended,181
CARROTS,chives,normal,181
CARROTS,cilantro,normal,181
CARROTS,cinnamon,recommended,181
CARROTS,cloves,normal,181
CARROTS,cod,normal,181
CARROTS,coriander,recommended,181
CARROTS,crayfish,normal,181
CARROTS,cream,recommended,181
CARROTS,crème fraîche,normal,181
CARROTS,"cumin (e.g., Indian cuisine)",recommended,181
CARROTS,curry,normal,181
CARROTS,curry leaves,normal,181
CARROTS,dill,recommended,181
CARROTS,fennel,normal,181
CARROTS,fennel seeds,normal,182
CARROTS,fish,normal,182
CARROTS,garlic,normal,182
CARROTS,GINGER,very_highly_recommended,182
CARROTS,hazelnuts,normal,182
CARROTS,honey,recommended,182
CARROTS,lamb,normal,182
CARROTS,leeks,normal,182
CARROTS,"LEMON, juice",recommended,182
CARROTS,lemon balm,normal,182
CARROTS,lemon verbena,normal,182
CARROTS,"lime, juice (e.g., Indian cuisine)",recommended,182
CARROTS,lovage,normal,182
CARROTS,mace,normal,182
CARROTS,MAPLE SYRUP,very_highly_recommended,182
CARROTS,"mint: spearmint, peppermint",recommended,182
CARROTS,mirepoix (key ingredient),normal,182
CARROTS,mustard,normal,182
CARROTS,"mustard seeds, black",normal,182
CARROTS,nutmeg,normal,182
CARROTS,"oil: peanut, sesame",normal,182
CARROTS,olive oil,recommended,182
CARROTS,"onions, esp. green",normal,182
CARROTS,"ORANGE, juice",recommended,182
CARROTS,"PARSLEY, FLAT-LEAF",very_highly_recommended,182
CARROTS,parsnips,recommended,182
CARROTS,peas,normal,182
CARROTS,pecans,normal,182
CARROTS,"pepper: black, white",normal,182
CARROTS,pistachios,normal,182
CARROTS,potatoes,normal,182
CARROTS,"raisins: black, white",normal,182
CARROTS,"meats, roasted",normal,182
CARROTS,rosemary,normal,182
CARROTS,rum,normal,182
CARROTS,sage,normal,182
CARROTS,salsify,normal,182
CARROTS,"salt: fleur de sel, kosher",recommended,182
CARROTS,savory,normal,182
CARROTS,scallops,normal,182
CARROTS,shallots,normal,182
CARROTS,spinach,normal,182
CARROTS,"stocks: chicken, vegetable",normal,182
CARROTS,"SUGAR: brown, white (pinch)",recommended,182
CARROTS,tamarind,normal,182
CARROTS,tarragon,recommended,183
CARROTS,thyme,recommended,183
CARROTS,turnips,normal,183
CARROTS,veal,normal,183
CARROTS,"vegetables, root",normal,183
CARROTS,vinaigrette,normal,183
CARROTS,walnuts,normal,183
CARROTS,"wine, white",normal,183
CARROTS,yogurt,normal,183
CASHEWS,almonds,normal,183
CASHEWS,apricots,normal,183
CASHEWS,bananas,normal,183
CASHEWS,caramel,normal,183
CASHEWS,cheese,normal,183
CASHEWS,"chicken (e.g., Indian cuisine)",recommended,183
CASHEWS,"chocolate, esp. white",normal,183
CASHEWS,cinnamon,normal,183
CASHEWS,"coconut (e.g., Indian cuisine)",normal,183
CASHEWS,coffee / espresso,normal,183
CASHEWS,curries,normal,183
CASHEWS,dates,normal,183
CASHEWS,ginger,normal,183
CASHEWS,grapefruit,normal,183
CASHEWS,guava,normal,183
CASHEWS,honey,normal,183
CASHEWS,Indian cuisine,normal,183
CASHEWS,kiwi fruit,normal,184
CASHEWS,lemon,normal,184
CASHEWS,macadamia nuts,normal,184
CASHEWS,mango,normal,184
CASHEWS,mint,normal,184
CASHEWS,nutmeg,normal,184
CASHEWS,"oil, vegetable",normal,184
CASHEWS,papaya,normal,184
CASHEWS,passion fruit,normal,184
CASHEWS,persimmon,normal,184
CASHEWS,pineapple,normal,184
CASHEWS,rice,normal,184
CASHEWS,rum,normal,184
CASHEWS,salads,normal,184
CASHEWS,salt,normal,184
CASHEWS,sauces,normal,184
CASHEWS,"sugar: brown, white",recommended,184
CASHEWS,vanilla,normal,184
CASHEWS,"vegetables, esp. Indian",normal,184
CATFISH,avocados,normal,184
CATFISH,bacon,normal,184
CATFISH,basil,normal,184
CATFISH,"butter, unsalted",normal,184
CATFISH,"cabbage (e.g., coleslaw)",normal,184
CATFISH,capers,normal,184
CATFISH,cayenne,normal,184
CATFISH,"chile peppers, chipotle",normal,184
CATFISH,cilantro,normal,184
CATFISH,cucumbers,normal,184
CATFISH,garlic,normal,184
CATFISH,"greens, collard",normal,184
CATFISH,ham,normal,184
CATFISH,hush puppies,normal,184
CATFISH,"lemon, juice",recommended,184
CATFISH,"oil: peanut, vegetable",recommended,184
CATFISH,olive oil,recommended,184
CATFISH,"olives, esp. niçoise",normal,184
CATFISH,"parsley, flat-leaf",normal,184
CATFISH,"pepper: black, Szechuan",recommended,185
CATFISH,pine nuts,normal,185
CATFISH,potatoes,normal,185
CATFISH,"salt, kosher",recommended,185
CATFISH,Southern cuisine (American),normal,185
CATFISH,soy sauce,normal,185
CATFISH,"stock, chicken",normal,185
CATFISH,sugar,normal,185
CATFISH,tomatillos,normal,185
CATFISH,tomatoes,recommended,185
CATFISH,vinaigrette,normal,185
CATFISH,"vinegar, cider",normal,185
CATFISH,"wine, dry white",normal,185
CAULIFLOWER,anchovies,recommended,185
CAULIFLOWER,apples,normal,185
CAULIFLOWER,bay leaf,normal,185
CAULIFLOWER,"bell peppers, esp. green (e.g., Indian cuisine)",normal,185
CAULIFLOWER,bread crumbs,recommended,185
CAULIFLOWER,broccoli,normal,185
CAULIFLOWER,brown butter,normal,185
CAULIFLOWER,"butter, unsalted",recommended,185
CAULIFLOWER,capers,normal,185
CAULIFLOWER,cardamom,normal,185
CAULIFLOWER,caviar,normal,185
CAULIFLOWER,celery seeds,normal,185
CAULIFLOWER,"CHEESE: blue, cheddar, Comté, Emmental, goat, Gruyère, Parmesan, pecorino",recommended,185
CAULIFLOWER,chervil,normal,185
CAULIFLOWER,"chile peppers, dried red",normal,185
CAULIFLOWER,chili sauce,recommended,185
CAULIFLOWER,chives,normal,185
CAULIFLOWER,"chocolate and cocoa, when cauliflower is caramelized",normal,186
CAULIFLOWER,cilantro,normal,186
CAULIFLOWER,coriander,normal,186
CAULIFLOWER,CREAM AND MILK,very_highly_recommended,186
CAULIFLOWER,cumin,normal,186
CAULIFLOWER,"currants, dried",normal,186
CAULIFLOWER,curry powder,recommended,186
CAULIFLOWER,dill,recommended,186
CAULIFLOWER,Eastern Mediterranean cuisine,normal,186
CAULIFLOWER,"egg, hard-boiled, esp. yolk",normal,186
CAULIFLOWER,French cuisine,normal,186
CAULIFLOWER,garam masala,normal,186
CAULIFLOWER,GARLIC,very_highly_recommended,186
CAULIFLOWER,ginger,normal,186
CAULIFLOWER,greens,normal,186
CAULIFLOWER,hollandaise sauce,normal,187
CAULIFLOWER,Indian cuisine,normal,187
CAULIFLOWER,leeks,normal,187
CAULIFLOWER,"lemon: juice, zest",recommended,187
CAULIFLOWER,lime,normal,187
CAULIFLOWER,Mediterranean cuisine,normal,187
CAULIFLOWER,mint,recommended,187
CAULIFLOWER,mussels,normal,187
CAULIFLOWER,"mustard, esp. Dijon",normal,187
CAULIFLOWER,"mustard: oil, seeds",normal,187
CAULIFLOWER,nutmeg,normal,187
CAULIFLOWER,"OIL: canola, grapeseed, vegetable",recommended,187
CAULIFLOWER,olive oil,normal,187
CAULIFLOWER,"olives: black, green",normal,187
CAULIFLOWER,"ONIONS: green, red",recommended,187
CAULIFLOWER,"orange: juice, zest",normal,187
CAULIFLOWER,paprika,normal,187
CAULIFLOWER,"parsley, flat-leaf",normal,187
CAULIFLOWER,pasta,normal,187
CAULIFLOWER,"PEPPER: BLACK, WHITE",very_highly_recommended,187
CAULIFLOWER,pine nuts,normal,187
CAULIFLOWER,poppy seeds,normal,187
CAULIFLOWER,"potatoes, red (e.g., Indian cuisine)",recommended,187
CAULIFLOWER,raisins,normal,187
CAULIFLOWER,red pepper flakes,normal,187
CAULIFLOWER,saffron,normal,187
CAULIFLOWER,"SALT: KOSHER, SEA",very_highly_recommended,187
CAULIFLOWER,"sauces: béchamel, brown butter, cheese, cream, hollandaise, Mornay",recommended,187
CAULIFLOWER,scallions,normal,187
CAULIFLOWER,scallops,normal,187
CAULIFLOWER,shallots,normal,187
CAULIFLOWER,soups,normal,187
CAULIFLOWER,"stock, chicken",normal,187
CAULIFLOWER,tarragon,normal,187
CAULIFLOWER,thyme,normal,187
CAULIFLOWER,"tomatoes (e.g., Indian cuisine)",normal,187
CAULIFLOWER,"truffles, white",normal,187
CAULIFLOWER,turmeric,normal,187
CAULIFLOWER,"vinegar: red, white wine",normal,187
CAULIFLOWER,watercress,normal,187
CAULIFLOWER,"yogurt (e.g., Indian cuisine)",normal,187
CAVIAR,"blini, esp. whole wheat",recommended,188
CAVIAR,"bread, esp. toast points",recommended,188
CAVIAR,chives,normal,188
CAVIAR,crème fraîche,normal,188
CAVIAR,eggs,normal,188
CAVIAR,French cuisine,normal,188
CAVIAR,lemon,normal,188
CAVIAR,"onion, esp. raw",normal,188
CAVIAR,"pepper: black, white",normal,188
CAVIAR,potatoes,normal,188
CAVIAR,Russian cuisine,normal,188
CAVIAR,salt,normal,188
CAVIAR,shallots,normal,188
CAVIAR,sour cream,normal,188
CAVIAR,vodka,recommended,188
CAVIAR,white chocolate,normal,188
CAVIAR,"wine, Champagne",recommended,188
CAVIAR,ingredients almost “melt” together.,normal,188
"CAYENNE, GROUND",basil,normal,189
"CAYENNE, GROUND",beans,normal,189
"CAYENNE, GROUND",bell peppers,recommended,189
"CAYENNE, GROUND",Cajun cuisine,recommended,189
"CAYENNE, GROUND",cheese and cheese sauces,normal,189
"CAYENNE, GROUND",chili,normal,189
"CAYENNE, GROUND",cilantro,normal,189
"CAYENNE, GROUND",coriander,normal,189
"CAYENNE, GROUND",corn,normal,189
"CAYENNE, GROUND",crab,normal,189
"CAYENNE, GROUND",Creole cuisine,normal,189
"CAYENNE, GROUND",cumin,normal,189
"CAYENNE, GROUND",eggplant,normal,189
"CAYENNE, GROUND",fish,recommended,189
"CAYENNE, GROUND",garlic,normal,189
"CAYENNE, GROUND",Indian cuisine,normal,189
"CAYENNE, GROUND",Italian cuisine,normal,189
"CAYENNE, GROUND",lemon,normal,189
"CAYENNE, GROUND",lobster,normal,189
"CAYENNE, GROUND",meat,normal,189
"CAYENNE, GROUND",Mexican cuisine,normal,189
"CAYENNE, GROUND",oil,normal,189
"CAYENNE, GROUND",onions,normal,189
"CAYENNE, GROUND",potatoes,normal,189
"CAYENNE, GROUND",rice,normal,189
"CAYENNE, GROUND",sardines,normal,189
"CAYENNE, GROUND",sauces,normal,189
"CAYENNE, GROUND",shellfish,normal,189
"CAYENNE, GROUND",soups,normal,189
"CAYENNE, GROUND",stews,normal,189
"CAYENNE, GROUND",tomatoes,recommended,190
"CAYENNE, GROUND",caviar,avoid,190
"CAYENNE, GROUND",delicate flavors,avoid,190
"CAYENNE, GROUND",truffles,avoid,190
CELERY,basil,normal,190
CELERY,bay leaf,normal,190
CELERY,beets,normal,190
CELERY,butter,recommended,190
CELERY,capers,normal,190
CELERY,carrots,normal,190
CELERY,"cheese, esp. blue, feta, goat, Gruyère, Parmesan, Roquefort",normal,190
CELERY,chervil,normal,190
CELERY,chicken and other poultry,normal,190
CELERY,chickpeas and hummus,normal,190
CELERY,chives,normal,190
CELERY,cream,normal,190
CELERY,cream cheese,normal,190
CELERY,curry,normal,190
CELERY,dill,normal,190
CELERY,"eggs, hard-boiled",normal,190
CELERY,fish,normal,190
CELERY,garlic,normal,190
CELERY,legumes,normal,190
CELERY,"lemon, juice",normal,190
CELERY,lovage,normal,190
CELERY,mirepoix (key ingredient),normal,191
CELERY,"mushrooms, wild",normal,191
CELERY,"mustard, esp. Dijon",normal,191
CELERY,separately as well as together.,normal,191
CELERY,olive oil,normal,191
CELERY,"onions, esp. red",normal,191
CELERY,paprika,normal,191
CELERY,parsley,normal,191
CELERY,peanuts and peanut butter,normal,191
CELERY,"pepper, white",normal,191
CELERY,potatoes,normal,191
CELERY,rice,normal,191
CELERY,"salads: chicken, potato, shrimp, tuna",normal,191
CELERY,salt,normal,191
CELERY,scallions,normal,191
CELERY,shallots,normal,191
CELERY,shellfish,normal,191
CELERY,stir-fried dishes,normal,191
CELERY,"stocks: chicken, vegetable",recommended,191
CELERY,stuffings,normal,191
CELERY,tarragon,normal,191
CELERY,thyme,normal,191
CELERY,tomatoes and tomato juice,normal,191
CELERY,"truffles, black",normal,191
CELERY,turnips,normal,191
CELERY,"vinegar: tarragon, wine",normal,191
CELERY ROOT,allspice,normal,192
CELERY ROOT,apples,recommended,192
CELERY ROOT,basil,normal,192
CELERY ROOT,bay leaf,normal,192
CELERY ROOT,beef,normal,192
CELERY ROOT,beets,normal,192
CELERY ROOT,brown butter,normal,192
CELERY ROOT,butter,recommended,192
CELERY ROOT,capers,recommended,192
CELERY ROOT,carrots,normal,192
CELERY ROOT,celery,normal,192
CELERY ROOT,celery leaves,normal,192
CELERY ROOT,"cheese: Gruyère, Parmesan, Swiss",normal,192
CELERY ROOT,chervil,recommended,192
CELERY ROOT,chicken,normal,192
CELERY ROOT,chives,recommended,192
CELERY ROOT,coriander,normal,192
CELERY ROOT,cream,recommended,192
CELERY ROOT,crème fraîche,normal,192
CELERY ROOT,dill,normal,192
CELERY ROOT,fennel leaves,normal,192
CELERY ROOT,fennel seeds,normal,192
CELERY ROOT,garlic,recommended,192
CELERY ROOT,leeks,normal,192
CELERY ROOT,"LEMON, JUICE",very_highly_recommended,192
CELERY ROOT,lovage,normal,192
CELERY ROOT,game birds,normal,192
CELERY ROOT,garlic,normal,192
CELERY ROOT,hazelnuts,normal,192
CELERY ROOT,marjoram,normal,192
CELERY ROOT,MAYONNAISE,very_highly_recommended,192
CELERY ROOT,mushrooms,normal,192
CELERY ROOT,"MUSTARD, DIJON",very_highly_recommended,192
CELERY ROOT,nutmeg,normal,192
CELERY ROOT,"oil: peanut, sesame, walnut",normal,192
CELERY ROOT,olive oil,normal,192
CELERY ROOT,olives,normal,192
CELERY ROOT,onions,normal,192
CELERY ROOT,oregano,normal,192
CELERY ROOT,paprika,normal,193
CELERY ROOT,parsley,recommended,193
CELERY ROOT,parsnips,normal,193
CELERY ROOT,pecans,normal,193
CELERY ROOT,"pepper, black",normal,193
CELERY ROOT,"POTATOES, ESP. MASHED",very_highly_recommended,193
CELERY ROOT,rice,normal,193
CELERY ROOT,rutabagas,normal,193
CELERY ROOT,sage,normal,193
CELERY ROOT,"salads, esp. green, tuna",normal,193
CELERY ROOT,"salt, kosher",recommended,193
CELERY ROOT,seafood,normal,193
CELERY ROOT,soups,normal,193
CELERY ROOT,stews,normal,193
CELERY ROOT,"stocks: chicken, vegetable",normal,193
CELERY ROOT,tarragon,recommended,193
CELERY ROOT,thyme,normal,193
CELERY ROOT,"truffles, esp. black",recommended,193
CELERY ROOT,turnips,normal,193
CELERY ROOT,veal,normal,193
CELERY ROOT,"vegetables, root",normal,193
CELERY ROOT,vinaigrette,normal,193
CELERY ROOT,"vinegar: cider, wine",recommended,193
CELERY ROOT,watercress,normal,193
CELERY ROOT,wild rice,normal,193
CELERY SALT,Bloody Marys,normal,193
CELERY SALT,"eggs, hard-boiled",normal,193
CELERY SALT,Tabasco sauce,normal,193
CELERY SEED,allspice,normal,193
CELERY SEED,bay leaf,normal,193
CELERY SEED,beef,normal,194
CELERY SEED,breads,normal,194
CELERY SEED,Cajun/Creole cuisines,normal,194
CELERY SEED,"cheese, e.g., blue",normal,194
CELERY SEED,chervil,normal,194
CELERY SEED,chicken,normal,194
CELERY SEED,coriander,normal,194
CELERY SEED,crab,normal,194
CELERY SEED,dill,normal,194
CELERY SEED,eggplant,normal,194
CELERY SEED,eggs,normal,194
CELERY SEED,fennel seeds,normal,194
CELERY SEED,fish,normal,194
CELERY SEED,German cuisine,normal,194
CELERY SEED,ginger,normal,194
CELERY SEED,Italian cuisine,normal,194
CELERY SEED,mayonnaise,normal,194
CELERY SEED,mushrooms,normal,194
CELERY SEED,mustard,normal,194
CELERY SEED,onions,normal,194
CELERY SEED,paprika,normal,194
CELERY SEED,peas,normal,194
CELERY SEED,pepper,normal,194
CELERY SEED,potatoes,normal,194
CELERY SEED,Russian cuisine,normal,194
CELERY SEED,salads and salad dressings,normal,194
CELERY SEED,sauces,normal,194
CELERY SEED,shellfish,normal,194
CELERY SEED,soups,recommended,194
CELERY SEED,stews,normal,194
CELERY SEED,stuffing,normal,194
CELERY SEED,thyme,normal,194
CELERY SEED,tomatoes,normal,194
CELERY SEED,vegetables and vegetable juices,recommended,194
CELERY SEED,Worcestershire sauce,normal,194
CHAMOMILE,Asian cuisine,normal,194
CHAMOMILE,chicken,normal,194
CHAMOMILE,"chocolate, white",normal,194
CHAMOMILE,desserts,normal,194
CHAMOMILE,"fish (e.g., halibut)",normal,194
CHAMOMILE,honey,normal,195
CHAMOMILE,lemon,normal,195
CHAMOMILE,rice,normal,195
CHAMOMILE,tea,normal,195
CHAMOMILE,veal,normal,195
CHAMPAGNE,blackberries,normal,195
CHAMPAGNE,caviar,recommended,195
CHAMPAGNE,cherries,normal,195
CHAMPAGNE,cranberries,normal,195
CHAMPAGNE,lemon,normal,195
CHAMPAGNE,lime,normal,195
CHAMPAGNE,melon,normal,195
CHAMPAGNE,mint,normal,195
CHAMPAGNE,raspberries,normal,195
CHAMPAGNE,strawberries,recommended,195
CHARD (aka Swiss chard),anchovies,normal,195
CHARD (aka Swiss chard),bacon,normal,195
CHARD (aka Swiss chard),basil,normal,195
CHARD (aka Swiss chard),bay leaf,normal,195
CHARD (aka Swiss chard),bread crumbs,normal,195
CHARD (aka Swiss chard),"butter, unsalted",recommended,195
CHARD (aka Swiss chard),capers,normal,195
CHARD (aka Swiss chard),"cheese: Fontina, Gruyère, Parmesan",normal,195
CHARD (aka Swiss chard),chickpeas,normal,195
CHARD (aka Swiss chard),chile peppers,normal,195
CHARD (aka Swiss chard),cilantro,normal,195
CHARD (aka Swiss chard),cumin,normal,195
CHARD (aka Swiss chard),cured meats,normal,195
CHARD (aka Swiss chard),egg dishes,normal,195
CHARD (aka Swiss chard),"eggs, hard-boiled",normal,195
CHARD (aka Swiss chard),GARLIC,holy_grail,195
CHARD (aka Swiss chard),"Italian cuisine, esp. pasta",normal,196
CHARD (aka Swiss chard),"lamb, esp. chops",normal,196
CHARD (aka Swiss chard),leeks,normal,196
CHARD (aka Swiss chard),"lemon: juice, zest",normal,196
CHARD (aka Swiss chard),"mushrooms, chanterelle",normal,196
CHARD (aka Swiss chard),"oil, peanut",recommended,196
CHARD (aka Swiss chard),olive oil,normal,196
CHARD (aka Swiss chard),olives,normal,196
CHARD (aka Swiss chard),"onions, esp. spring or yellow",recommended,196
CHARD (aka Swiss chard),"orange, zest",normal,196
CHARD (aka Swiss chard),oregano,normal,196
CHARD (aka Swiss chard),pasta (including using to color green pasta),normal,196
CHARD (aka Swiss chard),"pepper: black, white",normal,196
CHARD (aka Swiss chard),pine nuts,normal,196
CHARD (aka Swiss chard),polenta,normal,196
CHARD (aka Swiss chard),potatoes,normal,196
CHARD (aka Swiss chard),raisins,normal,196
CHARD (aka Swiss chard),red pepper flakes,normal,196
CHARD (aka Swiss chard),saffron,normal,196
CHARD (aka Swiss chard),"salt, kosher",recommended,196
CHARD (aka Swiss chard),shallots,normal,196
CHARD (aka Swiss chard),spinach,normal,196
CHARD (aka Swiss chard),stews,normal,196
CHARD (aka Swiss chard),"stocks: chicken, vegetable",normal,196
CHARD (aka Swiss chard),thyme,normal,196
CHARD (aka Swiss chard),tomatoes,normal,196
CHARD (aka Swiss chard),"vinegar: balsamic, red wine",recommended,196
CHARDONNAY,butter and butter sauces,normal,196
CHARDONNAY,chicken,normal,196
CHARDONNAY,crab,normal,196
CHARDONNAY,cream and cream sauces,normal,196
CHARDONNAY,fish,normal,196
CHARDONNAY,lobster,normal,196
CHARDONNAY,salmon,normal,196
CHARDONNAY,scallops,normal,196
CHARDONNAY,shellfish,normal,196
CHARDONNAY,veal,normal,197
CHEESE — IN GENERAL,apples,normal,197
CHEESE — IN GENERAL,"breads, esp. neutral-flavored",normal,197
CHEESE — IN GENERAL,"celery, esp. with cheese sauces and dishes",normal,197
CHEESE — IN GENERAL,"cherries, esp. with soft cheeses",normal,197
CHEESE — IN GENERAL,"cured meats, esp. ham",normal,197
CHEESE — IN GENERAL,"dates, esp. Medjool",normal,197
CHEESE — IN GENERAL,"dried fruits, esp. dates, figs",normal,197
CHEESE — IN GENERAL,grapes,normal,197
CHEESE — IN GENERAL,"nuts, esp. hazelnuts, walnuts",normal,197
CHEESE — IN GENERAL,pears,normal,197
"CHEESE, ASIAGO",almonds,normal,197
"CHEESE, ASIAGO",bacon,normal,197
"CHEESE, ASIAGO",figs,normal,197
"CHEESE, ASIAGO","cheese, does not work with a young cheese.",normal,198
"CHEESE, ASIAGO",grapes,normal,198
"CHEESE, ASIAGO",Italian cuisine,normal,198
"CHEESE, ASIAGO",pasta,normal,198
"CHEESE, ASIAGO",potatoes,normal,198
"CHEESE, ASIAGO",salads,normal,198
"CHEESE, AZEITAO",foie gras,normal,198
"CHEESE, BLUE",almonds,normal,198
"CHEESE, BLUE",apples,recommended,198
"CHEESE, BLUE",beef,normal,198
"CHEESE, BLUE","bread, esp. with nuts and/or raisins",normal,198
"CHEESE, BLUE",celery,recommended,198
"CHEESE, BLUE","chestnuts, roasted",normal,198
"CHEESE, BLUE",cream cheese,normal,198
"CHEESE, BLUE",dill,normal,199
"CHEESE, BLUE","figs, esp. with Gorgonzola",normal,199
"CHEESE, BLUE",garlic,normal,199
"CHEESE, BLUE",hazelnuts,normal,199
"CHEESE, BLUE","HONEY, esp. chestnut or tupelo",very_highly_recommended,199
"CHEESE, BLUE","mustard, Dijon",normal,199
"CHEESE, BLUE",pasta,normal,199
"CHEESE, BLUE","PEARS, esp. with Stilton",very_highly_recommended,199
"CHEESE, BLUE",port,normal,199
"CHEESE, BLUE",potatoes,normal,199
"CHEESE, BLUE","salt, kosher",normal,199
"CHEESE, BLUE",sour cream,normal,199
"CHEESE, BLUE",steaks,normal,199
"CHEESE, BLUE","vinegar, white wine",normal,199
"CHEESE, BLUE",walnut bread,recommended,199
"CHEESE, BLUE","walnuts, esp. with Stilton",normal,199
"CHEESE, BLUE","walnuts, candied",normal,199
"CHEESE, BLUE",watercress,normal,199
"CHEESE, BRIE",almonds,normal,199
"CHEESE, BRIE",apples,normal,199
"CHEESE, BRIE","bread, esp. French",normal,199
"CHEESE, BRIE",cherries,normal,199
"CHEESE, BRIE",chicken,normal,199
"CHEESE, BRIE","crudités (e.g., raw carrots, celery)",normal,199
"CHEESE, BRIE",dates,normal,200
"CHEESE, BRIE",fennel,normal,200
"CHEESE, BRIE",figs,normal,200
"CHEESE, BRIE",French cuisine,normal,200
"CHEESE, BRIE",nuts,normal,200
"CHEESE, BRIE",melon,normal,200
"CHEESE, BRIE",onions,normal,200
"CHEESE, BRIE",pears,normal,200
"CHEESE, BRIE",pistachios,normal,200
"CHEESE, BRIE",strawberries,normal,200
"CHEESE, BRIE",white wine,normal,200
"CHEESE, BURRATA","beans, fava",normal,200
"CHEESE, BURRATA",bread,normal,200
"CHEESE, BURRATA",garlic,normal,200
"CHEESE, BURRATA",Italian cuisine,normal,200
"CHEESE, BURRATA",olive oil,normal,200
"CHEESE, BURRATA",peaches,normal,200
"CHEESE, BURRATA",pesto,normal,200
"CHEESE, BURRATA",plums,normal,200
"CHEESE, BURRATA","salt, esp. sea",normal,200
"CHEESE, BURRATA",tomatoes,normal,200
"CHEESE, BURRATA",vincotto (cooked wine),normal,200
"CHEESE, CABRALES",figs,recommended,200
"CHEESE, CABRALES","grapes, esp. red",recommended,200
"CHEESE, CABRALES","ham, Serrano",normal,200
"CHEESE, CABRALES",honey,normal,200
"CHEESE, CABRALES",pears,normal,200
"CHEESE, CABRALES",salads,normal,200
"CHEESE, CABRALES",steak,normal,200
"CHEESE, CAMEMBERT",arugula,normal,200
"CHEESE, CAMEMBERT","fruit, fresh",normal,200
"CHEESE, CAMEMBERT",grapes,normal,200
"CHEESE, CAMEMBERT","lettuces (e.g., baby greens)",normal,200
"CHEESE, CAMEMBERT",melon,normal,200
"CHEESE, CAMEMBERT",nuts,normal,201
"CHEESE, CAMEMBERT",olive oil,normal,201
"CHEESE, CAMEMBERT",pears,normal,201
"CHEESE, CAMEMBERT",pecans,normal,201
"CHEESE, CAMEMBERT",plums,normal,201
"CHEESE, CAMEMBERT",salads,normal,201
"CHEESE, CAMEMBERT",strawberries,normal,201
"CHEESE, CAMEMBERT","vinegar: balsamic, sherry",normal,201
"CHEESE, CHEDDAR",APPLES,very_highly_recommended,201
"CHEESE, CHEDDAR",bacon,normal,201
"CHEESE, CHEDDAR","brandy, apple, e.g., Calvados",normal,201
"CHEESE, CHEDDAR","bread, esp. French, pumpernickel, or whole wheat",recommended,201
"CHEESE, CHEDDAR","butter, unsalted",normal,201
"CHEESE, CHEDDAR",cayenne,normal,201
"CHEESE, CHEDDAR","chutney, Indian",normal,201
"CHEESE, CHEDDAR",cider,recommended,201
"CHEESE, CHEDDAR",cream,normal,201
"CHEESE, CHEDDAR",dates,normal,201
"CHEESE, CHEDDAR",egg dishes,normal,201
"CHEESE, CHEDDAR",fennel,normal,201
"CHEESE, CHEDDAR",garlic,normal,201
"CHEESE, CHEDDAR",grapes,normal,201
"CHEESE, CHEDDAR",hamburgers,normal,201
"CHEESE, CHEDDAR","honey, esp. fruit (e.g., blueberry, raspberry)",normal,201
"CHEESE, CHEDDAR","mirepoix, esp. for soup",normal,201
"CHEESE, CHEDDAR",mostarda (mustard fruits),normal,201
"CHEESE, CHEDDAR",nuts,normal,201
"CHEESE, CHEDDAR","oil, vegetable",normal,201
"CHEESE, CHEDDAR",paprika,normal,201
"CHEESE, CHEDDAR","pasta, esp. macaroni",normal,201
"CHEESE, CHEDDAR",pears and pear paste,normal,201
"CHEESE, CHEDDAR",pecans,normal,201
"CHEESE, CHEDDAR","pepper, black",normal,201
"CHEESE, CHEDDAR",potatoes,normal,201
"CHEESE, CHEDDAR",quince paste,normal,201
"CHEESE, CHEDDAR","stock, chicken",normal,201
"CHEESE, CHEDDAR",thyme,normal,201
"CHEESE, CHEDDAR",walnuts,normal,201
"CHEESE, COLBY",apples,normal,202
"CHEESE, COLBY",bacon,normal,202
"CHEESE, COLBY",beer,normal,202
"CHEESE, COLBY","bread, rye",normal,202
"CHEESE, COLBY","cider, apple",normal,202
"CHEESE, COLBY",onions,normal,202
"CHEESE, COLBY",pears,normal,202
"CHEESE, COLBY",potatoes,normal,202
"CHEESE, COMTÉ",ham,normal,202
"CHEESE, COMTÉ",hazelnut oil,normal,202
"CHEESE, COMTÉ","greens, salad",normal,202
"CHEESE, COW’S MILK — IN GENERAL",cherries,normal,202
"CHEESE, COW’S MILK — IN GENERAL",melons,normal,202
"CHEESE, EMMENTAL",bacon,normal,202
"CHEESE, EMMENTAL","bread, rye, esp. lighter",normal,202
"CHEESE, EMMENTAL",potatoes,normal,202
"CHEESE, ÉPOISSES",cherries,normal,202
"CHEESE, ÉPOISSES","marmalade, citrus",normal,202
"CHEESE, ÉPOISSES",pears,normal,202
"CHEESE, EXPLORATEUR",pomegranate,normal,202
"CHEESE, FETA","bell peppers, red",normal,203
"CHEESE, FETA","bread: olive, pita",recommended,203
"CHEESE, FETA","cheese, ricotta",normal,203
"CHEESE, FETA",chickpeas,normal,203
"CHEESE, FETA",dill,normal,203
"CHEESE, FETA",Eastern Mediterranean cuisine,normal,203
"CHEESE, FETA",eggplant,normal,203
"CHEESE, FETA",figs,normal,203
"CHEESE, FETA",garlic,normal,203
"CHEESE, FETA",grapes,normal,203
"CHEESE, FETA",Greek cuisine,normal,203
"CHEESE, FETA",honey,normal,203
"CHEESE, FETA",lamb,normal,203
"CHEESE, FETA",lemon,normal,203
"CHEESE, FETA","meats, grilled",normal,203
"CHEESE, FETA",mint,recommended,203
"CHEESE, FETA",olive oil,normal,203
"CHEESE, FETA","olives: black, Greek",recommended,203
"CHEESE, FETA","onions, red",normal,203
"CHEESE, FETA",pasta,normal,203
"CHEESE, FETA","pepper, black",normal,203
"CHEESE, FETA",sage,normal,203
"CHEESE, FETA",salads,normal,203
"CHEESE, FETA",sauces,normal,203
"CHEESE, FETA",shrimp,normal,203
"CHEESE, FETA",spinach,normal,203
"CHEESE, FETA",thyme,normal,203
"CHEESE, FETA","vinegar, red wine",normal,203
"CHEESE, FETA",walnuts,normal,203
"CHEESE, FETA",watermelon,normal,203
"CHEESE, FETA",zucchini,normal,203
"CHEESE, FONTINA",chutney,normal,203
"CHEESE, FONTINA",endive,normal,203
"CHEESE, FONTINA",fondue,normal,203
"CHEESE, FONTINA","fruit, fresh",normal,203
"CHEESE, FONTINA",grapes,normal,204
"CHEESE, FONTINA",mostarda (mustard fruits),normal,204
"CHEESE, FONTINA",pears,normal,204
"CHEESE, FONTINA",plums,normal,204
"CHEESE, FONTINA",salads,normal,204
"CHEESE, FONTINA",sandwiches,normal,204
"CHEESE, FONTINA",walnuts,normal,204
"CHEESE, FROMAGE BLANC","cranberries, sweetened",normal,204
"CHEESE, FROMAGE BLANC",figs,normal,204
"CHEESE, GARROTXA",figs,normal,204
"CHEESE, GOAT’S MILK — IN GENERAL",almonds,normal,204
"CHEESE, GOAT’S MILK — IN GENERAL",honey,normal,204
"CHEESE, GOAT’S MILK — IN GENERAL",nuts,normal,204
"CHEESE, GOAT’S MILK — IN GENERAL","oil, walnut",normal,204
"CHEESE, GOAT’S MILK — IN GENERAL",olive oil,normal,204
"CHEESE, GOAT’S MILK — IN GENERAL",olives,normal,204
"CHEESE, GOAT’S MILK — IN GENERAL","pepper, black",normal,204
"CHEESE, GOAT’S MILK — IN GENERAL",pomegranate,normal,204
"CHEESE, GOAT’S MILK — IN GENERAL",thyme,normal,204
"CHEESE, GOAT’S MILK — IN GENERAL",Huckleberries,recommended,204
"CHEESE, GOAT’S MILK — IN GENERAL","Seeds, and Apple Cider Vinegar",recommended,204
"CHEESE, GOAT’S MILK — IN GENERAL",Oil,recommended,205
"CHEESE, GOAT — FRESH (e.g., chèvre)",almonds,recommended,205
"CHEESE, GOAT — FRESH (e.g., chèvre)","apples, esp. green",normal,205
"CHEESE, GOAT — FRESH (e.g., chèvre)","apricots, esp. dried",normal,205
"CHEESE, GOAT — FRESH (e.g., chèvre)",basil,recommended,205
"CHEESE, GOAT — FRESH (e.g., chèvre)",beets,normal,205
"CHEESE, GOAT — FRESH (e.g., chèvre)","bell peppers: green, esp. red",recommended,205
"CHEESE, GOAT — FRESH (e.g., chèvre)",blackberries,normal,205
"CHEESE, GOAT — FRESH (e.g., chèvre)",broccoli,normal,205
"CHEESE, GOAT — FRESH (e.g., chèvre)",butter,normal,205
"CHEESE, GOAT — FRESH (e.g., chèvre)",cauliflower,normal,205
"CHEESE, GOAT — FRESH (e.g., chèvre)","cheese: Parmesan, ricotta",normal,205
"CHEESE, GOAT — FRESH (e.g., chèvre)","cherries, sour or sweet",recommended,205
"CHEESE, GOAT — FRESH (e.g., chèvre)",chervil,normal,205
"CHEESE, GOAT — FRESH (e.g., chèvre)",chives,recommended,205
"CHEESE, GOAT — FRESH (e.g., chèvre)",cinnamon,normal,205
"CHEESE, GOAT — FRESH (e.g., chèvre)","cranberries, esp. dried",normal,205
"CHEESE, GOAT — FRESH (e.g., chèvre)",cream,recommended,205
"CHEESE, GOAT — FRESH (e.g., chèvre)",dates,normal,205
"CHEESE, GOAT — FRESH (e.g., chèvre)",eggs,normal,205
"CHEESE, GOAT — FRESH (e.g., chèvre)",fennel,recommended,205
"CHEESE, GOAT — FRESH (e.g., chèvre)",fennel seeds,recommended,205
"CHEESE, GOAT — FRESH (e.g., chèvre)",figs,recommended,205
"CHEESE, GOAT — FRESH (e.g., chèvre)",garlic,recommended,205
"CHEESE, GOAT — FRESH (e.g., chèvre)",grapes,normal,205
"CHEESE, GOAT — FRESH (e.g., chèvre)","greens, salad, esp. arugula",normal,205
"CHEESE, GOAT — FRESH (e.g., chèvre)",herbs,normal,205
"CHEESE, GOAT — FRESH (e.g., chèvre)",honey,recommended,205
"CHEESE, GOAT — FRESH (e.g., chèvre)",Almond-Infused Goat’s Milk Cheesecake,recommended,205
"CHEESE, GOAT — FRESH (e.g., chèvre)","LEMON, juice",recommended,206
"CHEESE, GOAT — FRESH (e.g., chèvre)",milk,normal,206
"CHEESE, GOAT — FRESH (e.g., chèvre)",mint,recommended,206
"CHEESE, GOAT — FRESH (e.g., chèvre)",nutmeg,normal,206
"CHEESE, GOAT — FRESH (e.g., chèvre)",nuts,normal,206
"CHEESE, GOAT — FRESH (e.g., chèvre)","oil, sesame",normal,206
"CHEESE, GOAT — FRESH (e.g., chèvre)",olive oil,recommended,206
"CHEESE, GOAT — FRESH (e.g., chèvre)",olives,recommended,206
"CHEESE, GOAT — FRESH (e.g., chèvre)","onions, esp. green, Spanish, or Vidalia",normal,206
"CHEESE, GOAT — FRESH (e.g., chèvre)","orange: juice, zest",recommended,206
"CHEESE, GOAT — FRESH (e.g., chèvre)","parsley, flat-leaf",normal,206
"CHEESE, GOAT — FRESH (e.g., chèvre)",pasta,normal,206
"CHEESE, GOAT — FRESH (e.g., chèvre)","pears: dried, fresh",normal,206
"CHEESE, GOAT — FRESH (e.g., chèvre)",pecans,normal,206
"CHEESE, GOAT — FRESH (e.g., chèvre)","pepper: black, white",recommended,206
"CHEESE, GOAT — FRESH (e.g., chèvre)",pesto,normal,206
"CHEESE, GOAT — FRESH (e.g., chèvre)",pine nuts,normal,206
"CHEESE, GOAT — FRESH (e.g., chèvre)",pistachios,normal,206
"CHEESE, GOAT — FRESH (e.g., chèvre)",port,normal,206
"CHEESE, GOAT — FRESH (e.g., chèvre)",potatoes,normal,206
"CHEESE, GOAT — FRESH (e.g., chèvre)",raspberries,normal,206
"CHEESE, GOAT — FRESH (e.g., chèvre)",red pepper flakes,normal,206
"CHEESE, GOAT — FRESH (e.g., chèvre)",rosemary,normal,206
"CHEESE, GOAT — FRESH (e.g., chèvre)","rum, esp. light",normal,206
"CHEESE, GOAT — FRESH (e.g., chèvre)",sage,normal,206
"CHEESE, GOAT — FRESH (e.g., chèvre)",salami,normal,206
"CHEESE, GOAT — FRESH (e.g., chèvre)","salt, sea",normal,206
"CHEESE, GOAT — FRESH (e.g., chèvre)",shallots,normal,206
"CHEESE, GOAT — FRESH (e.g., chèvre)",sour cream,normal,206
"CHEESE, GOAT — FRESH (e.g., chèvre)",star anise,normal,206
"CHEESE, GOAT — FRESH (e.g., chèvre)",strawberries,recommended,206
"CHEESE, GOAT — FRESH (e.g., chèvre)","sugar: brown, white",normal,206
"CHEESE, GOAT — FRESH (e.g., chèvre)",thyme,normal,206
"CHEESE, GOAT — FRESH (e.g., chèvre)","vegetables, raw",normal,207
"CHEESE, GOAT — FRESH (e.g., chèvre)","vinegar, cider",normal,207
"CHEESE, GOAT — FRESH (e.g., chèvre)",tarragon,normal,207
"CHEESE, GOAT — FRESH (e.g., chèvre)",thyme,normal,207
"CHEESE, GOAT — FRESH (e.g., chèvre)",tomatoes and tomato jam,normal,207
"CHEESE, GOAT — FRESH (e.g., chèvre)",vanilla,normal,207
"CHEESE, GOAT — FRESH (e.g., chèvre)","vinegar: balsamic, sherry",recommended,207
"CHEESE, GOAT — FRESH (e.g., chèvre)",walnuts,recommended,207
"CHEESE, GORGONZOLA",apples,recommended,207
"CHEESE, GORGONZOLA",brandy,normal,207
"CHEESE, GORGONZOLA","cherries: sour, sweet",recommended,207
"CHEESE, GORGONZOLA",cognac,normal,207
"CHEESE, GORGONZOLA",corn,normal,207
"CHEESE, GORGONZOLA",cream,normal,207
"CHEESE, GORGONZOLA",dulce de leche,normal,207
"CHEESE, GORGONZOLA",figs,recommended,208
"CHEESE, GORGONZOLA",grapes,normal,208
"CHEESE, GORGONZOLA","honey, esp. chestnut",recommended,208
"CHEESE, GORGONZOLA",Italian cuisine,normal,208
"CHEESE, GORGONZOLA",mint,normal,208
"CHEESE, GORGONZOLA",nuts,normal,208
"CHEESE, GORGONZOLA",olive oil,normal,208
"CHEESE, GORGONZOLA",pasta,normal,208
"CHEESE, GORGONZOLA",PEARS,very_highly_recommended,208
"CHEESE, GORGONZOLA",pistachios,normal,208
"CHEESE, GORGONZOLA",pomegranate,normal,208
"CHEESE, GORGONZOLA",prosciutto,normal,208
"CHEESE, GORGONZOLA","salads (e.g., spinach)",normal,208
"CHEESE, GORGONZOLA",sugar,normal,208
"CHEESE, GORGONZOLA",thyme,normal,208
"CHEESE, GORGONZOLA",WALNUTS,very_highly_recommended,208
"CHEESE, GORGONZOLA","wine, sweet",normal,208
"CHEESE, GOUDA","apples, esp. with aged and/or smoked cheese",recommended,208
"CHEESE, GOUDA",apricots,normal,208
"CHEESE, GOUDA","cherries, esp. with young cheese",normal,208
"CHEESE, GOUDA",melon,normal,208
"CHEESE, GOUDA",mushrooms,normal,208
"CHEESE, GOUDA","peaches, esp. with young cheese",normal,208
"CHEESE, GOUDA","pears, esp. with aged or smoked cheese",normal,208
"CHEESE, GOUDA",spinach,normal,208
"CHEESE, GRUYÈRE",apples,recommended,208
"CHEESE, GRUYÈRE",arugula,normal,208
"CHEESE, GRUYÈRE",bread,normal,208
"CHEESE, GRUYÈRE",cherries,normal,208
"CHEESE, GRUYÈRE",chicken,normal,208
"CHEESE, GRUYÈRE","chocolate, dark, esp. with aged Gruyère",normal,208
"CHEESE, GRUYÈRE",fondues,normal,208
"CHEESE, GRUYÈRE",garlic,recommended,208
"CHEESE, GRUYÈRE",ham,normal,208
"CHEESE, GRUYÈRE",hazelnuts,normal,208
"CHEESE, GRUYÈRE",onions,normal,209
"CHEESE, GRUYÈRE",soufflés,normal,209
"CHEESE, GRUYÈRE","soups, esp. onion",normal,209
"CHEESE, GRUYÈRE",spinach,normal,209
"CHEESE, GRUYÈRE",Swiss cuisine,normal,209
"CHEESE, GRUYÈRE",thyme,normal,209
"CHEESE, GRUYÈRE",walnuts,normal,209
"CHEESE, HOJA SANTA",mint,normal,209
"CHEESE, HOJA SANTA",raspberries,normal,209
"CHEESE, JACK",almonds,normal,209
"CHEESE, JACK",figs,normal,209
"CHEESE, JACK",pears,normal,209
"CHEESE, JACK",pecans,normal,209
"CHEESE, JACK",prunes,normal,209
"CHEESE, JACK",quince paste,normal,209
"CHEESE, JACK",walnuts,normal,209
"CHEESE, MAHON (aged Spanish cheese)",quince paste,normal,209
"CHEESE, MANCHEGO","ALMONDS, esp. roasted Spanish",very_highly_recommended,209
"CHEESE, MANCHEGO",anchovies,recommended,209
"CHEESE, MANCHEGO","bell peppers, roasted",normal,209
"CHEESE, MANCHEGO",figs and fig cake,normal,209
"CHEESE, MANCHEGO","ham, Serrano",recommended,209
"CHEESE, MANCHEGO",olive oil,normal,209
"CHEESE, MANCHEGO","olives, green or black Spanish",recommended,209
"CHEESE, MANCHEGO","onions, esp. caramelized",normal,209
"CHEESE, MANCHEGO",parsley,normal,209
"CHEESE, MANCHEGO","peppers, piquillo",normal,210
"CHEESE, MANCHEGO",plum paste,normal,210
"CHEESE, MANCHEGO",QUINCE PASTE,holy_grail,210
"CHEESE, MANCHEGO",salads,normal,210
"CHEESE, MANCHEGO",Spanish cuisine,normal,210
"CHEESE, MANCHEGO",tomatoes,normal,210
"CHEESE, MONTEREY JACK",chicken,normal,210
"CHEESE, MONTEREY JACK",enchiladas,normal,210
"CHEESE, MONTEREY JACK",fresh fruit,normal,210
"CHEESE, MOZZARELLA",anchovies,normal,210
"CHEESE, MOZZARELLA",BASIL,very_highly_recommended,210
"CHEESE, MOZZARELLA","bell peppers, roasted",normal,210
"CHEESE, MOZZARELLA",garlic,recommended,210
"CHEESE, MOZZARELLA",Italian cuisine,normal,210
"CHEESE, MOZZARELLA","meats, cured (e.g., salami)",normal,210
"CHEESE, MOZZARELLA",olive oil,recommended,210
"CHEESE, MOZZARELLA","Mozzarella di Bufala, Eggplant Agrodolce, Artichoke con Pesto",recommended,210
"CHEESE, MOZZARELLA",olives,recommended,210
"CHEESE, MOZZARELLA",oregano,normal,210
"CHEESE, MOZZARELLA",pancetta,normal,210
"CHEESE, MOZZARELLA",pasta,normal,210
"CHEESE, MOZZARELLA","pepper, black",recommended,210
"CHEESE, MOZZARELLA",pizza,normal,210
"CHEESE, MOZZARELLA",prosciutto,recommended,210
"CHEESE, MOZZARELLA",radicchio,normal,210
"CHEESE, MOZZARELLA",rosemary,normal,210
"CHEESE, MOZZARELLA",sage,normal,210
"CHEESE, MOZZARELLA","salt: kosher, sea",recommended,211
"CHEESE, MOZZARELLA",sopressata,normal,211
"CHEESE, MOZZARELLA",spinach,normal,211
"CHEESE, MOZZARELLA",TOMATOES,holy_grail,211
"CHEESE, MOZZARELLA","tomatoes, sun-dried",normal,211
"CHEESE, MOZZARELLA","truffles, black",normal,211
"CHEESE, MOZZARELLA","vinegar: balsamic, red wine",normal,211
"CHEESE, MUENSTER",apples,normal,211
"CHEESE, MUENSTER","bread, crusty",normal,211
"CHEESE, MUENSTER",caraway seeds,normal,211
"CHEESE, MUENSTER",cherries,normal,211
"CHEESE, MUENSTER",fennel,normal,211
"CHEESE, MUENSTER",grapes,recommended,211
"CHEESE, PARMESAN",basil,normal,211
"CHEESE, PARMESAN","beans, fava",normal,211
"CHEESE, PARMESAN",carpaccio,normal,211
"CHEESE, PARMESAN",dates,recommended,211
"CHEESE, PARMESAN",fennel,normal,211
"CHEESE, PARMESAN",figs,recommended,211
"CHEESE, PARMESAN","fruits, stone",normal,211
"CHEESE, PARMESAN",garlic,normal,211
"CHEESE, PARMESAN",grapes,normal,212
"CHEESE, PARMESAN","honey, esp. chestnut",normal,212
"CHEESE, PARMESAN",ITALIAN CUISINE,very_highly_recommended,212
"CHEESE, PARMESAN",melon,normal,212
"CHEESE, PARMESAN",mushrooms,normal,212
"CHEESE, PARMESAN",olive oil,recommended,212
"CHEESE, PARMESAN",PASTA,very_highly_recommended,212
"CHEESE, PARMESAN",pears,recommended,212
"CHEESE, PARMESAN",pizza,normal,212
"CHEESE, PARMESAN",prosciutto,recommended,212
"CHEESE, PARMESAN",risottos,recommended,212
"CHEESE, PARMESAN",thyme,normal,212
"CHEESE, PARMESAN","vinegar, balsamic, esp. aged",recommended,212
"CHEESE, PARMESAN",walnuts,recommended,212
"CHEESE, PECORINO",bacon,normal,212
"CHEESE, PECORINO","bell peppers, roasted",normal,212
"CHEESE, PECORINO",duck confit,normal,212
"CHEESE, PECORINO",grapes,normal,212
"CHEESE, PECORINO","greens, salad",normal,212
"CHEESE, PECORINO","honey, chestnut",recommended,212
"CHEESE, PECORINO","lemon, juice",normal,212
"CHEESE, PECORINO",mostarda (mustard fruits),normal,212
"CHEESE, PECORINO",olive oil,normal,212
"CHEESE, PECORINO",pasta,normal,212
"CHEESE, PECORINO",pears,recommended,212
"CHEESE, PECORINO","pepper, white",normal,212
"CHEESE, PECORINO",prosciutto,recommended,212
"CHEESE, PECORINO",ricotta cheese,normal,212
"CHEESE, PECORINO",sopressata,normal,212
"CHEESE, PECORINO","vinegar, balsamic, esp. aged",recommended,212
"CHEESE, PECORINO",walnuts,normal,212
"CHEESE, PIAVE",cured meats,normal,212
"CHEESE, PROVOLONE",figs,recommended,212
"CHEESE, PROVOLONE",grapes,normal,212
"CHEESE, PROVOLONE",Italian cuisine,normal,213
"CHEESE, PROVOLONE","your world behind, and begin your meal.",normal,213
"CHEESE, PROVOLONE",Plate,recommended,213
"CHEESE, PROVOLONE",interior is sweet and the rind is assertive.,normal,213
"CHEESE, PROVOLONE",wife’s family owns the Coach Farm Dairy.],normal,213
"CHEESE, PROVOLONE","lime, juice",normal,213
"CHEESE, PROVOLONE",olive oil,normal,213
"CHEESE, PROVOLONE",olives,normal,214
"CHEESE, PROVOLONE","pasta (e.g., lasagna)",normal,214
"CHEESE, PROVOLONE",pears,normal,214
"CHEESE, PROVOLONE",pizza,normal,214
"CHEESE, PROVOLONE",prosciutto,normal,214
"CHEESE, REBLOCHON",fennel,normal,214
"CHEESE, REBLOCHON",panforte (Italian fruit and nut cake),normal,214
"CHEESE, REBLOCHON",pistachios,normal,214
"CHEESE, RICOTTA",almonds,normal,214
"CHEESE, RICOTTA",apricots,normal,214
"CHEESE, RICOTTA",bacon,normal,214
"CHEESE, RICOTTA",basil,normal,214
"CHEESE, RICOTTA","beans, fava",normal,214
"CHEESE, RICOTTA",berries,recommended,214
"CHEESE, RICOTTA",blueberries,normal,214
"CHEESE, RICOTTA",bread,normal,214
"CHEESE, RICOTTA","cheese: mozzarella, Parmesan, pecorino",recommended,214
"CHEESE, RICOTTA",cheesecake,normal,214
"CHEESE, RICOTTA",chestnuts,normal,214
"CHEESE, RICOTTA",chives,normal,214
"CHEESE, RICOTTA","chocolate, dark",normal,214
"CHEESE, RICOTTA",cinnamon,normal,214
"CHEESE, RICOTTA",coffee / espresso,normal,214
"CHEESE, RICOTTA",cream,normal,214
"CHEESE, RICOTTA",dates,normal,214
"CHEESE, RICOTTA","egg dishes (e.g., frittatas, omelets)",normal,214
"CHEESE, RICOTTA","figs, esp. dried",normal,214
"CHEESE, RICOTTA","fruits, dried",normal,214
"CHEESE, RICOTTA",garlic,normal,214
"CHEESE, RICOTTA",hazelnuts,normal,214
"CHEESE, RICOTTA",herbs,normal,214
"CHEESE, RICOTTA","HONEY, esp. chestnut, eucalyptus, or lavender",very_highly_recommended,214
"CHEESE, RICOTTA",Italian cuisine,normal,214
"CHEESE, RICOTTA","lemon, esp. juice, zest",recommended,214
"CHEESE, RICOTTA",mace,normal,214
"CHEESE, RICOTTA",mascarpone,normal,214
"CHEESE, RICOTTA",nutmeg,normal,214
"CHEESE, RICOTTA",olive oil,recommended,214
"CHEESE, RICOTTA","orange, esp. juice, zest",normal,215
"CHEESE, RICOTTA","parsley, flat-leaf",recommended,215
"CHEESE, RICOTTA",pasta,normal,215
"CHEESE, RICOTTA","pepper, black",recommended,215
"CHEESE, RICOTTA",pine nuts,normal,215
"CHEESE, RICOTTA",prosciutto,normal,215
"CHEESE, RICOTTA",Prosecco,normal,215
"CHEESE, RICOTTA",prunes,normal,215
"CHEESE, RICOTTA",raisins,normal,215
"CHEESE, RICOTTA",raspberries,recommended,215
"CHEESE, RICOTTA","rum, esp. dark",normal,215
"CHEESE, RICOTTA","salt, kosher",recommended,215
"CHEESE, RICOTTA",sorrel,normal,215
"CHEESE, RICOTTA",spinach,normal,215
"CHEESE, RICOTTA",strawberries,normal,215
"CHEESE, RICOTTA",sugar,recommended,215
"CHEESE, RICOTTA",tapenade,normal,215
"CHEESE, RICOTTA",tarragon,normal,215
"CHEESE, RICOTTA",tomatoes,normal,215
"CHEESE, RICOTTA",vanilla,normal,215
"CHEESE, RICOTTA","vinegar, balsamic",normal,215
"CHEESE, RICOTTA","walnuts, esp. candied or toasted",recommended,215
"CHEESE, RICOTTA","wine, red, sweet",normal,215
"CHEESE, ROQUEFORT","butter, unsalted",normal,215
"CHEESE, ROQUEFORT",cognac,normal,215
"CHEESE, ROQUEFORT",cream,normal,215
"CHEESE, ROQUEFORT",figs,normal,215
"CHEESE, ROQUEFORT",honey,normal,215
"CHEESE, ROQUEFORT",leeks,normal,215
"CHEESE, ROQUEFORT","oil, walnut",normal,215
"CHEESE, ROQUEFORT",pears,recommended,215
"CHEESE, ROQUEFORT",pepper,normal,215
"CHEESE, ROQUEFORT","potatoes, creamer",normal,215
"CHEESE, ROQUEFORT",salt,normal,215
"CHEESE, ROQUEFORT",vinaigrette,normal,215
"CHEESE, ROQUEFORT",walnuts,recommended,216
"CHEESE, ROQUEFORT","wine: red, SAUTERNES",normal,216
"CHEESE, SHEEP’S MILK — IN GENERAL",almonds,recommended,216
"CHEESE, SHEEP’S MILK — IN GENERAL",apricots,normal,216
"CHEESE, SHEEP’S MILK — IN GENERAL","bread, esp. olive",normal,216
"CHEESE, SHEEP’S MILK — IN GENERAL","ham, esp. Serrano",normal,216
"CHEESE, SHEEP’S MILK — IN GENERAL",honey,normal,216
"CHEESE, SHEEP’S MILK — IN GENERAL",nuts,normal,216
"CHEESE, SHEEP’S MILK — IN GENERAL",olive oil,recommended,216
"CHEESE, SHEEP’S MILK — IN GENERAL",olives,recommended,216
"CHEESE, SHEEP’S MILK — IN GENERAL",panforte,normal,216
"CHEESE, SHEEP’S MILK — IN GENERAL","pepper, black",normal,216
"CHEESE, SHEEP’S MILK — IN GENERAL",quince paste,normal,216
"CHEESE, SHEEP’S MILK — IN GENERAL",Bruschetta with Favas and New York State Ricotta,recommended,216
"CHEESE, SHEEP’S MILK — IN GENERAL",Ricotta and Robiola Cheesecake with Figs and Raspberries,recommended,216
"CHEESE, SHEEP’S MILK — IN GENERAL",Crème Anglaise,recommended,216
"CHEESE, STILTON",apples,normal,217
"CHEESE, STILTON",dates,normal,217
"CHEESE, STILTON",honey,normal,217
"CHEESE, STILTON",pears,normal,217
"CHEESE, STILTON",pecans,normal,217
"CHEESE, STILTON",port,recommended,217
"CHEESE, STILTON",salads,normal,217
"CHEESE, STILTON",sauces,normal,217
"CHEESE, STILTON",walnuts,recommended,217
"CHEESE, SWISS",asparagus,normal,217
"CHEESE, SWISS","bread, esp. pumpernickel",normal,217
"CHEESE, SWISS",grapes,normal,217
"CHEESE, SWISS",ham,normal,217
"CHEESE, SWISS",pears,normal,217
"CHEESE, TALEGGIO",hazelnuts,normal,217
"CHEESE, TALEGGIO",mostarda (mustard fruits),normal,217
"CHEESE, TALEGGIO",pears,normal,217
"CHEESE, TRIPLE CRÈME",cherries,normal,217
"CHEESE, TRIPLE CRÈME",figs,normal,217
"CHEESE, TRIPLE CRÈME",hazelnuts,normal,217
"CHEESE, TRIPLE CRÈME",herbs,normal,217
"CHEESE, TRIPLE CRÈME",honey,normal,217
"CHEESE, TRIPLE CRÈME",m0starda (mustard fruits),normal,217
"CHEESE, TRIPLE CRÈME",nut bread,normal,217
"CHEESE, TRIPLE CRÈME",olives,normal,217
"CHEESE, TRIPLE CRÈME",pears,normal,217
"CHEESE, TRIPLE CRÈME","vegetables, roasted",normal,217
"CHEESE, TRIPLE CRÈME",walnuts,normal,217
"CHEESE, VACHERIN",cherries,normal,217
"CHEESE, VACHERIN",hazelnuts,normal,218
"CHEESE, VALDEON","meats: cured, smoked",normal,218
"CHEESE, VALDEON",steak,normal,218
"CHEESE, VERMONT SHEPHERD",almonds,normal,218
"CHEESE, VERMONT SHEPHERD",apples,normal,218
"CHEESE, VERMONT SHEPHERD",fennel,normal,218
CHERRIES — IN GENERAL,allspice,normal,218
CHERRIES — IN GENERAL,ALMONDS,very_highly_recommended,218
CHERRIES — IN GENERAL,amaretto,normal,218
CHERRIES — IN GENERAL,apricots,recommended,218
CHERRIES — IN GENERAL,Armagnac,recommended,218
CHERRIES — IN GENERAL,bourbon,normal,218
CHERRIES — IN GENERAL,brandy,recommended,218
CHERRIES — IN GENERAL,"butter, unsalted",normal,218
CHERRIES — IN GENERAL,buttermilk,normal,218
CHERRIES — IN GENERAL,cake,normal,218
CHERRIES — IN GENERAL,caramel,recommended,218
CHERRIES — IN GENERAL,cassis,normal,218
CHERRIES — IN GENERAL,"cheese: Brie, goat, ricotta",recommended,218
CHERRIES — IN GENERAL,"cherries, dried",normal,218
CHERRIES — IN GENERAL,"CHOCOLATE, ESP. DARK, WHITE",very_highly_recommended,218
CHERRIES — IN GENERAL,cinnamon,recommended,218
CHERRIES — IN GENERAL,cloves,normal,218
CHERRIES — IN GENERAL,coconut,recommended,218
CHERRIES — IN GENERAL,coffee / espresso,normal,218
CHERRIES — IN GENERAL,cognac,recommended,218
CHERRIES — IN GENERAL,coriander,normal,218
CHERRIES — IN GENERAL,CREAM AND ICE CREAM,very_highly_recommended,218
CHERRIES — IN GENERAL,cream cheese,normal,218
CHERRIES — IN GENERAL,crème fraîche,recommended,219
CHERRIES — IN GENERAL,"crust: pastry, pie",normal,219
CHERRIES — IN GENERAL,"currants, red",normal,219
CHERRIES — IN GENERAL,"custards (e.g., crème caramel, flan, etc.)",recommended,219
CHERRIES — IN GENERAL,duck,recommended,219
CHERRIES — IN GENERAL,fennel,normal,219
CHERRIES — IN GENERAL,figs,normal,219
CHERRIES — IN GENERAL,game birds,normal,219
CHERRIES — IN GENERAL,garlic,normal,219
CHERRIES — IN GENERAL,ginger,normal,219
CHERRIES — IN GENERAL,goose,normal,219
CHERRIES — IN GENERAL,Grand Marnier,recommended,219
CHERRIES — IN GENERAL,hazelnuts,normal,219
CHERRIES — IN GENERAL,honey,normal,219
CHERRIES — IN GENERAL,"ice cream, vanilla",normal,219
CHERRIES — IN GENERAL,KIRSCH,holy_grail,219
CHERRIES — IN GENERAL,"LEMON: juice, zest",recommended,219
CHERRIES — IN GENERAL,"lime, juice",normal,219
CHERRIES — IN GENERAL,"liqueur: almond, orange",normal,219
CHERRIES — IN GENERAL,mascarpone,normal,219
CHERRIES — IN GENERAL,"meats, fatty, esp. roasted",normal,219
CHERRIES — IN GENERAL,melon,normal,219
CHERRIES — IN GENERAL,meringue,normal,219
CHERRIES — IN GENERAL,nectarines,normal,219
CHERRIES — IN GENERAL,nuts,normal,219
CHERRIES — IN GENERAL,oats,normal,219
CHERRIES — IN GENERAL,"orange: juice, zest",normal,219
CHERRIES — IN GENERAL,pâté,normal,219
CHERRIES — IN GENERAL,peaches,normal,219
CHERRIES — IN GENERAL,pecans,normal,219
CHERRIES — IN GENERAL,"pepper: black, green",normal,219
CHERRIES — IN GENERAL,pistachios,normal,219
CHERRIES — IN GENERAL,plums,normal,219
CHERRIES — IN GENERAL,pork,normal,219
CHERRIES — IN GENERAL,"port, esp. ruby",normal,219
CHERRIES — IN GENERAL,"poultry, fatty, esp. roasted",normal,219
CHERRIES — IN GENERAL,quince,normal,219
CHERRIES — IN GENERAL,raspberries,normal,219
CHERRIES — IN GENERAL,rice pudding,normal,219
CHERRIES — IN GENERAL,rose hips,normal,219
CHERRIES — IN GENERAL,rum,normal,219
CHERRIES — IN GENERAL,"sage, esp. with tart cherries",normal,219
CHERRIES — IN GENERAL,salads,normal,219
CHERRIES — IN GENERAL,salt,normal,219
CHERRIES — IN GENERAL,sour cream,normal,219
CHERRIES — IN GENERAL,"stocks: chicken, duck, veal",normal,220
CHERRIES — IN GENERAL,SUGAR,very_highly_recommended,220
CHERRIES — IN GENERAL,VANILLA,very_highly_recommended,220
CHERRIES — IN GENERAL,"vermouth, sweet",normal,220
CHERRIES — IN GENERAL,"vinegar: balsamic, ice wine, red wine",recommended,220
CHERRIES — IN GENERAL,vodka,normal,220
CHERRIES — IN GENERAL,walnuts,normal,220
CHERRIES — IN GENERAL,"WINE: dry red (e.g., Bordeaux, Merlot), sparkling wine/Champagne",recommended,220
CHERRIES — IN GENERAL,yogurt,normal,220
CHERVIL,asparagus,recommended,221
CHERVIL,basil,normal,221
CHERVIL,"beans, esp. fava, green",normal,221
CHERVIL,beets,normal,221
CHERVIL,bouquet garni (key ingredient),normal,221
CHERVIL,carrots,recommended,222
CHERVIL,"cheese, ricotta",normal,222
CHERVIL,chicken,normal,222
CHERVIL,chives,recommended,222
CHERVIL,crab,normal,222
CHERVIL,cream,normal,222
CHERVIL,cream cheese,normal,222
CHERVIL,dill,normal,222
CHERVIL,eggs and egg dishes,recommended,222
CHERVIL,fennel,normal,222
CHERVIL,fish,recommended,222
CHERVIL,French cuisine,normal,222
CHERVIL,game birds,normal,222
CHERVIL,halibut,normal,222
CHERVIL,"summer savory, and thyme)",normal,222
CHERVIL,leeks,normal,222
CHERVIL,"lemon, juice",normal,222
CHERVIL,lemon thyme,normal,222
CHERVIL,lettuce,normal,222
CHERVIL,lobster,normal,222
CHERVIL,marjoram,normal,222
CHERVIL,mint,normal,222
CHERVIL,mushrooms,normal,222
CHERVIL,mustard,normal,222
CHERVIL,parsley,recommended,222
CHERVIL,peas,recommended,222
CHERVIL,potatoes,normal,222
CHERVIL,poultry,normal,222
CHERVIL,Provençal cuisine,normal,222
CHERVIL,"salads, esp. potato, and salad dressings",recommended,222
CHERVIL,"sauces, esp. creamy",normal,222
CHERVIL,scallops,normal,222
CHERVIL,shallots,normal,222
CHERVIL,shellfish,recommended,222
CHERVIL,sole,normal,222
CHERVIL,"soups, esp. creamy",recommended,222
CHERVIL,spinach,normal,222
CHERVIL,squash,normal,223
CHERVIL,tarragon,recommended,223
CHERVIL,thyme,normal,223
CHERVIL,tomatoes and tomato sauces,recommended,223
CHERVIL,veal,normal,223
CHERVIL,vegetables,normal,223
CHERVIL,venison,normal,223
CHERVIL,vinaigrettes,normal,223
CHERVIL,vinegar,normal,223
CHERVIL,watercress,normal,223
CHESTNUTS,"APPLES: CIDER, FRUIT, JUICE",very_highly_recommended,223
CHESTNUTS,Armagnac,normal,223
CHESTNUTS,bacon,normal,223
CHESTNUTS,bay leaf,normal,224
CHESTNUTS,brandy,normal,224
CHESTNUTS,Brussels sprouts,recommended,224
CHESTNUTS,"butter, unsalted",recommended,224
CHESTNUTS,caramel,normal,224
CHESTNUTS,cardamom,normal,224
CHESTNUTS,celery,recommended,224
CHESTNUTS,celery root,normal,224
CHESTNUTS,celery seeds,normal,224
CHESTNUTS,"cheese, ricotta",normal,224
CHESTNUTS,chicken (accompaniment),normal,224
CHESTNUTS,"chocolate, esp. dark or white",recommended,224
CHESTNUTS,cinnamon,normal,224
CHESTNUTS,cloves,normal,224
CHESTNUTS,coffee,normal,224
CHESTNUTS,cognac,normal,224
CHESTNUTS,CREAM OR MILK,very_highly_recommended,224
CHESTNUTS,crème fraîche,normal,224
CHESTNUTS,desserts,normal,224
CHESTNUTS,duck,normal,224
CHESTNUTS,fennel,recommended,224
CHESTNUTS,fennel seeds,recommended,224
CHESTNUTS,figs,normal,224
CHESTNUTS,game (accompaniment),normal,224
CHESTNUTS,ginger,normal,224
CHESTNUTS,ham,normal,224
CHESTNUTS,"honey, esp. chestnut",recommended,224
CHESTNUTS,"Italian cuisine, esp. Tuscan",normal,224
CHESTNUTS,"lemon, juice",recommended,224
CHESTNUTS,lentils,normal,224
CHESTNUTS,maple syrup,normal,224
CHESTNUTS,mascarpone,normal,224
CHESTNUTS,meats,normal,224
CHESTNUTS,mushrooms: cepes/porcini,recommended,224
CHESTNUTS,nutmeg,normal,224
CHESTNUTS,olive oil,normal,224
CHESTNUTS,onions,recommended,224
CHESTNUTS,orange,normal,224
CHESTNUTS,pasta,normal,224
CHESTNUTS,pears,normal,224
CHESTNUTS,"pepper: black, white",recommended,224
CHESTNUTS,plums,normal,224
CHESTNUTS,pork (accompaniment),normal,224
CHESTNUTS,"poultry (e.g., chicken, turkey)",normal,224
CHESTNUTS,prosciutto,normal,224
CHESTNUTS,prunes,normal,225
CHESTNUTS,raisins,normal,225
CHESTNUTS,raspberries,normal,225
CHESTNUTS,risotto,normal,225
CHESTNUTS,rum,recommended,225
CHESTNUTS,sage,normal,225
CHESTNUTS,"salt, sea",recommended,225
CHESTNUTS,sauces,normal,225
CHESTNUTS,sausages,normal,225
CHESTNUTS,shallots,normal,225
CHESTNUTS,sherry,normal,225
CHESTNUTS,stews,normal,225
CHESTNUTS,"STOCK, CHICKEN",very_highly_recommended,225
CHESTNUTS,"stuffing (e.g., for poultry)",recommended,225
CHESTNUTS,"sugar: brown, white",recommended,225
CHESTNUTS,sweet potatoes,normal,225
CHESTNUTS,thyme,normal,225
CHESTNUTS,vanilla,recommended,225
CHESTNUTS,"wine, esp. sweet Marsala or sherry",normal,225
CHESTNUTS,berries,avoid,225
CHICKEN,allspice,normal,225
CHICKEN,almonds,normal,225
CHICKEN,anise,normal,225
CHICKEN,apples,normal,225
CHICKEN,"apricots, dried",normal,225
CHICKEN,artichokes,normal,225
CHICKEN,avocadoes,normal,225
CHICKEN,bacon,recommended,225
CHICKEN,bananas,normal,225
CHICKEN,"BASIL: regular, cinnamon",recommended,225
CHICKEN,BAY LEAF,very_highly_recommended,225
CHICKEN,"beans: red, white",normal,226
CHICKEN,beer,normal,226
CHICKEN,"bell peppers: red, green, yellow",normal,226
CHICKEN,bouquet garni,normal,226
CHICKEN,"brandy, esp. apple (in sauce)",normal,226
CHICKEN,bread crumbs or panko,normal,226
CHICKEN,"BUTTER, UNSALTED",very_highly_recommended,226
CHICKEN,buttermilk,normal,226
CHICKEN,Calvados,normal,226
CHICKEN,capers,normal,226
CHICKEN,cardamom,normal,226
CHICKEN,CARROTS,very_highly_recommended,226
CHICKEN,"cashews (e.g., Indian cuisine, etc.)",normal,226
CHICKEN,cauliflower,normal,226
CHICKEN,cayenne,normal,226
CHICKEN,celery,normal,226
CHICKEN,celery root,normal,226
CHICKEN,celery seeds,normal,226
CHICKEN,chard,normal,226
CHICKEN,"cheese: Asiago, blue, Comté, Emmental, Fontina, Parmesan",recommended,226
CHICKEN,chervil,normal,226
CHICKEN,chicken livers,normal,226
CHICKEN,chickpeas,normal,226
CHICKEN,chives,normal,226
CHICKEN,cider,normal,226
CHICKEN,cilantro,recommended,226
CHICKEN,CINNAMON,very_highly_recommended,226
CHICKEN,cloves,normal,226
CHICKEN,"coconut milk (e.g., Indian cuisine, etc.)",normal,226
CHICKEN,coriander,normal,226
CHICKEN,corn,normal,226
CHICKEN,cranberries: dried,normal,226
CHICKEN,"cream (e.g., French, Indian cuisine, etc.)",recommended,226
CHICKEN,crème fraîche,recommended,226
CHICKEN,cumin,normal,226
CHICKEN,currants,normal,226
CHICKEN,"curry leaves (e.g., Indian cuisine)",normal,226
CHICKEN,curry powder,recommended,226
CHICKEN,curry sauce,normal,226
CHICKEN,daikon,normal,226
CHICKEN,dates,normal,226
CHICKEN,dill,normal,226
CHICKEN,dumplings,normal,226
CHICKEN,endive,normal,226
CHICKEN,escarole,normal,227
CHICKEN,fenugreek,normal,227
CHICKEN,figs,normal,227
CHICKEN,"fines herbes (i.e., chervil, chives, parsley, tarragon)",normal,227
CHICKEN,"fish sauce, Thai",normal,227
CHICKEN,five-spice powder,normal,227
CHICKEN,galangal,normal,227
CHICKEN,"garam masala (e.g., Indian cuisine)",normal,227
CHICKEN,GARLIC,very_highly_recommended,227
CHICKEN,"GINGER: fresh, ground",recommended,227
CHICKEN,Grand Marnier,normal,227
CHICKEN,"grapefruit, juice",normal,227
CHICKEN,grapes and grape juice,normal,227
CHICKEN,greens,normal,227
CHICKEN,guava,normal,227
CHICKEN,ham,normal,227
CHICKEN,hazelnuts,normal,227
CHICKEN,hoisin sauce,normal,227
CHICKEN,"Sour Cream, Salsa Verde, Añejo Cheese, and Guacamole",recommended,228
CHICKEN,"Mushrooms, and Rosemary Cream Biscuits",recommended,228
CHICKEN,"Olives, Golden Raisins, and Almonds",recommended,228
CHICKEN,"Onions, and Buttermilk Ranch Dressing",recommended,229
CHICKEN,Balsamic-Caramel Chicken with Broccoli and Walnuts,recommended,229
CHICKEN,Cashews,recommended,229
CHICKEN,honey,recommended,229
CHICKEN,kale,normal,229
CHICKEN,leeks,recommended,229
CHICKEN,"LEMON: juice, zest",recommended,229
CHICKEN,lemongrass,normal,229
CHICKEN,"lime, juice",normal,229
CHICKEN,mangoes,normal,229
CHICKEN,maple syrup,normal,229
CHICKEN,marjoram,normal,229
CHICKEN,mayonnaise,recommended,229
CHICKEN,mint,normal,229
CHICKEN,mirepoix,normal,229
CHICKEN,molasses,normal,229
CHICKEN,white),normal,229
CHICKEN,"mustard: Dijon, dry, yellow",recommended,229
CHICKEN,mustard seeds,normal,229
CHICKEN,nutmeg,normal,229
CHICKEN,"nuts: cashews, peanuts",normal,229
CHICKEN,"OIL: canola, grapeseed, hazelnut, peanut, safflower, sesame, vegetable",recommended,229
CHICKEN,OLIVE OIL,very_highly_recommended,229
CHICKEN,"OLIVES: black, green, kalamata, niçoise",recommended,229
CHICKEN,"ONIONS: cipollini, pearl, red, Spanish, spring, sweet",recommended,229
CHICKEN,"orange: juice, zest",normal,230
CHICKEN,oregano,normal,230
CHICKEN,pancetta,normal,230
CHICKEN,paprika,recommended,230
CHICKEN,"PARSLEY, FLAT-LEAF (garnish)",very_highly_recommended,230
CHICKEN,parsnips,normal,230
CHICKEN,peaches,normal,230
CHICKEN,peanuts,normal,230
CHICKEN,pears,normal,230
CHICKEN,"peas: black-eyed, green",normal,230
CHICKEN,"PEPPER: BLACK, PINK, WHITE",very_highly_recommended,230
CHICKEN,pesto,normal,230
CHICKEN,pine nuts,normal,230
CHICKEN,polenta (accompaniment),normal,230
CHICKEN,pomegranates and pomegranate molasses,normal,230
CHICKEN,poppy seeds,normal,230
CHICKEN,potatoes (accompaniment),recommended,230
CHICKEN,prosciutto,normal,230
CHICKEN,prunes,normal,230
CHICKEN,raisins,normal,230
CHICKEN,red pepper flakes,normal,230
CHICKEN,rice,normal,230
CHICKEN,"ROSEMARY, fresh",recommended,230
CHICKEN,saffron,normal,230
CHICKEN,sage,normal,230
CHICKEN,"SALT:fleur de sel, kosher, sea",recommended,230
CHICKEN,"sauces, Mornay",normal,230
CHICKEN,"sausages, esp. spicy (e.g., andouille)",normal,230
CHICKEN,savory,normal,230
CHICKEN,scallions,normal,230
CHICKEN,sesame seeds,normal,230
CHICKEN,shallots,recommended,230
CHICKEN,"sherry, dry (e.g., manzanilla)",normal,230
CHICKEN,sour cream,normal,230
CHICKEN,soy sauce,normal,230
CHICKEN,spinach,normal,230
CHICKEN,star anise,normal,230
CHICKEN,"STOCKS: chicken, veal",recommended,230
CHICKEN,"sugar: brown, white (pinch)",normal,230
CHICKEN,sweet potatoes,normal,230
CHICKEN,Tabasco sauce,normal,230
CHICKEN,TARRAGON,very_highly_recommended,230
CHICKEN,"THYME, FRESH",very_highly_recommended,230
CHICKEN,TOMATOES AND TOMATO PASTE,very_highly_recommended,230
CHICKEN,truffles,normal,230
CHICKEN,turmeric,normal,231
CHICKEN,turnips,normal,231
CHICKEN,vanilla,normal,231
CHICKEN,vermouth,normal,231
CHICKEN,waffles,normal,231
CHICKEN,whiskey,normal,231
CHICKEN,yogurt,normal,231
CHICKEN,Chicken Cacciatore,recommended,231
CHICKEN,Dressing. It is so delicious.,normal,231
CHICKEN,Chicken Cacciatore,recommended,231
CHICKEN,"pepper juice, which is distilled pepper brandy.",normal,232
CHICKPEAS (aka garbanzo beans),apple cider or juice,normal,232
CHICKPEAS (aka garbanzo beans),basil,normal,232
CHICKPEAS (aka garbanzo beans),bay leaf,normal,232
CHICKPEAS (aka garbanzo beans),"bell peppers, esp. red",normal,232
CHICKPEAS (aka garbanzo beans),bread,normal,232
CHICKPEAS (aka garbanzo beans),"butter, unsalted",normal,232
CHICKPEAS (aka garbanzo beans),cardamom,normal,232
CHICKPEAS (aka garbanzo beans),carrots,recommended,232
CHICKPEAS (aka garbanzo beans),cayenne,recommended,232
CHICKPEAS (aka garbanzo beans),"cheese, feta",normal,232
CHICKPEAS (aka garbanzo beans),chicken,normal,232
CHICKPEAS (aka garbanzo beans),"chile peppers: dried red, fresh green (e.g., jalapeño)",normal,232
CHICKPEAS (aka garbanzo beans),chives,normal,233
CHICKPEAS (aka garbanzo beans),cilantro,recommended,233
CHICKPEAS (aka garbanzo beans),cinnamon,normal,233
CHICKPEAS (aka garbanzo beans),cloves,normal,233
CHICKPEAS (aka garbanzo beans),coriander,recommended,233
CHICKPEAS (aka garbanzo beans),couscous,normal,233
CHICKPEAS (aka garbanzo beans),"cumin, esp. toasted (e.g., Indian cuisine, etc.)",recommended,233
CHICKPEAS (aka garbanzo beans),curry leaves,normal,233
CHICKPEAS (aka garbanzo beans),curry powder,normal,233
CHICKPEAS (aka garbanzo beans),fennel,normal,233
CHICKPEAS (aka garbanzo beans),fennel seeds,normal,233
CHICKPEAS (aka garbanzo beans),"garam masala (e.g., Indian cuisine)",normal,233
CHICKPEAS (aka garbanzo beans),GARLIC,very_highly_recommended,233
CHICKPEAS (aka garbanzo beans),ginger,recommended,233
CHICKPEAS (aka garbanzo beans),"greens (e.g., chard, spinach)",normal,233
CHICKPEAS (aka garbanzo beans),"ham, Serrano",normal,233
CHICKPEAS (aka garbanzo beans),hummus (key ingredient),normal,233
CHICKPEAS (aka garbanzo beans),Indian cuisine,normal,233
CHICKPEAS (aka garbanzo beans),Italian cuisine (as garbanzo beans),normal,233
CHICKPEAS (aka garbanzo beans),leeks,normal,233
CHICKPEAS (aka garbanzo beans),"LEMON: juice, zest",recommended,233
CHICKPEAS (aka garbanzo beans),"lemon, preserved",normal,233
CHICKPEAS (aka garbanzo beans),lemon thyme,normal,233
CHICKPEAS (aka garbanzo beans),Mediterranean cuisine,normal,233
CHICKPEAS (aka garbanzo beans),Mexican cuisine,normal,233
CHICKPEAS (aka garbanzo beans),Middle Eastern cuisine,normal,233
CHICKPEAS (aka garbanzo beans),mint,normal,233
CHICKPEAS (aka garbanzo beans),OLIVE OIL,very_highly_recommended,233
CHICKPEAS (aka garbanzo beans),"olives, black",normal,233
CHICKPEAS (aka garbanzo beans),"ONIONS: RED, YELLOW",very_highly_recommended,233
CHICKPEAS (aka garbanzo beans),"paprika, esp. smoked or sweet",recommended,233
CHICKPEAS (aka garbanzo beans),"parsley, flat-leaf",recommended,233
CHICKPEAS (aka garbanzo beans),pasta,normal,233
CHICKPEAS (aka garbanzo beans),"pepper: black, white",recommended,233
CHICKPEAS (aka garbanzo beans),pork,normal,233
CHICKPEAS (aka garbanzo beans),potatoes,normal,233
CHICKPEAS (aka garbanzo beans),prosciutto,normal,233
CHICKPEAS (aka garbanzo beans),raisins,normal,233
CHICKPEAS (aka garbanzo beans),red pepper flakes,normal,233
CHICKPEAS (aka garbanzo beans),"rice, esp. basmati (accompaniment)",normal,234
CHICKPEAS (aka garbanzo beans),rosemary,recommended,234
CHICKPEAS (aka garbanzo beans),saffron,normal,234
CHICKPEAS (aka garbanzo beans),sage,normal,234
CHICKPEAS (aka garbanzo beans),salads,normal,234
CHICKPEAS (aka garbanzo beans),"SALT, KOSHER",very_highly_recommended,234
CHICKPEAS (aka garbanzo beans),scallions,normal,234
CHICKPEAS (aka garbanzo beans),sesame seeds,normal,234
CHICKPEAS (aka garbanzo beans),shrimp,recommended,234
CHICKPEAS (aka garbanzo beans),soups,normal,234
CHICKPEAS (aka garbanzo beans),spinach,recommended,234
CHICKPEAS (aka garbanzo beans),"squash, winter",normal,234
CHICKPEAS (aka garbanzo beans),stews,normal,234
CHICKPEAS (aka garbanzo beans),"stocks: chicken, vegetable",normal,234
CHICKPEAS (aka garbanzo beans),tabbouleh (key ingredient),normal,234
CHICKPEAS (aka garbanzo beans),tahini,recommended,234
CHICKPEAS (aka garbanzo beans),tamarind,normal,234
CHICKPEAS (aka garbanzo beans),thyme,normal,234
CHICKPEAS (aka garbanzo beans),tomatoes,recommended,234
CHICKPEAS (aka garbanzo beans),turmeric,normal,234
CHICKPEAS (aka garbanzo beans),"vinegar, esp. balsamic, red wine, sherry",recommended,234
CHICKPEAS (aka garbanzo beans),walnuts and walnut oil,normal,234
CHICKPEAS (aka garbanzo beans),"yogurt (e.g., Indian cuisine)",recommended,234
CHILE PEPPERS — IN GENERAL,Asian cuisine,normal,235
CHILE PEPPERS — IN GENERAL,avocado,normal,235
CHILE PEPPERS — IN GENERAL,bananas,normal,235
CHILE PEPPERS — IN GENERAL,basil,normal,235
CHILE PEPPERS — IN GENERAL,bay leaf,normal,235
CHILE PEPPERS — IN GENERAL,"BEANS, ESP. BLACK, PINTO",very_highly_recommended,235
CHILE PEPPERS — IN GENERAL,Cajun cuisine,normal,235
CHILE PEPPERS — IN GENERAL,Caribbean cuisine,normal,235
CHILE PEPPERS — IN GENERAL,cayenne,normal,235
CHILE PEPPERS — IN GENERAL,"cheese: Fontina, goat, mozzarella, Parmesan",normal,235
CHILE PEPPERS — IN GENERAL,Chinese cuisine,normal,235
CHILE PEPPERS — IN GENERAL,chocolate,normal,235
CHILE PEPPERS — IN GENERAL,"CILANTRO, esp. in Latin American cuisine",very_highly_recommended,236
CHILE PEPPERS — IN GENERAL,cinnamon,normal,236
CHILE PEPPERS — IN GENERAL,"coconut and coconut milk, esp. in Asian cuisine",recommended,236
CHILE PEPPERS — IN GENERAL,coriander,normal,236
CHILE PEPPERS — IN GENERAL,corn,recommended,236
CHILE PEPPERS — IN GENERAL,cumin,normal,236
CHILE PEPPERS — IN GENERAL,CURRIES (key ingredient),very_highly_recommended,236
CHILE PEPPERS — IN GENERAL,eggplant,normal,236
CHILE PEPPERS — IN GENERAL,fennel,normal,236
CHILE PEPPERS — IN GENERAL,"fish sauce, esp. in Asian cuisine",recommended,236
CHILE PEPPERS — IN GENERAL,"fruit, esp. citrus",normal,236
CHILE PEPPERS — IN GENERAL,GARLIC,very_highly_recommended,236
CHILE PEPPERS — IN GENERAL,"GINGER, esp. in Asian cuisine",very_highly_recommended,236
CHILE PEPPERS — IN GENERAL,Indian cuisine,recommended,236
CHILE PEPPERS — IN GENERAL,ketchup,normal,236
CHILE PEPPERS — IN GENERAL,Latin American cuisine,normal,236
CHILE PEPPERS — IN GENERAL,"lemon, juice",normal,236
CHILE PEPPERS — IN GENERAL,lemongrass,recommended,236
CHILE PEPPERS — IN GENERAL,lentils,normal,236
CHILE PEPPERS — IN GENERAL,"LIME, JUICE",very_highly_recommended,236
CHILE PEPPERS — IN GENERAL,mangoes,normal,236
CHILE PEPPERS — IN GENERAL,marjoram,normal,236
CHILE PEPPERS — IN GENERAL,MEXICAN CUISINE,holy_grail,236
CHILE PEPPERS — IN GENERAL,mole sauces,normal,236
CHILE PEPPERS — IN GENERAL,mushrooms,normal,236
CHILE PEPPERS — IN GENERAL,mustard,normal,236
CHILE PEPPERS — IN GENERAL,olive oil,normal,236
CHILE PEPPERS — IN GENERAL,olives,normal,236
CHILE PEPPERS — IN GENERAL,onions,recommended,236
CHILE PEPPERS — IN GENERAL,oregano,normal,236
CHILE PEPPERS — IN GENERAL,Pakistani cuisine,normal,236
CHILE PEPPERS — IN GENERAL,"parsley, flat-leaf",normal,236
CHILE PEPPERS — IN GENERAL,"peanuts, esp. in Asian cuisine",normal,236
CHILE PEPPERS — IN GENERAL,pineapple,normal,236
CHILE PEPPERS — IN GENERAL,rice,recommended,236
CHILE PEPPERS — IN GENERAL,rosemary,normal,236
CHILE PEPPERS — IN GENERAL,saffron,normal,236
CHILE PEPPERS — IN GENERAL,"salads, esp. bean",normal,236
CHILE PEPPERS — IN GENERAL,salsas and other sauces,normal,236
CHILE PEPPERS — IN GENERAL,seafood,normal,236
CHILE PEPPERS — IN GENERAL,"sesame and sesame oil, esp. in Asian cuisine",normal,236
CHILE PEPPERS — IN GENERAL,shallots,normal,236
CHILE PEPPERS — IN GENERAL,Southwestern American cuisine,normal,236
CHILE PEPPERS — IN GENERAL,soy sauce,normal,236
CHILE PEPPERS — IN GENERAL,stews,normal,236
CHILE PEPPERS — IN GENERAL,"sweet vegetables (e.g., beets, carrots, corn)",normal,237
CHILE PEPPERS — IN GENERAL,THAI CUISINE,holy_grail,237
CHILE PEPPERS — IN GENERAL,thyme,normal,237
CHILE PEPPERS — IN GENERAL,tomatoes and tomato sauces,recommended,237
CHILE PEPPERS — IN GENERAL,verbena,normal,237
CHILE PEPPERS — IN GENERAL,"vinegar: balsamic, red wine, sherry",recommended,237
CHILE PEPPERS — IN GENERAL,yogurt,normal,237
"CHILE PEPPERS, ANAHEIM",salads,normal,237
"CHILE PEPPERS, ANAHEIM",salsas,normal,237
"CHILE PEPPERS, ANAHEIM",stuffed peppers,normal,237
"CHILE PEPPERS, ANCHO (dried poblanos)",cashews,normal,237
"CHILE PEPPERS, ANCHO (dried poblanos)",chili,normal,237
"CHILE PEPPERS, ANCHO (dried poblanos)","sauces, esp. mole",recommended,237
"CHILE PEPPERS, ANCHO (dried poblanos)",soups,normal,237
"CHILE PEPPERS, ANCHO (dried poblanos)",turkey,normal,237
"CHILE PEPPERS, ANCHO (dried poblanos)","CHILE PEPPERS, CHIPOTLE (dried, smoked jalapeño",recommended,237
"CHILE PEPPERS, ANCHO (dried poblanos)",peppers),recommended,237
"CHILE PEPPERS, ANCHO (dried poblanos)",avocado,normal,238
"CHILE PEPPERS, ANCHO (dried poblanos)",beans,normal,238
"CHILE PEPPERS, ANCHO (dried poblanos)",Central American cuisine,normal,238
"CHILE PEPPERS, ANCHO (dried poblanos)",chicken,recommended,238
"CHILE PEPPERS, ANCHO (dried poblanos)",chili,recommended,238
"CHILE PEPPERS, ANCHO (dried poblanos)",chocolate,normal,238
"CHILE PEPPERS, ANCHO (dried poblanos)",cilantro,recommended,238
"CHILE PEPPERS, ANCHO (dried poblanos)",game,normal,238
"CHILE PEPPERS, ANCHO (dried poblanos)",garlic,normal,238
"CHILE PEPPERS, ANCHO (dried poblanos)","lemon, juice",normal,238
"CHILE PEPPERS, ANCHO (dried poblanos)","lime, juice",normal,238
"CHILE PEPPERS, ANCHO (dried poblanos)",mayonnaise,normal,238
"CHILE PEPPERS, ANCHO (dried poblanos)",Mexican cuisine,recommended,238
"CHILE PEPPERS, ANCHO (dried poblanos)",molasses,normal,238
"CHILE PEPPERS, ANCHO (dried poblanos)",olive oil,normal,238
"CHILE PEPPERS, ANCHO (dried poblanos)",onions,normal,238
"CHILE PEPPERS, ANCHO (dried poblanos)","orange, juice",normal,238
"CHILE PEPPERS, ANCHO (dried poblanos)",paprika,recommended,238
"CHILE PEPPERS, ANCHO (dried poblanos)",pork,normal,238
"CHILE PEPPERS, ANCHO (dried poblanos)",rice,normal,238
"CHILE PEPPERS, ANCHO (dried poblanos)",salsas and sauces,recommended,238
"CHILE PEPPERS, ANCHO (dried poblanos)","salt, esp. kosher",normal,238
"CHILE PEPPERS, ANCHO (dried poblanos)",soups,recommended,238
"CHILE PEPPERS, ANCHO (dried poblanos)",stews,recommended,238
"CHILE PEPPERS, ANCHO (dried poblanos)",sugar,normal,238
"CHILE PEPPERS, ANCHO (dried poblanos)",Tex-Mex cuisine,normal,238
"CHILE PEPPERS, ANCHO (dried poblanos)",tomatoes,recommended,238
"CHILE PEPPERS, ANCHO (dried poblanos)","vinegar, white",recommended,238
"CHILE PEPPERS, GUAJILLO",eggs,normal,238
"CHILE PEPPERS, GUAJILLO",jicama,normal,238
"CHILE PEPPERS, GUAJILLO",lime,normal,238
"CHILE PEPPERS, GUAJILLO",pork,normal,238
"CHILE PEPPERS, GUAJILLO",sauces,normal,238
"CHILE PEPPERS, GUAJILLO",soups,normal,238
"CHILE PEPPERS, GUAJILLO",stews,normal,238
"CHILE PEPPERS, GUAJILLO",tomatoes,normal,238
"CHILE PEPPERS, HABANERO","fish (e.g., snapper)",normal,239
"CHILE PEPPERS, HABANERO","lemon, juice",normal,239
"CHILE PEPPERS, HABANERO",onions,normal,239
"CHILE PEPPERS, HABANERO",pork,normal,239
"CHILE PEPPERS, HABANERO",salsas and sauces,normal,239
"CHILE PEPPERS, HABANERO",sugar,normal,239
"CHILE PEPPERS, JALAPEÑO",cheese,normal,239
"CHILE PEPPERS, JALAPEÑO",cinnamon,normal,239
"CHILE PEPPERS, JALAPEÑO","lemon, juice",normal,239
"CHILE PEPPERS, JALAPEÑO",olive oil,normal,239
"CHILE PEPPERS, JALAPEÑO","onions, white",normal,239
"CHILE PEPPERS, JALAPEÑO",salsas and sauces,recommended,239
"CHILE PEPPERS, JALAPEÑO","salt, sea",normal,239
"CHILE PEPPERS, JALAPEÑO",soups,recommended,239
"CHILE PEPPERS, PASILLA (dried chilacas)",mole,recommended,239
"CHILE PEPPERS, PASILLA (dried chilacas)",sauces,normal,239
"CHILE PEPPERS, PIMENTS D’ESPELETTE","cheese, French or Spanish",normal,240
"CHILE PEPPERS, PIMENTS D’ESPELETTE",French Basque cuisine,normal,240
"CHILE PEPPERS, PIMENTS D’ESPELETTE",olive oil,normal,240
"CHILE PEPPERS, PIMENTS D’ESPELETTE",Spanish Basque cuisine,normal,240
"CHILE PEPPERS, POBLANO","chile peppers, chipotle",recommended,240
"CHILE PEPPERS, POBLANO",chiles rellenos,recommended,240
"CHILE PEPPERS, POBLANO",cilantro,normal,240
"CHILE PEPPERS, POBLANO",corn,recommended,240
"CHILE PEPPERS, POBLANO",garlic,normal,240
"CHILE PEPPERS, POBLANO",onions,normal,240
"CHILE PEPPERS, POBLANO",salads,normal,240
"CHILE PEPPERS, POBLANO",salsas,normal,240
"CHILE PEPPERS, POBLANO",tomatoes,normal,240
"CHILE PEPPERS, POBLANO","vegetables, roasted",normal,240
"CHILE PEPPERS, SERRANO",Bloody Marys,normal,240
"CHILE PEPPERS, SERRANO",chili powder,normal,240
"CHILE PEPPERS, SERRANO",cilantro,normal,240
"CHILE PEPPERS, SERRANO",coriander,normal,240
"CHILE PEPPERS, SERRANO",cumin,normal,240
"CHILE PEPPERS, SERRANO",garlic,normal,240
"CHILE PEPPERS, SERRANO",molasses,normal,240
"CHILE PEPPERS, SERRANO","oil, vegetable",normal,240
"CHILE PEPPERS, SERRANO",olive oil,normal,240
"CHILE PEPPERS, SERRANO","onions, yellow",normal,240
"CHILE PEPPERS, SERRANO","orange, juice",normal,240
"CHILE PEPPERS, SERRANO",salsas,normal,240
"CHILE PEPPERS, SERRANO","stock, chicken",normal,240
"CHILE PEPPERS, SERRANO","vinegar, white",normal,240
CHILEAN CUISINE,chile peppers,normal,241
CHILEAN CUISINE,corn,normal,241
CHILEAN CUISINE,cumin,normal,241
CHILEAN CUISINE,garlic,normal,241
CHILEAN CUISINE,meats,normal,241
CHILEAN CUISINE,olives,normal,241
CHILEAN CUISINE,oregano,normal,241
CHILEAN CUISINE,paprika,normal,241
CHILEAN CUISINE,"pepper, black",normal,241
CHILEAN CUISINE,raisins,normal,241
CHILI PASTE,Asian cuisine,normal,241
CHILI PASTE,beef,normal,241
CHILI PASTE,marinades,normal,241
CHILI PASTE,pork,normal,241
CHILI PASTE,sauces,normal,241
CHILI POWDER,cumin,normal,241
CHILI POWDER,Tabasco sauce,normal,241
CHILI POWDER,tequila,normal,241
CHINESE CUISINE,cabbage,normal,241
CHINESE CUISINE,chicken,normal,241
CHINESE CUISINE,chile peppers,normal,241
CHINESE CUISINE,cinnamon,normal,241
CHINESE CUISINE,duck,normal,241
CHINESE CUISINE,fish,normal,241
CHINESE CUISINE,garlic,normal,241
CHINESE CUISINE,ginger,normal,242
CHINESE CUISINE,hoisin sauce,normal,242
CHINESE CUISINE,peanuts,normal,242
CHINESE CUISINE,pork,normal,242
CHINESE CUISINE,RICE,very_highly_recommended,242
CHINESE CUISINE,scallions,normal,242
CHINESE CUISINE,seafood,normal,242
CHINESE CUISINE,"sesame: oil, seeds",normal,242
CHINESE CUISINE,"shrimp: fresh, dried",normal,242
CHINESE CUISINE,snow peas,normal,242
CHINESE CUISINE,SOY SAUCE,very_highly_recommended,242
CHINESE CUISINE,star anise,normal,242
CHINESE CUISINE,steaming,normal,242
CHINESE CUISINE,"stock, chicken",normal,242
CHINESE CUISINE,sugar,normal,242
CHINESE CUISINE,tofu,normal,242
CHINESE CUISINE,vegetables,normal,242
CHINESE CUISINE,"vinegar, rice wine",normal,242
CHINESE CUISINE,"wheat (e.g., noodles), esp. in northern China",normal,242
CHINESE CUISINE,"wine, rice",normal,242
CHINESE CUISINE,dice and served as a relish.,normal,242
CHIVES,avocados,normal,243
CHIVES,basil,normal,243
CHIVES,"beans, green",normal,243
CHIVES,butter,normal,243
CHIVES,"CHEESE, esp. cheddar, ricotta, and cheese sauces",very_highly_recommended,243
CHIVES,chervil,normal,243
CHIVES,chicken,normal,243
CHIVES,Chinese cuisine,normal,243
CHIVES,cilantro,normal,243
CHIVES,cream and cream sauces,normal,243
CHIVES,cream cheese,normal,243
CHIVES,crème fraîche,normal,243
CHIVES,dill,normal,243
CHIVES,"EGGS, EGG DISHES, AND OMELETS",very_highly_recommended,243
CHIVES,fennel,normal,243
CHIVES,"fines herbes (ingredient, along with chervil, parsley, tarragon)",normal,243
CHIVES,fish,normal,243
CHIVES,garlic,normal,243
CHIVES,"herbs, most other",normal,243
CHIVES,marjoram,normal,243
CHIVES,"onions, esp. green",normal,243
CHIVES,paprika,normal,243
CHIVES,parsley,recommended,243
CHIVES,pasta,normal,243
CHIVES,pork,recommended,243
CHIVES,POTATOES,very_highly_recommended,243
CHIVES,salads and salad dressings,recommended,243
CHIVES,"sauces, esp. cheese and cream based",recommended,243
CHIVES,shellfish,normal,243
CHIVES,smoked salmon,normal,243
CHIVES,sole,normal,243
CHIVES,sorrel,normal,243
CHIVES,"SOUPS, esp. cream based and cold (e.g., vichyssoise)",very_highly_recommended,244
CHIVES,sour cream,recommended,244
CHIVES,tarragon,recommended,244
CHIVES,thyme,normal,244
CHIVES,vegetables and root vegetables,recommended,244
CHIVES,vinaigrettes,normal,244
CHIVES,zucchini,normal,244
CHOCOLATE / COCOA — IN GENERAL,achiote,normal,244
CHOCOLATE / COCOA — IN GENERAL,allspice,normal,244
CHOCOLATE / COCOA — IN GENERAL,ALMONDS,very_highly_recommended,244
CHOCOLATE / COCOA — IN GENERAL,anise seeds,normal,244
CHOCOLATE / COCOA — IN GENERAL,apricots,normal,244
CHOCOLATE / COCOA — IN GENERAL,Armagnac,normal,244
CHOCOLATE / COCOA — IN GENERAL,BANANAS,very_highly_recommended,244
CHOCOLATE / COCOA — IN GENERAL,basil,normal,244
CHOCOLATE / COCOA — IN GENERAL,beverages,recommended,244
CHOCOLATE / COCOA — IN GENERAL,boar,normal,244
CHOCOLATE / COCOA — IN GENERAL,bourbon,normal,244
CHOCOLATE / COCOA — IN GENERAL,brandy,normal,244
CHOCOLATE / COCOA — IN GENERAL,brioche or challah,normal,244
CHOCOLATE / COCOA — IN GENERAL,"butter, unsalted",recommended,244
CHOCOLATE / COCOA — IN GENERAL,butterscotch,normal,244
CHOCOLATE / COCOA — IN GENERAL,"CARAMEL, esp. with dark chocolate",very_highly_recommended,244
CHOCOLATE / COCOA — IN GENERAL,cardamom,normal,244
CHOCOLATE / COCOA — IN GENERAL,cashews,normal,244
CHOCOLATE / COCOA — IN GENERAL,"cheese, ricotta",normal,244
CHOCOLATE / COCOA — IN GENERAL,"cherries: regular, sour, dried",recommended,245
CHOCOLATE / COCOA — IN GENERAL,chicken,normal,245
CHOCOLATE / COCOA — IN GENERAL,chile peppers,normal,245
CHOCOLATE / COCOA — IN GENERAL,chili powder,normal,245
CHOCOLATE / COCOA — IN GENERAL,"chocolate, white",normal,245
CHOCOLATE / COCOA — IN GENERAL,CINNAMON,very_highly_recommended,245
CHOCOLATE / COCOA — IN GENERAL,cloves,normal,245
CHOCOLATE / COCOA — IN GENERAL,cocoa powder,normal,245
CHOCOLATE / COCOA — IN GENERAL,coconut,normal,245
CHOCOLATE / COCOA — IN GENERAL,"COFFEE / ESPRESSO, esp. with dark chocolate",holy_grail,245
CHOCOLATE / COCOA — IN GENERAL,cognac,normal,245
CHOCOLATE / COCOA — IN GENERAL,Cointreau,normal,245
CHOCOLATE / COCOA — IN GENERAL,"corn syrup, light",normal,245
CHOCOLATE / COCOA — IN GENERAL,CREAM,very_highly_recommended,245
CHOCOLATE / COCOA — IN GENERAL,cream cheese,normal,245
CHOCOLATE / COCOA — IN GENERAL,crème anglaise,normal,245
CHOCOLATE / COCOA — IN GENERAL,crème fraîche,normal,245
CHOCOLATE / COCOA — IN GENERAL,"crust: pastry, pie",normal,245
CHOCOLATE / COCOA — IN GENERAL,currants,normal,246
CHOCOLATE / COCOA — IN GENERAL,custard,normal,246
CHOCOLATE / COCOA — IN GENERAL,dates,normal,246
CHOCOLATE / COCOA — IN GENERAL,DESSERTS,very_highly_recommended,246
CHOCOLATE / COCOA — IN GENERAL,duck,normal,246
CHOCOLATE / COCOA — IN GENERAL,espelette,normal,246
CHOCOLATE / COCOA — IN GENERAL,"figs, dried",normal,246
CHOCOLATE / COCOA — IN GENERAL,"fruit: dried, fresh",normal,246
CHOCOLATE / COCOA — IN GENERAL,"game (e.g., rabbit, venison)",recommended,246
CHOCOLATE / COCOA — IN GENERAL,game birds,recommended,246
CHOCOLATE / COCOA — IN GENERAL,ginger,recommended,246
CHOCOLATE / COCOA — IN GENERAL,graham crackers,normal,247
CHOCOLATE / COCOA — IN GENERAL,Grand Marnier,normal,247
CHOCOLATE / COCOA — IN GENERAL,HAZELNUTS,very_highly_recommended,247
CHOCOLATE / COCOA — IN GENERAL,honey,normal,247
CHOCOLATE / COCOA — IN GENERAL,Kirsch,normal,247
CHOCOLATE / COCOA — IN GENERAL,lavender,normal,247
CHOCOLATE / COCOA — IN GENERAL,lemon,normal,247
CHOCOLATE / COCOA — IN GENERAL,macadamia nuts,normal,247
CHOCOLATE / COCOA — IN GENERAL,malt (malted milk),normal,247
CHOCOLATE / COCOA — IN GENERAL,maple syrup,normal,247
CHOCOLATE / COCOA — IN GENERAL,marshmallows,normal,247
CHOCOLATE / COCOA — IN GENERAL,mascarpone,normal,247
CHOCOLATE / COCOA — IN GENERAL,meats,normal,247
CHOCOLATE / COCOA — IN GENERAL,"Mexican cuisine (e.g., mole sauces)",recommended,247
CHOCOLATE / COCOA — IN GENERAL,MILK,very_highly_recommended,247
CHOCOLATE / COCOA — IN GENERAL,MINT,very_highly_recommended,247
CHOCOLATE / COCOA — IN GENERAL,"nutmeg, esp. on hot chocolate",normal,247
CHOCOLATE / COCOA — IN GENERAL,NUTS,very_highly_recommended,247
CHOCOLATE / COCOA — IN GENERAL,oats,normal,247
CHOCOLATE / COCOA — IN GENERAL,"orange: juice, zest",normal,247
CHOCOLATE / COCOA — IN GENERAL,orange blossom water,normal,247
CHOCOLATE / COCOA — IN GENERAL,passion fruit,normal,247
CHOCOLATE / COCOA — IN GENERAL,peanuts/peanut butter,normal,247
CHOCOLATE / COCOA — IN GENERAL,pears,recommended,247
CHOCOLATE / COCOA — IN GENERAL,pecans,normal,247
CHOCOLATE / COCOA — IN GENERAL,"pepper: black, pink (pinch)",normal,247
CHOCOLATE / COCOA — IN GENERAL,poultry,normal,247
CHOCOLATE / COCOA — IN GENERAL,praline,normal,247
CHOCOLATE / COCOA — IN GENERAL,prunes,normal,247
CHOCOLATE / COCOA — IN GENERAL,raisins,normal,247
CHOCOLATE / COCOA — IN GENERAL,"RASPBERRIES, esp. with milk chocolate",very_highly_recommended,247
CHOCOLATE / COCOA — IN GENERAL,Rice Krispies,normal,247
CHOCOLATE / COCOA — IN GENERAL,"RUM: DARK, LIGHT",very_highly_recommended,247
CHOCOLATE / COCOA — IN GENERAL,salt,normal,247
CHOCOLATE / COCOA — IN GENERAL,"sauces: savory (e.g., mole), sweet (e.g., chocolate)",normal,247
CHOCOLATE / COCOA — IN GENERAL,sour cream,normal,247
CHOCOLATE / COCOA — IN GENERAL,strawberries,normal,247
CHOCOLATE / COCOA — IN GENERAL,"SUGAR: brown, confectioners’, white",recommended,247
CHOCOLATE / COCOA — IN GENERAL,"tea, esp. green or Earl Grey",normal,247
CHOCOLATE / COCOA — IN GENERAL,turkey,normal,247
CHOCOLATE / COCOA — IN GENERAL,VANILLA,very_highly_recommended,247
CHOCOLATE / COCOA — IN GENERAL,Vin Santo,normal,247
CHOCOLATE / COCOA — IN GENERAL,walnuts,normal,247
"CHOCOLATE, WHITE",almonds,normal,250
"CHOCOLATE, WHITE",apricots,normal,250
"CHOCOLATE, WHITE",bananas,normal,250
"CHOCOLATE, WHITE",basil,normal,250
"CHOCOLATE, WHITE","BERRIES: blackberries, blueberries, cranberries",recommended,250
"CHOCOLATE, WHITE",caramel,normal,250
"CHOCOLATE, WHITE",cashews,normal,250
"CHOCOLATE, WHITE",cassis,normal,250
"CHOCOLATE, WHITE",cherries,normal,251
"CHOCOLATE, WHITE","chocolate, esp. dark",recommended,251
"CHOCOLATE, WHITE",citrus,normal,251
"CHOCOLATE, WHITE",coconut,normal,251
"CHOCOLATE, WHITE",cream,recommended,251
"CHOCOLATE, WHITE",dates,normal,251
"CHOCOLATE, WHITE",figs,normal,251
"CHOCOLATE, WHITE",ginger,normal,251
"CHOCOLATE, WHITE",grapes,normal,251
"CHOCOLATE, WHITE",hazelnuts,normal,251
"CHOCOLATE, WHITE","lemon: juice, zest",recommended,251
"CHOCOLATE, WHITE",lime,normal,251
"CHOCOLATE, WHITE","liqueurs: berry, crème de cacao",normal,251
"CHOCOLATE, WHITE",macadamia nuts,normal,251
"CHOCOLATE, WHITE",mango,normal,251
"CHOCOLATE, WHITE",mint,recommended,251
"CHOCOLATE, WHITE",orange,recommended,251
"CHOCOLATE, WHITE",papaya,normal,251
"CHOCOLATE, WHITE",passion fruit,normal,251
"CHOCOLATE, WHITE",persimmons,normal,251
"CHOCOLATE, WHITE",pistachios,normal,251
"CHOCOLATE, WHITE",pomegranate,normal,251
"CHOCOLATE, WHITE",prunes,normal,251
"CHOCOLATE, WHITE",RASPBERRIES,holy_grail,251
"CHOCOLATE, WHITE",rum,normal,251
"CHOCOLATE, WHITE",strawberries,normal,251
"CHOCOLATE, WHITE",sugar,normal,251
"CHOCOLATE, WHITE",sweet potatoes,normal,251
"CHOCOLATE, WHITE",vanilla,recommended,251
"CHOCOLATE, WHITE",yogurt,normal,251
CHORIZO,apples,normal,252
CHORIZO,bay leaf,normal,252
CHORIZO,beans,normal,252
CHORIZO,"bell peppers, roasted",normal,252
CHORIZO,chicken,normal,252
CHORIZO,chili,normal,252
CHORIZO,clams,normal,252
CHORIZO,garlic,normal,252
CHORIZO,hard cider,normal,252
CHORIZO,herbs,normal,252
CHORIZO,kale,normal,252
CHORIZO,monkfish,normal,252
CHORIZO,olive oil,normal,252
CHORIZO,onions,normal,252
CHORIZO,paprika,normal,252
CHORIZO,potatoes,normal,252
CHORIZO,red pepper flakes,normal,252
CHORIZO,Spanish cuisine,recommended,252
CHORIZO,stews,normal,252
CHORIZO,"stock, chicken",normal,252
CHORIZO,sweet potatoes,normal,252
CHORIZO,thyme,normal,252
CHORIZO,tomatoes,normal,252
CHORIZO,"delicate fish (e.g., halibut, scallops)",avoid,252
CHORIZO,"oily fish (e.g., sardines)",avoid,252
CHRISTMAS,"baked goods, esp. cookies",normal,252
CHRISTMAS,cinnamon,normal,252
CHRISTMAS,cloves,normal,252
CHRISTMAS,eggnog,normal,252
CHRISTMAS,fruitcake,normal,252
CHRISTMAS,ginger,normal,252
CHRISTMAS,peppermint,normal,252
CILANTRO,Albarino Emulsion,recommended,253
CILANTRO,Asian cuisines,recommended,253
CILANTRO,avocados,recommended,253
CILANTRO,basil,normal,253
CILANTRO,beans,normal,253
CILANTRO,bell peppers,normal,253
CILANTRO,"boar, wild",normal,253
CILANTRO,braised dishes,normal,253
CILANTRO,butter,normal,253
CILANTRO,cardamom,normal,253
CILANTRO,Caribbean cuisine,normal,253
CILANTRO,carrots,normal,253
CILANTRO,chicken,recommended,253
CILANTRO,CHILE PEPPERS,very_highly_recommended,253
CILANTRO,chives,normal,253
CILANTRO,chutneys,normal,253
CILANTRO,"coconut and coconut milk (e.g., Indian cuisine)",recommended,253
CILANTRO,corn,normal,253
CILANTRO,cream and ice cream,normal,253
CILANTRO,cucumbers,normal,253
CILANTRO,cumin,recommended,253
CILANTRO,"curries, esp. Indian",recommended,253
CILANTRO,dill,normal,253
CILANTRO,dips,normal,253
CILANTRO,figs,normal,253
CILANTRO,"fish, white (e.g., cod, halibut)",recommended,253
CILANTRO,"garam masala (e.g., Indian cuisine)",normal,254
CILANTRO,garlic,recommended,254
CILANTRO,ginger,recommended,254
CILANTRO,greens,normal,254
CILANTRO,INDIAN CUISINE,very_highly_recommended,254
CILANTRO,lamb,normal,254
CILANTRO,Latin American cuisines,normal,254
CILANTRO,legumes,normal,254
CILANTRO,"lemon, juice",recommended,254
CILANTRO,lemongrass,recommended,254
CILANTRO,lemon verbena,normal,254
CILANTRO,lentils,normal,254
CILANTRO,"lime, juice",recommended,254
CILANTRO,mayonnaise,normal,254
CILANTRO,"meats, esp. white",normal,254
CILANTRO,Mediterranean cuisine,normal,254
CILANTRO,MEXICAN CUISINE,very_highly_recommended,254
CILANTRO,Middle Eastern cuisine,normal,254
CILANTRO,"mint (e.g., Indian cuisine)",recommended,254
CILANTRO,North African cuisine,normal,254
CILANTRO,"onions, red",normal,254
CILANTRO,"orange, juice",normal,254
CILANTRO,parsley,normal,254
CILANTRO,pork,normal,254
CILANTRO,Portuguese cuisine,normal,254
CILANTRO,potatoes,normal,254
CILANTRO,"rice, esp. Indian",recommended,254
CILANTRO,"salads, esp. Asian",recommended,254
CILANTRO,"SALSAS, MEXICAN",very_highly_recommended,254
CILANTRO,sauces,normal,254
CILANTRO,scallions,normal,254
CILANTRO,shellfish,normal,255
CILANTRO,soups,normal,255
CILANTRO,Southeast Asian cuisine,normal,255
CILANTRO,soy sauce,normal,255
CILANTRO,stews,normal,255
CILANTRO,stir-fried dishes,normal,255
CILANTRO,tamarind,normal,255
CILANTRO,Tex-Mex cuisine,normal,255
CILANTRO,Thai cuisine,recommended,255
CILANTRO,tomatoes,recommended,255
CILANTRO,"vegetables, esp. root",normal,255
CILANTRO,Vietnamese cuisine,normal,255
CILANTRO,"vinaigrettes, esp. red wine",normal,255
CILANTRO,"vinegar, red wine",normal,255
CILANTRO,yogurt,recommended,255
CILANTRO,Japanese cuisine (say some),avoid,255
CINNAMON,allspice,normal,255
CINNAMON,"APPLES: CIDER, FRUIT, JUICE",very_highly_recommended,255
CINNAMON,apricots,normal,255
CINNAMON,baked dishes and goods,recommended,255
CINNAMON,bananas,recommended,255
CINNAMON,"beef, esp. braised, raw, stewed",normal,255
CINNAMON,bell peppers,normal,255
CINNAMON,berries,normal,255
CINNAMON,"beverages, esp. hot",recommended,255
CINNAMON,blueberries,recommended,255
CINNAMON,"breads, sweet (e.g., gingerbread)",normal,255
CINNAMON,breakfast / brunch,recommended,255
CINNAMON,butter,normal,256
CINNAMON,caramel,normal,256
CINNAMON,Calvados,normal,256
CINNAMON,cardamom,normal,256
CINNAMON,cherries,normal,256
CINNAMON,chicken,recommended,256
CINNAMON,chile peppers,normal,256
CINNAMON,chili powder,normal,256
CINNAMON,Chinese cuisine,normal,256
CINNAMON,CHOCOLATE / COCOA,very_highly_recommended,256
CINNAMON,chutneys,normal,256
CINNAMON,cloves,normal,256
CINNAMON,coffee / espresso,recommended,256
CINNAMON,cloves (compatible spice),recommended,256
CINNAMON,cookies,normal,256
CINNAMON,coriander,normal,256
CINNAMON,couscous,normal,256
CINNAMON,cream and ice cream,normal,256
CINNAMON,cream cheese,normal,256
CINNAMON,cumin,normal,256
CINNAMON,"curries, esp. Indian",recommended,256
CINNAMON,CUSTARDS,very_highly_recommended,256
CINNAMON,DESSERTS,very_highly_recommended,256
CINNAMON,eggplant,normal,256
CINNAMON,fennel,normal,256
CINNAMON,five-spice powder (key ingredient),normal,256
CINNAMON,French toast,normal,256
CINNAMON,"fruits: fruit compotes, fruit desserts",recommended,256
CINNAMON,game birds,normal,256
CINNAMON,"garam masala, Indian (key ingredient)",recommended,256
CINNAMON,garlic,normal,256
CINNAMON,ginger,recommended,256
CINNAMON,holiday cooking,normal,256
CINNAMON,honey,normal,256
CINNAMON,Indian cuisine,normal,256
CINNAMON,Indonesian cuisine,normal,256
CINNAMON,"lamb, esp. braised",recommended,256
CINNAMON,"lemon, juice",recommended,256
CINNAMON,mace,normal,256
CINNAMON,malt,normal,256
CINNAMON,maple syrup,normal,256
CINNAMON,"meats, red",normal,256
CINNAMON,Mediterreanean cuisine,normal,256
CINNAMON,Mexican cuisine,recommended,256
CINNAMON,Middle Eastern cuisine,recommended,256
CINNAMON,mole sauces,normal,257
CINNAMON,Moroccan cuisine,recommended,257
CINNAMON,nutmeg,recommended,257
CINNAMON,nuts,normal,257
CINNAMON,onions,normal,257
CINNAMON,"orange: juice, zest",recommended,257
CINNAMON,pancakes,normal,257
CINNAMON,pastries,normal,257
CINNAMON,pears,recommended,257
CINNAMON,pecans,recommended,257
CINNAMON,pies,normal,257
CINNAMON,plums,normal,257
CINNAMON,pork,recommended,257
CINNAMON,poultry,normal,257
CINNAMON,pumpkin,normal,257
CINNAMON,quail,normal,257
CINNAMON,quatre épices (key ingredient),normal,257
CINNAMON,raisins,normal,257
CINNAMON,ras el hanout (key ingredient),normal,257
CINNAMON,rice,recommended,257
CINNAMON,saffron,normal,257
CINNAMON,"sauces (e.g., barbecue)",normal,257
CINNAMON,South American cuisine,normal,257
CINNAMON,Southeast Asian cuisine (as cassia),normal,257
CINNAMON,Spanish cuisine,normal,257
CINNAMON,"squash, esp. winter",normal,257
CINNAMON,star anise,normal,257
CINNAMON,stews,normal,257
CINNAMON,stocks and broths,normal,257
CINNAMON,"sugar: brown, white",recommended,257
CINNAMON,tagines,normal,257
CINNAMON,tamarind,normal,257
CINNAMON,tea,recommended,257
CINNAMON,tomatoes,normal,257
CINNAMON,turmeric,normal,257
CINNAMON,vanilla,recommended,257
CINNAMON,veal,normal,257
CINNAMON,"vegetables, esp. sweet",normal,257
CINNAMON,waffles,normal,257
CINNAMON,walnuts,normal,257
CINNAMON,"wine, red, esp. mulled",recommended,258
CINNAMON,yogurt,normal,258
CINNAMON,zucchini,normal,258
CLAMS,aioli,normal,258
CLAMS,allspice,normal,258
CLAMS,anchovy,normal,258
CLAMS,artichokes,normal,258
CLAMS,asparagus,normal,258
CLAMS,BACON,very_highly_recommended,258
CLAMS,basil,recommended,258
CLAMS,bay leaf,recommended,259
CLAMS,"beans, white",normal,259
CLAMS,"bell peppers, esp. red",normal,259
CLAMS,"bread, esp. French",normal,259
CLAMS,bread crumbs,normal,259
CLAMS,"BUTTER, UNSALTED",very_highly_recommended,259
CLAMS,"cabbage, esp. napa",normal,259
CLAMS,capers,normal,259
CLAMS,carrots,normal,259
CLAMS,cauliflower,normal,259
CLAMS,caviar,normal,259
CLAMS,cayenne,normal,259
CLAMS,celery,recommended,259
CLAMS,chervil,normal,259
CLAMS,chili powder,normal,259
CLAMS,chives,normal,259
CLAMS,chorizo,normal,259
CLAMS,cilantro,normal,259
CLAMS,clam juice,normal,259
CLAMS,cocktail sauce,normal,259
CLAMS,cod,normal,259
CLAMS,corn,normal,259
CLAMS,cream,recommended,259
CLAMS,cumin,normal,259
CLAMS,fennel,normal,259
CLAMS,fermented black beans,normal,259
CLAMS,"fish, esp. striped bass",normal,259
CLAMS,GARLIC,very_highly_recommended,259
CLAMS,"ginger, fresh",normal,259
CLAMS,gingko nuts,normal,259
CLAMS,"ham, Serrano",normal,259
CLAMS,hominy,normal,259
CLAMS,horseradish,normal,259
CLAMS,Italian cuisine,normal,259
CLAMS,Japanese cuisine,normal,259
CLAMS,Korean cuisine,normal,259
CLAMS,leeks,normal,260
CLAMS,"lemon, juice",recommended,260
CLAMS,lemongrass,normal,260
CLAMS,"lime, juice",normal,260
CLAMS,marjoram,normal,260
CLAMS,Mediterranean cuisine,normal,260
CLAMS,milk,normal,260
CLAMS,"mint, esp. spearmint",normal,260
CLAMS,mirepoix,normal,260
CLAMS,mushrooms,normal,260
CLAMS,mussels,normal,260
CLAMS,mustard greens,normal,260
CLAMS,New England cuisine,normal,260
CLAMS,"oil, vegetable",normal,260
CLAMS,OLIVE OIL,very_highly_recommended,260
CLAMS,"onions, esp. red or Spanish",recommended,260
CLAMS,oregano,normal,260
CLAMS,oysters,recommended,260
CLAMS,pancetta,normal,260
CLAMS,"PARSLEY, FLAT-LEAF",very_highly_recommended,260
CLAMS,pasta,normal,260
CLAMS,"Linguine with Clams, Pancetta, and Hot Chiles",recommended,260
CLAMS,Clam Chowder with Smoked Bacon,recommended,260
CLAMS,Oil,recommended,260
CLAMS,"PEPPER: BLACK, WHITE",very_highly_recommended,260
CLAMS,Pernod,normal,260
CLAMS,pork,normal,260
CLAMS,"POTATOES, esp. Idaho, red",very_highly_recommended,260
CLAMS,prosciutto,normal,260
CLAMS,red pepper flakes,normal,260
CLAMS,"rice, esp. Arborio or bomba",normal,260
CLAMS,romesco sauce,normal,260
CLAMS,rosemary,normal,260
CLAMS,saffron,normal,261
CLAMS,sake,normal,261
CLAMS,"salt, kosher",recommended,261
CLAMS,"sausage, esp. spicy (e.g., chorizo)",normal,261
CLAMS,scallions,normal,261
CLAMS,scallops (compatible seafood),normal,261
CLAMS,shallots,recommended,261
CLAMS,"sherry, dry (e.g., fino)",normal,261
CLAMS,shiso leaf,normal,261
CLAMS,shrimp (compatible seafood),normal,261
CLAMS,soy sauce,normal,261
CLAMS,spinach,normal,261
CLAMS,squid (compatible seafood),normal,261
CLAMS,"stocks: chicken, clam, fish",recommended,261
CLAMS,Tabasco sauce,normal,261
CLAMS,tapenade,normal,261
CLAMS,tarragon,normal,261
CLAMS,Thai basil,normal,261
CLAMS,THYME,very_highly_recommended,261
CLAMS,"TOMATOES, esp. plum, roasted, sauce",very_highly_recommended,261
CLAMS,vermouth,normal,261
CLAMS,yuzu juice,normal,261
CLOVES,allspice,normal,261
CLOVES,almonds,normal,261
CLOVES,"apples: cider, fruit, juice",recommended,261
CLOVES,"baked goods (e.g., breads, cakes, pastries, pies)",normal,261
CLOVES,bay leaf,normal,261
CLOVES,beef,normal,262
CLOVES,beets,normal,262
CLOVES,beverages,normal,262
CLOVES,biryani,normal,262
CLOVES,"cabbage, esp. red",normal,262
CLOVES,cardamom,normal,262
CLOVES,carrots,normal,262
CLOVES,chicken,normal,262
CLOVES,chile peppers,normal,262
CLOVES,Chinese cuisine,normal,262
CLOVES,chocolate,recommended,262
CLOVES,"cider, hot (i.e., mulled)",normal,262
CLOVES,cinnamon,recommended,262
CLOVES,cookies,normal,262
CLOVES,coriander,normal,262
CLOVES,cumin,normal,262
CLOVES,"curries (e.g., Asian, Indian)",normal,262
CLOVES,desserts,normal,262
CLOVES,duck,normal,262
CLOVES,English cuisine,normal,262
CLOVES,fennel seeds,normal,262
CLOVES,"fruits, esp. cooked",normal,262
CLOVES,game,normal,262
CLOVES,garam masala (key ingredient),recommended,262
CLOVES,garlic,normal,262
CLOVES,German cuisine,normal,262
CLOVES,ginger,recommended,262
CLOVES,"ham, baked",recommended,262
CLOVES,honey,normal,262
CLOVES,"Indian cuisine, esp. northern",normal,262
CLOVES,ketchup,normal,262
CLOVES,kumquats,normal,262
CLOVES,lamb,normal,262
CLOVES,lemon,recommended,262
CLOVES,mace,normal,262
CLOVES,meats,normal,262
CLOVES,Mexican cuisine,normal,262
CLOVES,nutmeg,normal,262
CLOVES,onions,normal,262
CLOVES,orange,recommended,262
CLOVES,pork,recommended,262
CLOVES,pumpkin,normal,262
CLOVES,salad dressings,normal,262
CLOVES,sausage,normal,262
CLOVES,spice cakes,normal,262
CLOVES,squash,normal,263
CLOVES,Sri Lankan cuisine,normal,263
CLOVES,star anise,normal,263
CLOVES,stews,normal,263
CLOVES,"stock, esp. beef",normal,263
CLOVES,stuffing,normal,263
CLOVES,sweet potatoes,normal,263
CLOVES,Szechuan pepper,normal,263
CLOVES,tamarind,normal,263
CLOVES,tea,normal,263
CLOVES,tomatoes,normal,263
CLOVES,turmeric,normal,263
CLOVES,"vegetables, sweet",normal,263
CLOVES,walnuts,normal,263
CLOVES,"wine, red, hot (i.e., mulled)",recommended,263
CLOVES,Worcestershire sauce,normal,263
COCONUT AND COCONUT MILK,allspice,normal,263
COCONUT AND COCONUT MILK,almonds,recommended,263
COCONUT AND COCONUT MILK,apricots,normal,263
COCONUT AND COCONUT MILK,Asian cuisine,normal,263
COCONUT AND COCONUT MILK,bananas,recommended,263
COCONUT AND COCONUT MILK,basil,normal,263
COCONUT AND COCONUT MILK,"beans, green (e.g., Indian cuisine)",normal,263
COCONUT AND COCONUT MILK,beef,normal,263
COCONUT AND COCONUT MILK,blackberries,normal,263
COCONUT AND COCONUT MILK,Brazilian cuisine,normal,263
COCONUT AND COCONUT MILK,candies,normal,263
COCONUT AND COCONUT MILK,caramel,normal,263
COCONUT AND COCONUT MILK,"cardamom (e.g., Indian cuisine)",normal,263
COCONUT AND COCONUT MILK,Caribbean cuisine,normal,263
COCONUT AND COCONUT MILK,"cashews (e.g., Indian cuisine)",normal,263
COCONUT AND COCONUT MILK,"cauliflower (e.g., Indian cuisine)",normal,264
COCONUT AND COCONUT MILK,"cherries, fresh or dried",normal,264
COCONUT AND COCONUT MILK,"chicken (e.g., Indian cuisine, etc.)",recommended,264
COCONUT AND COCONUT MILK,"chile peppers, green or red",normal,264
COCONUT AND COCONUT MILK,chili powder,normal,264
COCONUT AND COCONUT MILK,"chocolate, esp. dark or white",recommended,264
COCONUT AND COCONUT MILK,"cilantro (e.g., Indian cuisine, etc.)",recommended,264
COCONUT AND COCONUT MILK,cinnamon,normal,264
COCONUT AND COCONUT MILK,cloves,normal,264
COCONUT AND COCONUT MILK,coriander,normal,264
COCONUT AND COCONUT MILK,CREAM AND ICE CREAM,very_highly_recommended,264
COCONUT AND COCONUT MILK,crème fraîche,recommended,264
COCONUT AND COCONUT MILK,cucumber,normal,264
COCONUT AND COCONUT MILK,cumin,normal,264
COCONUT AND COCONUT MILK,"curries (e.g., Indian cuisine)",recommended,264
COCONUT AND COCONUT MILK,custard,recommended,264
COCONUT AND COCONUT MILK,dates,normal,264
COCONUT AND COCONUT MILK,desserts,recommended,264
COCONUT AND COCONUT MILK,eggs,normal,264
COCONUT AND COCONUT MILK,"figs, dried",normal,264
COCONUT AND COCONUT MILK,fish,recommended,264
COCONUT AND COCONUT MILK,"fruit, esp. tropical",normal,264
COCONUT AND COCONUT MILK,ginger,normal,264
COCONUT AND COCONUT MILK,grapefruit,normal,264
COCONUT AND COCONUT MILK,guava,normal,264
COCONUT AND COCONUT MILK,honey,recommended,264
COCONUT AND COCONUT MILK,in a new way yet be something familiar.,normal,264
COCONUT AND COCONUT MILK,boring old rice pudding.,normal,264
COCONUT AND COCONUT MILK,flavors as well as sautéing something to order.,normal,264
COCONUT AND COCONUT MILK,Lemongrass and Coconut Panna Cotta,recommended,265
COCONUT AND COCONUT MILK,Indian cuisine,normal,265
COCONUT AND COCONUT MILK,Indonesian cuisine,normal,265
COCONUT AND COCONUT MILK,kiwi,normal,265
COCONUT AND COCONUT MILK,kumquats,normal,265
COCONUT AND COCONUT MILK,"lamb (e.g., Indian cuisine)",normal,265
COCONUT AND COCONUT MILK,lemon,normal,265
COCONUT AND COCONUT MILK,lemongrass,normal,265
COCONUT AND COCONUT MILK,"lentils (e.g., Indian cuisine)",normal,265
COCONUT AND COCONUT MILK,"lime, juice",recommended,265
COCONUT AND COCONUT MILK,lychee,recommended,265
COCONUT AND COCONUT MILK,macadamia nuts,normal,265
COCONUT AND COCONUT MILK,Malaysian cuisine,normal,265
COCONUT AND COCONUT MILK,mangoes,recommended,265
COCONUT AND COCONUT MILK,maple,normal,265
COCONUT AND COCONUT MILK,mascarpone,normal,265
COCONUT AND COCONUT MILK,milk,normal,265
COCONUT AND COCONUT MILK,"mint (e.g., Indian cuisine, etc.)",recommended,265
COCONUT AND COCONUT MILK,nutmeg,normal,265
COCONUT AND COCONUT MILK,oats,normal,265
COCONUT AND COCONUT MILK,"orange, juice",normal,265
COCONUT AND COCONUT MILK,papaya,normal,265
COCONUT AND COCONUT MILK,passion fruit,recommended,265
COCONUT AND COCONUT MILK,peanuts,normal,265
COCONUT AND COCONUT MILK,"pepper, black",recommended,265
COCONUT AND COCONUT MILK,pineapple,recommended,265
COCONUT AND COCONUT MILK,pistachios,normal,265
COCONUT AND COCONUT MILK,rice,recommended,265
COCONUT AND COCONUT MILK,rose water,normal,265
COCONUT AND COCONUT MILK,"rum, esp. dark",recommended,265
COCONUT AND COCONUT MILK,"salads, fruit",recommended,265
COCONUT AND COCONUT MILK,"salmon (e.g., Indian cuisine)",normal,265
COCONUT AND COCONUT MILK,"salt, kosher",normal,265
COCONUT AND COCONUT MILK,sesame seeds,recommended,265
COCONUT AND COCONUT MILK,"shellfish: shrimp, lobster",recommended,265
COCONUT AND COCONUT MILK,soups,normal,265
COCONUT AND COCONUT MILK,sour cream,normal,265
COCONUT AND COCONUT MILK,Southeast Asian cuisine,normal,265
COCONUT AND COCONUT MILK,stews,normal,266
COCONUT AND COCONUT MILK,"SUGAR: brown, white",recommended,266
COCONUT AND COCONUT MILK,sweet potatoes,normal,266
COCONUT AND COCONUT MILK,"tea, green",normal,266
COCONUT AND COCONUT MILK,Thai cuisine,normal,266
COCONUT AND COCONUT MILK,tropical fruits,normal,266
COCONUT AND COCONUT MILK,VANILLA,very_highly_recommended,266
COCONUT AND COCONUT MILK,Vietnamese cuisine,normal,266
COCONUT AND COCONUT MILK,"vinegar, white wine",normal,266
COD,anchovies,recommended,266
COD,bacon,normal,266
COD,basil,recommended,266
COD,bay leaf,recommended,266
COD,"beans: cannellini, green, navy, white",recommended,266
COD,"bell peppers: red, green, yellow",normal,266
COD,bouquet garni,normal,266
COD,brandade,normal,266
COD,brandy,normal,266
COD,bread crumbs,normal,266
COD,"BUTTER, unsalted",recommended,266
COD,"cabbage, savoy",normal,266
COD,capers,normal,266
COD,caraway seeds,normal,266
COD,carrots,recommended,266
COD,cayenne,recommended,266
COD,celery,recommended,266
COD,"cheese: Emmental, Gruyère, Swiss",normal,266
COD,chervil,normal,266
COD,chives,recommended,266
COD,cilantro,normal,266
COD,coriander,normal,266
COD,cream,recommended,266
COD,currants,normal,267
COD,daikon,normal,267
COD,"eggplant, esp. Japanese",normal,267
COD,"eggs, hard-boiled",normal,267
COD,endive,normal,267
COD,"English cuisine, esp. fish and chips",normal,267
COD,fennel,normal,267
COD,"French cuisine, esp. Provençal",normal,267
COD,garlic,recommended,267
COD,ginger,normal,267
COD,"ham: cured, Serrano",normal,267
COD,leeks,normal,267
COD,"lemon, juice",recommended,267
COD,mayonnaise,normal,267
COD,milk,normal,267
COD,miso,normal,267
COD,"mushrooms, esp. cepes, portobello, shiitake",recommended,267
COD,"mustard, Dijon",normal,267
COD,New England cuisine,normal,267
COD,"oils: canola, corn, grapeseed, peanut",normal,267
COD,olive oil,recommended,267
COD,"olives: black, green",normal,267
COD,onions,recommended,267
COD,"orange: juice, zest",normal,267
COD,"paprika, sweet",normal,267
COD,"PARSLEY, FLAT-LEAF",very_highly_recommended,267
COD,peas,normal,267
COD,"pepper: black, white",recommended,267
COD,pine nuts,normal,267
COD,"POTATOES, esp. red, red bliss",very_highly_recommended,267
COD,prosciutto,normal,267
COD,radishes,normal,267
COD,risotto,normal,267
COD,"Cilantro, and Green Chile, Served on Crispy Tostaditas",recommended,267
COD,"Sauce with Lime, Avocado, White Onion, and Cilantro",recommended,267
COD,Lemon Marmalade,recommended,268
COD,"Potatoes, and Artichoke Puree",recommended,268
COD,rosemary,normal,268
COD,saffron,recommended,268
COD,sage,normal,268
COD,"salt:fleur de sel,kosher, sea",recommended,268
COD,"sauces: hollandaise, tartar, tomato",normal,268
COD,"sausage, chorizo",normal,268
COD,scallions,normal,268
COD,shallots,normal,268
COD,"shellfish: clams, shrimp",normal,268
COD,"stocks: chicken, fish, mussels, veal, vegetable",normal,268
COD,sugar,normal,268
COD,tarragon,normal,268
COD,thyme,recommended,268
COD,tomatoes,recommended,268
COD,"truffles, black",normal,268
COD,"wine: dry white, red",recommended,268
COD,yuzu juice,normal,268
"COD, BLACK","bell peppers, red",normal,269
"COD, BLACK","chile peppers, esp. red",normal,269
"COD, BLACK",chives,normal,269
"COD, BLACK",garlic,normal,269
"COD, BLACK",ginger,normal,269
"COD, BLACK",leeks,normal,269
"COD, BLACK",miso,normal,269
"COD, BLACK",onions,normal,269
"COD, BLACK",shiso,normal,269
"COD, BLACK",shrimp,normal,269
"COD, BLACK",soy sauce,normal,269
"COD, BLACK","sugar, brown",normal,269
"COD, SALT",artichoke hearts,normal,269
"COD, SALT",bay leaf,normal,269
"COD, SALT","beans, white",normal,269
"COD, SALT","bell peppers: green, red",normal,269
"COD, SALT",bread crumbs,normal,269
"COD, SALT",capers,normal,269
"COD, SALT",chile peppers,normal,269
"COD, SALT",cilantro,normal,269
"COD, SALT",cream,normal,269
"COD, SALT","French cuisine, esp. Provençal",normal,269
"COD, SALT",GARLIC,very_highly_recommended,269
"COD, SALT","greens, salad",normal,269
"COD, SALT","lemon, juice",normal,269
"COD, SALT",marjoram,normal,269
"COD, SALT",mint,normal,269
"COD, SALT",Black Cod with Miso Sauce,recommended,269
"COD, SALT",Old Bay seasoning,normal,270
"COD, SALT","OIL, canola",recommended,270
"COD, SALT",olive oil,normal,270
"COD, SALT","olives, esp. black or kalamata",normal,270
"COD, SALT",onions,normal,270
"COD, SALT","paprika: hot, sweet",normal,270
"COD, SALT","parsley, flat-leaf",recommended,270
"COD, SALT",pasta,normal,270
"COD, SALT","pepper: black, white",recommended,270
"COD, SALT",potatoes,recommended,270
"COD, SALT",saffron,normal,270
"COD, SALT","salt: kosher, sea",recommended,270
"COD, SALT",scallions,normal,270
"COD, SALT",shallots,normal,270
"COD, SALT",shrimp,normal,270
"COD, SALT",sour cream,normal,270
"COD, SALT","stock, fish",normal,270
"COD, SALT",sugar,normal,270
"COD, SALT",Tabasco sauce,normal,270
"COD, SALT",thyme,normal,270
"COD, SALT",tomatoes,normal,270
"COD, SALT","vinegar: red wine, white wine",normal,270
"COD, SALT","wine, dry",normal,270
"COD, SALT",Worcestershire sauce,normal,270
COFFEE AND ESPRESSO,almonds,recommended,270
COFFEE AND ESPRESSO,amaretto,normal,270
COFFEE AND ESPRESSO,anise,normal,270
COFFEE AND ESPRESSO,bananas,normal,270
COFFEE AND ESPRESSO,barbecue sauce,normal,270
COFFEE AND ESPRESSO,beverages,recommended,270
COFFEE AND ESPRESSO,bourbon,normal,270
COFFEE AND ESPRESSO,brandy,recommended,270
COFFEE AND ESPRESSO,caramel,recommended,270
COFFEE AND ESPRESSO,cardamom,normal,270
COFFEE AND ESPRESSO,"cheese, ricotta",normal,270
COFFEE AND ESPRESSO,cherries,normal,270
COFFEE AND ESPRESSO,chicken,normal,271
COFFEE AND ESPRESSO,chicory,normal,271
COFFEE AND ESPRESSO,"CHOCOLATE, ESP. DARK, white",recommended,271
COFFEE AND ESPRESSO,cinnamon,recommended,271
COFFEE AND ESPRESSO,cloves,normal,271
COFFEE AND ESPRESSO,COCOA,very_highly_recommended,271
COFFEE AND ESPRESSO,coconut,normal,271
COFFEE AND ESPRESSO,cognac,normal,271
COFFEE AND ESPRESSO,CREAM,very_highly_recommended,271
COFFEE AND ESPRESSO,curry,normal,271
COFFEE AND ESPRESSO,custards,recommended,271
COFFEE AND ESPRESSO,dates,normal,271
COFFEE AND ESPRESSO,fennel seeds,normal,271
COFFEE AND ESPRESSO,figs,normal,271
COFFEE AND ESPRESSO,game birds,normal,271
COFFEE AND ESPRESSO,gravy,normal,271
COFFEE AND ESPRESSO,"ham (e.g., with red-eye gravy)",normal,271
COFFEE AND ESPRESSO,hazelnuts,recommended,271
COFFEE AND ESPRESSO,honey,normal,271
COFFEE AND ESPRESSO,"ice cream, vanilla",recommended,271
COFFEE AND ESPRESSO,Irish whiskey,normal,271
COFFEE AND ESPRESSO,lamb,normal,271
COFFEE AND ESPRESSO,lemon,recommended,271
COFFEE AND ESPRESSO,lime,normal,271
COFFEE AND ESPRESSO,"liqueurs, coffee (e.g., Kahlúa, Tía Maria)",normal,271
COFFEE AND ESPRESSO,macadamia nuts,normal,271
COFFEE AND ESPRESSO,maple syrup,normal,271
COFFEE AND ESPRESSO,"milk, including sweetened, condensed",recommended,271
COFFEE AND ESPRESSO,nutmeg,normal,271
COFFEE AND ESPRESSO,NUTS,very_highly_recommended,271
COFFEE AND ESPRESSO,oats,normal,271
COFFEE AND ESPRESSO,orange,normal,271
COFFEE AND ESPRESSO,pears,normal,271
COFFEE AND ESPRESSO,pecans,normal,271
COFFEE AND ESPRESSO,persimmons,normal,271
COFFEE AND ESPRESSO,pork,normal,271
COFFEE AND ESPRESSO,prunes,normal,271
COFFEE AND ESPRESSO,raisins,normal,271
COFFEE AND ESPRESSO,rum,normal,271
COFFEE AND ESPRESSO,star anise,normal,271
COFFEE AND ESPRESSO,"SUGAR: brown, white",recommended,271
COFFEE AND ESPRESSO,VANILLA,very_highly_recommended,271
COFFEE AND ESPRESSO,"vinegar, balsamic",normal,271
COFFEE AND ESPRESSO,lavender,avoid,271
COGNAC,apples and apple cider,recommended,272
COGNAC,"beef (e.g., filet mignon)",normal,272
COGNAC,chicken,normal,272
COGNAC,chocolate,normal,272
COGNAC,cream,normal,272
COGNAC,foie gras,normal,272
COGNAC,mushrooms,normal,272
COGNAC,"mustard, esp. Dijon",normal,272
COGNAC,"pepper: black, green",normal,272
COGNAC,pork,normal,272
COGNAC,prunes,recommended,272
COGNAC,raisins,normal,272
COGNAC,turkey,normal,272
COGNAC,vanilla,normal,272
COGNAC,"vinegar, cider",normal,272
COGNAC,COLDNESS (of indoor or outdoor temperature; See also,recommended,272
COGNAC,Winter),recommended,272
COGNAC,braised dishes,normal,272
COGNAC,butter and butter-based sauces and dishes,normal,272
COGNAC,cheese and cheese dishes,normal,272
COGNAC,cream and cream-based sauces and dishes,normal,272
COGNAC,"grains, heavy",normal,273
COGNAC,hot dishes and beverages,normal,273
COGNAC,"meats, esp. red",normal,273
COGNAC,polenta,normal,273
COGNAC,risotto,normal,273
COGNAC,"soups, hot and hearty",normal,273
COGNAC,"spices, warming",normal,273
COGNAC,stews and stewed dishes,normal,273
COOLING,asparagus,normal,273
COOLING,avocados,normal,273
COOLING,berries,normal,273
COOLING,buttermilk,normal,273
COOLING,cucumbers,normal,273
COOLING,"figs, fresh",normal,273
COOLING,"fruits, esp. sweet (e.g., cherries, grapes)",normal,273
COOLING,lettuce,normal,273
COOLING,melon,normal,273
COOLING,salads,normal,273
COOLING,"spices, cooling (e.g., cardamom, coriander, fennel)",normal,273
COOLING,water,normal,273
COOLING,watercress,normal,273
COOLING,watermelon,normal,273
COOLING,yogurt,normal,273
COOLING,zucchini,normal,273
CORIANDER,Toast coriander seeds to release their flavor.,normal,274
CORIANDER,allspice,normal,274
CORIANDER,anise,normal,274
CORIANDER,apples,normal,274
CORIANDER,"baked goods (e.g., cakes, cookies, pies)",normal,274
CORIANDER,basil,normal,274
CORIANDER,beans,normal,274
CORIANDER,beef,normal,274
CORIANDER,cardamom,normal,274
CORIANDER,carrots,normal,274
CORIANDER,cayenne,normal,274
CORIANDER,chicken,recommended,274
CORIANDER,chickpeas,normal,274
CORIANDER,"chile peppers (e.g., fresh green)",recommended,274
CORIANDER,chili,normal,274
CORIANDER,chutneys,normal,274
CORIANDER,cilantro,normal,274
CORIANDER,cinnamon,normal,274
CORIANDER,citrus and citrus zest,recommended,274
CORIANDER,cloves,normal,274
CORIANDER,coconut and coconut milk,normal,274
CORIANDER,corn,normal,274
CORIANDER,"crab, esp. boiled",recommended,274
CORIANDER,cumin,recommended,274
CORIANDER,"curries (e.g., Indian cuisine)",recommended,274
CORIANDER,curry powder,normal,274
CORIANDER,desserts,normal,274
CORIANDER,eggs,normal,274
CORIANDER,fennel,normal,274
CORIANDER,fennel seeds,normal,274
CORIANDER,fish,recommended,274
CORIANDER,"fruits, esp. autumn and dried",normal,274
CORIANDER,garam masala (key ingredient),normal,274
CORIANDER,garlic,recommended,274
CORIANDER,ginger,normal,274
CORIANDER,gingerbread,normal,274
CORIANDER,grapefruit,normal,274
CORIANDER,ham,normal,274
CORIANDER,harissa (key ingredient),normal,274
CORIANDER,hot dogs,normal,274
CORIANDER,Indian cuisine,normal,274
CORIANDER,lamb,normal,274
CORIANDER,Latin American cuisine,normal,274
CORIANDER,lentils,recommended,274
CORIANDER,mace,normal,274
CORIANDER,meats,normal,275
CORIANDER,Mediterreanean cuisine,normal,275
CORIANDER,Mexican cuisine,normal,275
CORIANDER,Middle Eastern cuisine,normal,275
CORIANDER,mint,normal,275
CORIANDER,Moroccan cuisine,normal,275
CORIANDER,mushrooms,normal,275
CORIANDER,one portion of cumin.,normal,275
CORIANDER,coriander more of a fruity note.,normal,275
CORIANDER,North African cuisine,normal,275
CORIANDER,North American cuisine,normal,275
CORIANDER,nutmeg,normal,275
CORIANDER,nuts,normal,275
CORIANDER,olive oil,normal,275
CORIANDER,onions,normal,275
CORIANDER,"orange: juice, zest",normal,275
CORIANDER,pastries,normal,275
CORIANDER,pears,normal,275
CORIANDER,"pepper, black",recommended,275
CORIANDER,pickles,normal,275
CORIANDER,plums,normal,275
CORIANDER,pork,recommended,275
CORIANDER,potatoes,normal,275
CORIANDER,poultry,normal,275
CORIANDER,quince,normal,275
CORIANDER,"rice (e.g., as pudding)",normal,275
CORIANDER,saffron,normal,275
CORIANDER,salmon,normal,275
CORIANDER,sausages,normal,275
CORIANDER,sesame seeds,normal,275
CORIANDER,shellfish,normal,275
CORIANDER,"soups, esp. cream-based",normal,275
CORIANDER,Southeast Asian cuisine,normal,275
CORIANDER,Southwestern cuisine,normal,275
CORIANDER,spinach,normal,275
CORIANDER,"stews (e.g., chicken)",normal,275
CORIANDER,"stocks (e.g., fish)",normal,275
CORIANDER,stuffing,normal,275
CORIANDER,sugar,normal,275
CORIANDER,tomatoes and tomato sauces,normal,276
CORIANDER,turkey,normal,276
CORIANDER,turmeric,normal,276
CORIANDER,Vietnamese cuisine,normal,276
CORN,bacon,recommended,276
CORN,"BASIL: sweet, lemon",recommended,276
CORN,bay leaf,normal,276
CORN,"beans, esp. lima",normal,276
CORN,béchamel sauce,normal,276
CORN,beef,normal,276
CORN,"BELL PEPPERS: red, green",recommended,276
CORN,"BUTTER, UNSALTED",very_highly_recommended,276
CORN,buttermilk,normal,276
CORN,caraway seed,normal,276
CORN,carrots,normal,276
CORN,cayenne,recommended,276
CORN,celery,recommended,276
CORN,"cheese: cheddar, Colby, Cotija, feta, Monterey Jack",normal,276
CORN,chervil,normal,276
CORN,"CHILE PEPPERS: chipotle, jalapeño, serrano",recommended,276
CORN,chili powder,normal,276
CORN,chili sauce,normal,276
CORN,Chinese cuisine,normal,276
CORN,chives,recommended,276
CORN,cilantro,recommended,276
CORN,clams,normal,276
CORN,corn,normal,276
CORN,cornmeal,normal,276
CORN,crab,recommended,276
CORN,"CREAM, esp. heavy",very_highly_recommended,277
CORN,crème fraîche,normal,277
CORN,cumin,normal,277
CORN,curry powder,normal,277
CORN,dill,recommended,277
CORN,eggs,normal,277
CORN,fava beans,normal,277
CORN,fennel,normal,277
CORN,"fish, salmon",normal,277
CORN,GARLIC,very_highly_recommended,277
CORN,"ginger, fresh",normal,277
CORN,ham,normal,277
CORN,leeks,normal,277
CORN,"lemon, juice",normal,277
CORN,lemon thyme,normal,277
CORN,"lime, juice",recommended,277
CORN,lobster,normal,277
CORN,lovage,normal,277
CORN,maple syrup,normal,277
CORN,marjoram,normal,277
CORN,mascarpone,normal,277
CORN,Mexican cuisine,normal,277
CORN,milk,normal,277
CORN,mirepoix,normal,277
CORN,"MUSHROOMS, esp. chanterelle, oyster, shiitake, other wild",very_highly_recommended,277
CORN,mustard,normal,277
CORN,New England cuisine,normal,277
CORN,nutmeg,normal,277
CORN,"OIL: canola, peanut, vegetable",recommended,277
CORN,OLIVE OIL,very_highly_recommended,277
CORN,"ONIONS: red, Spanish, yellow",recommended,277
CORN,oregano,normal,277
CORN,pancetta,normal,277
CORN,paprika,normal,277
CORN,parsley,normal,277
CORN,pasta,normal,277
CORN,"PEPPER: BLACK, WHITE",very_highly_recommended,277
CORN,pesto,normal,277
CORN,polenta,normal,277
CORN,potatoes,recommended,277
CORN,poultry,normal,277
CORN,risottos,normal,277
CORN,rosemary,normal,277
CORN,saffron,normal,277
CORN,sage,normal,277
CORN,"salads, green",normal,278
CORN,salmon,normal,278
CORN,salsas,normal,278
CORN,"SALT: kosher, sea",recommended,278
CORN,scallions,normal,278
CORN,scallops,normal,278
CORN,shallots,normal,278
CORN,"sherry, dry",normal,278
CORN,shiso,normal,278
CORN,Southern cuisine,normal,278
CORN,Southwestern cuisine,normal,278
CORN,"squash, esp. summer",normal,278
CORN,star anise,normal,278
CORN,"STOCKS: chicken, vegetable",recommended,278
CORN,sugar,recommended,278
CORN,tarragon,normal,278
CORN,thyme,recommended,278
CORN,tomatoes,recommended,278
CORN,"tortillas, corn",normal,278
CORN,vermouth,normal,278
CORN,vinaigrette,normal,278
CORN,"vinegar: cider, white wine",recommended,278
CORN,"wine, dry white",normal,278
CORN,cream and sugar in it.,normal,278
CORNISH GAME HENS,cardamom,normal,279
CORNISH GAME HENS,cayenne,normal,279
CORNISH GAME HENS,cinnamon,normal,279
CORNISH GAME HENS,cloves,normal,279
CORNISH GAME HENS,"cumin, esp. toasted",normal,279
CORNISH GAME HENS,garam masala,normal,279
CORNISH GAME HENS,garlic,normal,279
CORNISH GAME HENS,ginger,normal,279
CORNISH GAME HENS,lemon,normal,279
CORNISH GAME HENS,"oil, canola",normal,280
CORNISH GAME HENS,onions,normal,280
CORNISH GAME HENS,paprika,normal,280
CORNISH GAME HENS,"pepper, black",normal,280
CORNISH GAME HENS,salt,normal,280
CORNISH GAME HENS,tomatoes and tomato paste,normal,280
CORNISH GAME HENS,turmeric,normal,280
CORNISH GAME HENS,yogurt,normal,280
COUSCOUS,African (North) cuisine,normal,280
COUSCOUS,"apricots, dried",normal,280
COUSCOUS,basil,normal,280
COUSCOUS,"bell peppers, esp. red",normal,280
COUSCOUS,butter,normal,280
COUSCOUS,cabbage,normal,280
COUSCOUS,carrots,normal,280
COUSCOUS,cayenne,normal,280
COUSCOUS,chervil,normal,280
COUSCOUS,chicken,normal,280
COUSCOUS,chickpeas,normal,280
COUSCOUS,cilantro,recommended,280
COUSCOUS,cumin,recommended,280
COUSCOUS,"fish (e.g., snapper)",normal,280
COUSCOUS,ginger,normal,280
COUSCOUS,"lemon: juice, preserved, zest",recommended,280
COUSCOUS,Middle Eastern cuisine,normal,280
COUSCOUS,mint,recommended,280
COUSCOUS,Moroccan cuisine,normal,280
COUSCOUS,olive oil,recommended,280
COUSCOUS,olives,normal,280
COUSCOUS,onions,normal,280
COUSCOUS,"parsley, flat-leaf",normal,280
COUSCOUS,"pepper, black",normal,280
COUSCOUS,raisins,normal,280
COUSCOUS,saffron,normal,280
COUSCOUS,"salt: kosher, sea",normal,280
COUSCOUS,"sausage, merguez",normal,280
COUSCOUS,scallions,normal,280
COUSCOUS,"stocks: chicken, fish, vegetable,",recommended,280
COUSCOUS,tomatoes and tomato juice,recommended,281
COUSCOUS,turnips,normal,281
COUSCOUS,zucchini,normal,281
"COUSCOUS, ISRAELI",olive oil,normal,281
"COUSCOUS, ISRAELI","pepper, white",normal,281
"COUSCOUS, ISRAELI",pesto,normal,281
"COUSCOUS, ISRAELI",shallots,normal,281
"COUSCOUS, ISRAELI","stock, chicken",normal,281
CRAB,aioli,normal,281
CRAB,apples,normal,281
CRAB,artichokes,normal,281
CRAB,asparagus,normal,281
CRAB,AVOCADOS,holy_grail,281
CRAB,bacon,normal,281
CRAB,basil,recommended,281
CRAB,bay leaf,normal,281
CRAB,"bell peppers, esp. green, red, yellow",recommended,281
CRAB,bread crumbs / panko,normal,281
CRAB,"butter, unsalted",recommended,281
CRAB,carrots and carrot juice,normal,281
CRAB,cauliflower,normal,281
CRAB,caviar,normal,281
CRAB,cayenne,recommended,281
CRAB,celery,normal,281
CRAB,celery root,normal,281
CRAB,celery salt,normal,281
CRAB,chervil,normal,281
CRAB,"chile peppers: jalapeño, Scotch bonnet pepper, Thai",recommended,281
CRAB,chili sauce,normal,281
CRAB,Chinese cuisine,normal,281
CRAB,CHIVES,very_highly_recommended,282
CRAB,cilantro,recommended,282
CRAB,coconut and coconut milk,normal,282
CRAB,coriander,normal,282
CRAB,corn,normal,282
CRAB,crab roe,normal,282
CRAB,cream,recommended,282
CRAB,crème fraîche,normal,282
CRAB,cucumber,normal,282
CRAB,cumin,normal,282
CRAB,Microgreen Salad,recommended,282
CRAB,Spicy Crab and Peanut Soup with Okra,recommended,282
CRAB,Crab Cake with Saffron-Sherry Aioli,recommended,282
CRAB,Fennel,recommended,282
CRAB,restaurant L’Astrance.,normal,283
CRAB,curry,normal,283
CRAB,custard,normal,283
CRAB,dill,normal,283
CRAB,eggplant,normal,283
CRAB,eggs,normal,283
CRAB,"endive, Belgian",normal,283
CRAB,fennel,normal,283
CRAB,"fish: pike, sole",normal,283
CRAB,"fish sauce, Thai",normal,283
CRAB,garlic,recommended,283
CRAB,ginger,recommended,283
CRAB,grapefruit,recommended,283
CRAB,honey,normal,283
CRAB,"LEMON: juice, zest",recommended,283
CRAB,lemongrass,recommended,283
CRAB,lemon thyme,normal,283
CRAB,"lime: juice, zest",recommended,283
CRAB,lobster,normal,283
CRAB,mango,normal,283
CRAB,mascarpone,normal,283
CRAB,MAYONNAISE,very_highly_recommended,283
CRAB,"melon: cantaloupe, honeydew",normal,283
CRAB,mint,normal,283
CRAB,"mushrooms (e.g., button, cremini, shiitakes)",normal,283
CRAB,"mustard, Dijon",recommended,283
CRAB,mustard powder,normal,283
CRAB,nutmeg,normal,283
CRAB,"OIL: canola, grapeseed, peanut, sesame, vegetable",recommended,283
CRAB,olive oil,recommended,283
CRAB,Old Bay seasoning,recommended,284
CRAB,"ONIONS: green, red, spring, sweet, white",recommended,284
CRAB,"orange: juice, zest",normal,284
CRAB,"paprika, esp. sweet",normal,284
CRAB,"PARSLEY, FLAT-LEAF",very_highly_recommended,284
CRAB,"peas, green",normal,284
CRAB,"PEPPER: black, white",recommended,284
CRAB,pineapple,normal,284
CRAB,pine nuts,normal,284
CRAB,ponzu sauce,normal,284
CRAB,potatoes,normal,284
CRAB,radishes,normal,284
CRAB,saffron,normal,284
CRAB,"SALT: kosher, sea",recommended,284
CRAB,scallions,normal,284
CRAB,sesame seeds,normal,284
CRAB,shallots,recommended,284
CRAB,"sherry, dry",normal,284
CRAB,shiso,normal,284
CRAB,SHRIMP,very_highly_recommended,284
CRAB,snow peas,normal,284
CRAB,sour cream,normal,284
CRAB,soy sauce,normal,284
CRAB,spinach,normal,284
CRAB,"stocks: chicken, vegetable",normal,284
CRAB,sugar (pinch),normal,284
CRAB,Tabasco sauce,recommended,284
CRAB,tamarind,normal,284
CRAB,tarragon,recommended,284
CRAB,tartar sauce,normal,284
CRAB,thyme,normal,284
CRAB,"TOMATOES: fresh, sun-dried",recommended,284
CRAB,"vinaigrette, esp. citrus",normal,284
CRAB,"vinegar: balsamic, champagne, red wine, sherry",recommended,284
CRAB,watercress,normal,284
CRAB,yogurt,normal,284
"CRAB, SOFT-SHELL",almonds,recommended,285
"CRAB, SOFT-SHELL",arrowroot,normal,285
"CRAB, SOFT-SHELL",arugula,normal,285
"CRAB, SOFT-SHELL",asparagus,normal,285
"CRAB, SOFT-SHELL",avocado,normal,285
"CRAB, SOFT-SHELL",bacon,normal,285
"CRAB, SOFT-SHELL",basil,recommended,285
"CRAB, SOFT-SHELL","bell peppers, red",normal,285
"CRAB, SOFT-SHELL",broccoli rabe,normal,285
"CRAB, SOFT-SHELL",brown butter sauce,normal,285
"CRAB, SOFT-SHELL","butter: clarified, unsalted",recommended,285
"CRAB, SOFT-SHELL",capers,recommended,285
"CRAB, SOFT-SHELL",cayenne,normal,285
"CRAB, SOFT-SHELL",chervil,normal,285
"CRAB, SOFT-SHELL","chile peppers, jalapeño",normal,285
"CRAB, SOFT-SHELL",chili powder,normal,285
"CRAB, SOFT-SHELL",chives,recommended,285
"CRAB, SOFT-SHELL",coleslaw,normal,285
"CRAB, SOFT-SHELL","couscous, Israeli",normal,285
"CRAB, SOFT-SHELL",cream,normal,285
"CRAB, SOFT-SHELL",crème fraîche,normal,285
"CRAB, SOFT-SHELL",cucumbers,normal,285
"CRAB, SOFT-SHELL",daikon,normal,285
"CRAB, SOFT-SHELL",dill,normal,285
"CRAB, SOFT-SHELL",fennel,normal,285
"CRAB, SOFT-SHELL",garlic,recommended,285
"CRAB, SOFT-SHELL","ginger (e.g., pickled)",normal,285
"CRAB, SOFT-SHELL",grapefruit,normal,285
"CRAB, SOFT-SHELL",leeks,normal,285
"CRAB, SOFT-SHELL","LEMON, JUICE",very_highly_recommended,285
"CRAB, SOFT-SHELL","lime: juice, zest",normal,285
"CRAB, SOFT-SHELL",mayonnaise,normal,285
"CRAB, SOFT-SHELL","mushrooms (e.g., shiitakes)",normal,286
"CRAB, SOFT-SHELL","mustard, Dijon",normal,286
"CRAB, SOFT-SHELL",nori,normal,286
"CRAB, SOFT-SHELL","OIL: canola, peanut, vegetable",recommended,286
"CRAB, SOFT-SHELL",olive oil,normal,286
"CRAB, SOFT-SHELL","onions, red",recommended,286
"CRAB, SOFT-SHELL","orange, juice",normal,286
"CRAB, SOFT-SHELL",paprika,normal,286
"CRAB, SOFT-SHELL","parsley, flat-leaf",normal,286
"CRAB, SOFT-SHELL","peas, sugar",normal,286
"CRAB, SOFT-SHELL","PEPPER: black, white",recommended,286
"CRAB, SOFT-SHELL",pesto,normal,286
"CRAB, SOFT-SHELL","potatoes, esp. new",normal,286
"CRAB, SOFT-SHELL",rémoulade sauce,normal,286
"CRAB, SOFT-SHELL",sake,normal,286
"CRAB, SOFT-SHELL","SALT: kosher, sea",recommended,286
"CRAB, SOFT-SHELL",scallions,normal,286
"CRAB, SOFT-SHELL",scallops,normal,286
"CRAB, SOFT-SHELL",shallots,normal,286
"CRAB, SOFT-SHELL",shiso leaf,normal,286
"CRAB, SOFT-SHELL",shrimp,normal,286
"CRAB, SOFT-SHELL",sorrel,normal,286
"CRAB, SOFT-SHELL",soy sauce,normal,286
"CRAB, SOFT-SHELL","stock, fish",normal,286
"CRAB, SOFT-SHELL",Tabasco sauce,normal,286
"CRAB, SOFT-SHELL",Crisp Soft-Shell Crab,recommended,286
"CRAB, SOFT-SHELL",Pecan-Crusted Soft-Shell Crab Tempura with Italian Mustard Fruit,recommended,286
"CRAB, SOFT-SHELL",Emulsion,recommended,286
"CRAB, SOFT-SHELL","tarragon, fresh",recommended,286
"CRAB, SOFT-SHELL",tartar sauce,normal,287
"CRAB, SOFT-SHELL",thyme,recommended,287
"CRAB, SOFT-SHELL",tomatoes,recommended,287
"CRAB, SOFT-SHELL",vinaigrette,normal,287
"CRAB, SOFT-SHELL","vinegar: balsamic, champagne, white wine",recommended,287
"CRAB, SOFT-SHELL","wine, dry white",recommended,287
"CRAB, SOFT-SHELL",zucchini,normal,287
CRANBERRIES,allspice,normal,287
CRANBERRIES,almonds,normal,287
CRANBERRIES,apples,recommended,287
CRANBERRIES,apricots,normal,287
CRANBERRIES,baked goods,normal,287
CRANBERRIES,"cheese, goat",normal,287
CRANBERRIES,chicken,normal,287
CRANBERRIES,"chile peppers, jalapeño",normal,287
CRANBERRIES,"chocolate: dark, white",normal,287
CRANBERRIES,cinnamon,recommended,287
CRANBERRIES,cloves,recommended,287
CRANBERRIES,cognac,normal,287
CRANBERRIES,cream,normal,287
CRANBERRIES,cream cheese,normal,287
CRANBERRIES,currants,normal,287
CRANBERRIES,ginger,recommended,287
CRANBERRIES,hazelnuts,normal,287
CRANBERRIES,honey,recommended,287
CRANBERRIES,"LEMON: JUICE, ZEST",very_highly_recommended,287
CRANBERRIES,"lime, zest",normal,287
CRANBERRIES,"liqueur, orange (e.g., Grand Marnier)",normal,287
CRANBERRIES,maple syrup,recommended,287
CRANBERRIES,nuts,normal,288
CRANBERRIES,oats,normal,288
CRANBERRIES,"ORANGE: juice, zest",recommended,288
CRANBERRIES,peaches,normal,288
CRANBERRIES,pears,normal,288
CRANBERRIES,pepper,normal,288
CRANBERRIES,pistachios,normal,288
CRANBERRIES,pork,normal,288
CRANBERRIES,poultry,normal,288
CRANBERRIES,pumpkin,normal,288
CRANBERRIES,raisins,normal,288
CRANBERRIES,quince,normal,288
CRANBERRIES,salt,normal,288
CRANBERRIES,star anise,normal,288
CRANBERRIES,"SUGAR: brown, white",recommended,288
CRANBERRIES,sweet potatoes,normal,288
CRANBERRIES,tangerines,normal,288
CRANBERRIES,thyme,normal,288
CRANBERRIES,turkey,normal,288
CRANBERRIES,vanilla,recommended,288
CRANBERRIES,walnuts,recommended,288
CRANBERRIES,"wine, white",normal,288
CRAYFISH (aka crawfish),asparagus,normal,288
CRAYFISH (aka crawfish),avocados,normal,288
CRAYFISH (aka crawfish),bacon,normal,288
CRAYFISH (aka crawfish),basil,normal,288
CRAYFISH (aka crawfish),bay leaf,normal,288
CRAYFISH (aka crawfish),butter,normal,288
CRAYFISH (aka crawfish),Cajun cuisine,normal,288
CRAYFISH (aka crawfish),carrots and carrot juice,normal,288
CRAYFISH (aka crawfish),cayenne,normal,288
CRAYFISH (aka crawfish),celery,normal,288
CRAYFISH (aka crawfish),chervil,normal,288
CRAYFISH (aka crawfish),chives,normal,288
CRAYFISH (aka crawfish),cloves,normal,288
CRAYFISH (aka crawfish),coriander,normal,288
CRAYFISH (aka crawfish),cream / milk,normal,288
CRAYFISH (aka crawfish),Creole cuisine,normal,289
CRAYFISH (aka crawfish),dill,normal,289
CRAYFISH (aka crawfish),egg yolks,normal,289
CRAYFISH (aka crawfish),endive,normal,289
CRAYFISH (aka crawfish),fennel seeds,normal,289
CRAYFISH (aka crawfish),garlic,recommended,289
CRAYFISH (aka crawfish),hazelnuts,normal,289
CRAYFISH (aka crawfish),leeks,normal,289
CRAYFISH (aka crawfish),mango,normal,289
CRAYFISH (aka crawfish),mayonnaise,normal,289
CRAYFISH (aka crawfish),mirepoix,normal,289
CRAYFISH (aka crawfish),"mushrooms, morels",normal,289
CRAYFISH (aka crawfish),mustard,normal,289
CRAYFISH (aka crawfish),"oil, grapeseed",recommended,289
CRAYFISH (aka crawfish),olive oil,recommended,289
CRAYFISH (aka crawfish),onions,normal,289
CRAYFISH (aka crawfish),"orange, juice",normal,289
CRAYFISH (aka crawfish),"parsley, flat-leaf",recommended,289
CRAYFISH (aka crawfish),"pepper, black",normal,289
CRAYFISH (aka crawfish),radishes,normal,289
CRAYFISH (aka crawfish),rice,normal,289
CRAYFISH (aka crawfish),rosemary,normal,289
CRAYFISH (aka crawfish),salt,normal,289
CRAYFISH (aka crawfish),shallots,normal,289
CRAYFISH (aka crawfish),sorrel,normal,289
CRAYFISH (aka crawfish),Tabasco sauce,normal,289
CRAYFISH (aka crawfish),tarragon,recommended,289
CRAYFISH (aka crawfish),thyme,recommended,289
CRAYFISH (aka crawfish),tomatoes,normal,289
CRAYFISH (aka crawfish),"vinegar: tarragon, white wine",normal,289
CRAYFISH (aka crawfish),"wine, dry white (e.g., white Burgundy)",recommended,289
CRAYFISH (aka crawfish),zucchini,normal,289
CREAM CHEESE,berries,normal,290
CREAM CHEESE,blueberries,recommended,290
CREAM CHEESE,"bread, esp. fruit",normal,290
CREAM CHEESE,breakfast / brunch,normal,290
CREAM CHEESE,"cheese: fresh goat, ricotta",recommended,290
CREAM CHEESE,cherries,normal,290
CREAM CHEESE,cloves,normal,290
CREAM CHEESE,cream,normal,290
CREAM CHEESE,crème fraîche,normal,290
CREAM CHEESE,desserts,normal,290
CREAM CHEESE,eggs,normal,290
CREAM CHEESE,"fruit, dried",normal,290
CREAM CHEESE,ginger,normal,290
CREAM CHEESE,graham cracker crumbs,normal,290
CREAM CHEESE,honey,normal,290
CREAM CHEESE,kiwi fruit,normal,290
CREAM CHEESE,"LEMON: JUICE, ZEST",very_highly_recommended,290
CREAM CHEESE,"liqueur, orange (e.g., Grand Marnier)",normal,290
CREAM CHEESE,maple syrup,normal,290
CREAM CHEESE,mascarpone,normal,290
CREAM CHEESE,nutmeg,recommended,290
CREAM CHEESE,"orange, juice",normal,290
CREAM CHEESE,quince paste,normal,290
CREAM CHEESE,raisins,normal,290
CREAM CHEESE,raspberries,normal,290
CREAM CHEESE,rum,normal,290
CREAM CHEESE,salt (pinch),normal,290
CREAM CHEESE,sour cream,recommended,290
CREAM CHEESE,strawberries,normal,290
CREAM CHEESE,sugar,normal,290
CREAM CHEESE,vanilla,recommended,290
CREAM CHEESE,yogurt,normal,290
CRÈME FRAîCHE,apples,normal,291
CRÈME FRAîCHE,caramel,normal,291
CRÈME FRAîCHE,French cuisine,normal,291
CRÈME FRAîCHE,"fruit, fresh",normal,291
CRÈME FRAîCHE,potatoes,normal,291
CRÈME FRAîCHE,raspberries,normal,291
CRÈME FRAîCHE,sauces,normal,291
CRÈME FRAîCHE,strawberries,normal,291
CRÈME FRAîCHE,"sugar, brown",normal,291
CREOLE CUISINE,bouillabaisse,normal,291
CREOLE CUISINE,cayenne,normal,291
CREOLE CUISINE,crawfish,normal,291
CREOLE CUISINE,okra,normal,291
CREOLE CUISINE,onions,normal,291
CREOLE CUISINE,oysters,normal,291
CREOLE CUISINE,paprika,normal,291
CREOLE CUISINE,"pepper: black, white",normal,291
CREOLE CUISINE,salt,normal,291
CREOLE CUISINE,seafood,normal,291
CREOLE CUISINE,shrimp rémoulade,normal,291
CUBAN CUISINE,allspice,normal,291
CUBAN CUISINE,avocado,normal,291
CUBAN CUISINE,bay leaf,normal,292
CUBAN CUISINE,beans,normal,292
CUBAN CUISINE,beef,normal,292
CUBAN CUISINE,bell peppers,normal,292
CUBAN CUISINE,chicken,normal,292
CUBAN CUISINE,chocolate,normal,292
CUBAN CUISINE,"citrus (e.g., lime, orange)",normal,292
CUBAN CUISINE,cumin,normal,292
CUBAN CUISINE,garlic,normal,292
CUBAN CUISINE,lime,normal,292
CUBAN CUISINE,olive oil,normal,292
CUBAN CUISINE,"onions, esp. white",normal,292
CUBAN CUISINE,"orange, juice",normal,292
CUBAN CUISINE,oregano,normal,292
CUBAN CUISINE,pineapple,normal,292
CUBAN CUISINE,plantains,normal,292
CUBAN CUISINE,pork,normal,292
CUBAN CUISINE,rice,normal,292
CUBAN CUISINE,"seafood (crab, fish, lobster, shrimp)",normal,292
CUBAN CUISINE,"sugar, white",normal,292
CUBAN CUISINE,watercress,normal,292
CUCUMBERS,allspice,normal,292
CUCUMBERS,"bell peppers, esp. green",normal,292
CUCUMBERS,basil,normal,292
CUCUMBERS,butter,normal,293
CUCUMBERS,buttermilk,normal,293
CUCUMBERS,caraway seeds,normal,293
CUCUMBERS,cayenne,normal,293
CUCUMBERS,celery and celery seeds,normal,293
CUCUMBERS,"cheese: blue, feta",normal,293
CUCUMBERS,chervil,normal,293
CUCUMBERS,"chile peppers: fresh green, jalapeño",recommended,293
CUCUMBERS,chives,normal,293
CUCUMBERS,cilantro,recommended,293
CUCUMBERS,coconut milk,normal,293
CUCUMBERS,coriander,normal,293
CUCUMBERS,cream,normal,293
CUCUMBERS,cream cheese,normal,293
CUCUMBERS,crème fraîche,normal,293
CUCUMBERS,cumin,normal,293
CUCUMBERS,DILL,very_highly_recommended,293
CUCUMBERS,fish,normal,293
CUCUMBERS,"fish sauce, Thai or other Asian",normal,293
CUCUMBERS,frisée,normal,293
CUCUMBERS,garam masala,normal,293
CUCUMBERS,GARLIC,very_highly_recommended,293
CUCUMBERS,gin,normal,293
CUCUMBERS,Greek cuisine,normal,293
CUCUMBERS,horseradish,normal,293
CUCUMBERS,Japanese cuisine,normal,293
CUCUMBERS,jicama,normal,293
CUCUMBERS,lemon balm,normal,293
CUCUMBERS,"lemon, juice",recommended,293
CUCUMBERS,"lime, juice",normal,293
CUCUMBERS,"melon, esp. honeydew",normal,293
CUCUMBERS,"MINT (e.g., Indian cuisine)",very_highly_recommended,293
CUCUMBERS,"mustard, Dijon",normal,293
CUCUMBERS,"oil: sesame, vegetable",normal,293
CUCUMBERS,olive oil,normal,293
CUCUMBERS,"ONIONS, esp. green or red",very_highly_recommended,293
CUCUMBERS,oregano,normal,293
CUCUMBERS,"parsley, flat-leaf",recommended,293
CUCUMBERS,peanuts,normal,293
CUCUMBERS,"pepper: black, white",recommended,293
CUCUMBERS,pineapple,normal,293
CUCUMBERS,romaine,normal,293
CUCUMBERS,red pepper flakes,normal,293
CUCUMBERS,salads,normal,293
CUCUMBERS,salmon,recommended,293
CUCUMBERS,"salt: kosher, sea",recommended,294
CUCUMBERS,scallions,normal,294
CUCUMBERS,scallops,normal,294
CUCUMBERS,sesame seeds,normal,294
CUCUMBERS,shallots,normal,294
CUCUMBERS,shrimp,normal,294
CUCUMBERS,smoked salmon,normal,294
CUCUMBERS,"soups, chilled (e.g., gazpacho)",normal,294
CUCUMBERS,sour cream,normal,294
CUCUMBERS,soy sauce,normal,294
CUCUMBERS,sprouts,normal,294
CUCUMBERS,sugar (pinch),recommended,294
CUCUMBERS,Tabasco sauce,normal,294
CUCUMBERS,tamari,normal,294
CUCUMBERS,tarragon,normal,294
CUCUMBERS,tea sandwiches,normal,294
CUCUMBERS,thyme,normal,294
CUCUMBERS,tomatoes,recommended,294
CUCUMBERS,Vietnamese cuisine,normal,294
CUCUMBERS,vinaigrettes,normal,294
CUCUMBERS,vodka,normal,294
CUCUMBERS,watercress,normal,294
CUCUMBERS,"wine, white",normal,294
CUCUMBERS,"YOGURT (e.g., Indian cuisine)",very_highly_recommended,294
CUMIN,allspice,normal,295
CUMIN,anise,normal,295
CUMIN,apples,normal,295
CUMIN,"baked goods (e.g., breads)",normal,295
CUMIN,bay leaf,normal,295
CUMIN,"beans, esp. black or kidney",recommended,295
CUMIN,beef,normal,295
CUMIN,beets,normal,295
CUMIN,"bread (e.g., rye)",normal,295
CUMIN,cabbage,normal,295
CUMIN,caramel,normal,295
CUMIN,cardamom,normal,295
CUMIN,carrots,normal,295
CUMIN,cayenne,normal,295
CUMIN,"cheese: esp. aged, feta, Muenster",normal,295
CUMIN,chicken,normal,295
CUMIN,chickpeas,recommended,295
CUMIN,chile peppers,normal,295
CUMIN,chili,normal,295
CUMIN,chili powder,normal,295
CUMIN,cinnamon,normal,295
CUMIN,cloves,normal,295
CUMIN,coriander,recommended,295
CUMIN,couscous,recommended,295
CUMIN,curries,recommended,295
CUMIN,curry leaves,recommended,295
CUMIN,eggplant,recommended,295
CUMIN,eggs,normal,295
CUMIN,fennel,normal,295
CUMIN,fennel seeds,normal,295
CUMIN,fenugreek seeds,normal,295
CUMIN,fish,normal,295
CUMIN,"fruits, dried",normal,295
CUMIN,garam masala (key ingredient),normal,295
CUMIN,garlic,recommended,295
CUMIN,ginger,normal,295
CUMIN,harissa,normal,295
CUMIN,honey,normal,296
CUMIN,hummus (key ingredient),normal,296
CUMIN,Indian cuisine,recommended,296
CUMIN,Indonesian cuisine,normal,296
CUMIN,"lamb, esp. grilled",recommended,296
CUMIN,LENTILS,very_highly_recommended,296
CUMIN,mace,normal,296
CUMIN,"meats, esp. stronger-flavored, and esp. grilled",normal,296
CUMIN,MEXICAN CUISINE,very_highly_recommended,296
CUMIN,"mint, dried",normal,296
CUMIN,Moroccan cuisine,recommended,296
CUMIN,"mustard and mustard seeds (e.g., Indian cuisine)",normal,296
CUMIN,nutmeg,normal,296
CUMIN,onions,normal,296
CUMIN,orange,normal,296
CUMIN,oregano,normal,296
CUMIN,paprika,normal,296
CUMIN,peas,normal,296
CUMIN,pepper,normal,296
CUMIN,pork,recommended,296
CUMIN,Portuguese cuisine,normal,296
CUMIN,potatoes,recommended,296
CUMIN,rice,recommended,296
CUMIN,saffron,normal,296
CUMIN,"salads, esp. pasta, tomato",normal,296
CUMIN,salmon,normal,296
CUMIN,"sauces (e.g., mole)",normal,296
CUMIN,sauerkraut,normal,296
CUMIN,sausages,recommended,296
CUMIN,shellfish,normal,296
CUMIN,"soups (e.g., black bean)",normal,296
CUMIN,Spanish cuisine,normal,296
CUMIN,squash,normal,296
CUMIN,stews,normal,296
CUMIN,"sugar, palm",normal,296
CUMIN,Tabasco sauce,normal,296
CUMIN,tahini,normal,296
CUMIN,tamarind,normal,296
CUMIN,tequila,normal,296
CUMIN,Tex-Mex cuisine,normal,296
CUMIN,Thai cuisine,normal,296
CUMIN,thyme,normal,296
CUMIN,tomatoes,recommended,296
CUMIN,tuna,normal,296
CUMIN,turmeric,normal,296
CUMIN,"vegetables, esp. summer",normal,297
CUMIN,Vietnamese cuisine,normal,297
CUMIN,yogurt,normal,297
CURRY LEAVES,allspice,normal,297
CURRY LEAVES,Asian cuisines,normal,297
CURRY LEAVES,"bread, esp. Indian (e.g., naan)",normal,297
CURRY LEAVES,cardamom,normal,297
CURRY LEAVES,chile peppers,normal,297
CURRY LEAVES,cilantro,normal,297
CURRY LEAVES,cinnamon,normal,297
CURRY LEAVES,cloves,normal,297
CURRY LEAVES,coconut,normal,297
CURRY LEAVES,coriander,normal,297
CURRY LEAVES,cumin,normal,297
CURRY LEAVES,"curries, esp. Indian",recommended,297
CURRY LEAVES,fennel seeds,normal,297
CURRY LEAVES,fenugreek seeds,normal,297
CURRY LEAVES,fish,recommended,297
CURRY LEAVES,garlic,normal,297
CURRY LEAVES,ginger,normal,297
CURRY LEAVES,Indian cuisine,recommended,297
CURRY LEAVES,lamb,normal,297
CURRY LEAVES,lentils,recommended,297
CURRY LEAVES,mustard seeds,normal,297
CURRY LEAVES,paprika,normal,297
CURRY LEAVES,peas,normal,297
CURRY LEAVES,pepper,normal,297
CURRY LEAVES,rice,normal,297
CURRY LEAVES,shellfish,recommended,297
CURRY LEAVES,soups,normal,298
CURRY LEAVES,stir-fried dishes,normal,298
CURRY LEAVES,stocks,normal,298
CURRY LEAVES,tamarind,normal,298
CURRY LEAVES,turmeric,normal,298
CURRY LEAVES,vegetables,recommended,298
CURRY POWDER AND SAUCES,beef,normal,298
CURRY POWDER AND SAUCES,butter,normal,298
CURRY POWDER AND SAUCES,cardamom,normal,298
CURRY POWDER AND SAUCES,cashews,normal,298
CURRY POWDER AND SAUCES,cayenne,normal,298
CURRY POWDER AND SAUCES,cheese,normal,298
CURRY POWDER AND SAUCES,chicken,normal,298
CURRY POWDER AND SAUCES,"chile peppers, red",normal,298
CURRY POWDER AND SAUCES,cilantro,normal,298
CURRY POWDER AND SAUCES,cinnamon,normal,298
CURRY POWDER AND SAUCES,cloves,normal,298
CURRY POWDER AND SAUCES,coconut,normal,298
CURRY POWDER AND SAUCES,coriander,normal,298
CURRY POWDER AND SAUCES,cream,normal,298
CURRY POWDER AND SAUCES,crème fraîche,normal,298
CURRY POWDER AND SAUCES,cumin,normal,298
CURRY POWDER AND SAUCES,dill,normal,298
CURRY POWDER AND SAUCES,eggs and egg salad,normal,298
CURRY POWDER AND SAUCES,fennel,normal,298
CURRY POWDER AND SAUCES,fish,normal,298
CURRY POWDER AND SAUCES,garlic,normal,298
CURRY POWDER AND SAUCES,ginger,recommended,298
CURRY POWDER AND SAUCES,Indian cuisine,recommended,298
CURRY POWDER AND SAUCES,"lemon, zest",normal,298
CURRY POWDER AND SAUCES,lemongrass,normal,298
CURRY POWDER AND SAUCES,"lime, juice",normal,298
CURRY POWDER AND SAUCES,mace,normal,298
CURRY POWDER AND SAUCES,mayonnaise,normal,298
CURRY POWDER AND SAUCES,mushrooms,normal,298
CURRY POWDER AND SAUCES,nutmeg,normal,298
CURRY POWDER AND SAUCES,"oil, vegetable",normal,299
CURRY POWDER AND SAUCES,onions,normal,299
CURRY POWDER AND SAUCES,paprika,normal,299
CURRY POWDER AND SAUCES,"pepper: black, red",normal,299
CURRY POWDER AND SAUCES,potatoes,normal,299
CURRY POWDER AND SAUCES,saffron,normal,299
CURRY POWDER AND SAUCES,"salads (e.g., chicken, egg, potato)",normal,299
CURRY POWDER AND SAUCES,"salt, kosher",normal,299
CURRY POWDER AND SAUCES,sauces,normal,299
CURRY POWDER AND SAUCES,shellfish,normal,299
CURRY POWDER AND SAUCES,"soups, esp. fish, pea",normal,299
CURRY POWDER AND SAUCES,star anise,normal,299
CURRY POWDER AND SAUCES,"stews, meat",normal,299
CURRY POWDER AND SAUCES,"stocks: chicken, fish",normal,299
CURRY POWDER AND SAUCES,tamarind,normal,299
CURRY POWDER AND SAUCES,Thai cuisine,normal,299
CURRY POWDER AND SAUCES,tomatoes,normal,299
CURRY POWDER AND SAUCES,tuna,normal,299
CURRY POWDER AND SAUCES,turmeric,normal,299
CURRY POWDER AND SAUCES,vegetables,recommended,299
CURRY POWDER AND SAUCES,zucchini,normal,299
CUSTARDS,almonds,normal,299
CUSTARDS,apples,normal,299
CUSTARDS,apricots,normal,299
CUSTARDS,bananas,normal,299
CUSTARDS,berries,normal,299
CUSTARDS,caramel,recommended,299
CUSTARDS,chai,normal,299
CUSTARDS,cherries,normal,299
CUSTARDS,"chocolate, esp. dark or white",normal,299
CUSTARDS,cinnamon,normal,299
CUSTARDS,coconut,normal,299
CUSTARDS,coffee,normal,299
CUSTARDS,ginger,recommended,299
CUSTARDS,hazelnuts,normal,299
CUSTARDS,lemon,normal,299
CUSTARDS,"liqueurs: nut, orange",normal,299
CUSTARDS,mango,normal,299
CUSTARDS,maple syrup,normal,299
CUSTARDS,nutmeg,normal,300
CUSTARDS,orange,normal,300
CUSTARDS,passion fruit,normal,300
CUSTARDS,pears,normal,300
CUSTARDS,persimmons,normal,300
CUSTARDS,pineapple,normal,300
CUSTARDS,plums,normal,300
CUSTARDS,prunes,normal,300
CUSTARDS,pumpkin,normal,300
CUSTARDS,quince,normal,300
CUSTARDS,raisins,normal,300
CUSTARDS,raspberries,recommended,300
CUSTARDS,rhubarb,normal,300
CUSTARDS,strawberries,normal,300
CUSTARDS,sweet potatoes,normal,300
CUSTARDS,thyme,normal,300
CUSTARDS,vanilla,normal,300
CUSTARDS,walnuts,normal,300
CUSTARDS,"wine, sweet",normal,300
DAIKON,basil,normal,301
DAIKON,beef,normal,301
DAIKON,beets,normal,301
DAIKON,butter,normal,301
DAIKON,cabbage,normal,301
DAIKON,carrots,recommended,301
DAIKON,celery root,normal,301
DAIKON,"cheese, feta",normal,301
DAIKON,chives,normal,301
DAIKON,cream,normal,301
DAIKON,cream cheese,normal,301
DAIKON,cucumbers,normal,301
DAIKON,curry powder,normal,301
DAIKON,dill,normal,301
DAIKON,duck,normal,301
DAIKON,fish,normal,301
DAIKON,ginger,normal,301
DAIKON,honey,normal,301
DAIKON,"lemon, juice",normal,301
DAIKON,lovage,normal,301
DAIKON,the syrup so it doesn’t become overly cloying.,normal,301
DAIKON,as pork or beef.,normal,301
DAIKON,marjoram,normal,301
DAIKON,mint,normal,301
DAIKON,miso,normal,302
DAIKON,"oil, sesame",normal,302
DAIKON,"onions, esp. green",recommended,302
DAIKON,"orange, juice",normal,302
DAIKON,oregano,normal,302
DAIKON,parsley,normal,302
DAIKON,pork,normal,302
DAIKON,salmon,normal,302
DAIKON,scallions,normal,302
DAIKON,soups,normal,302
DAIKON,sour cream,normal,302
DAIKON,soy sauce,normal,302
DAIKON,sugar,normal,302
DAIKON,sugar snap peas,normal,302
DAIKON,tamari,normal,302
DAIKON,thyme,normal,302
DAIKON,tuna,normal,302
DAIKON,vinegar,normal,302
DATES,almonds,recommended,302
DATES,apples,normal,302
DATES,apricots,normal,302
DATES,Armagnac,normal,302
DATES,bacon,normal,302
DATES,bananas,normal,302
DATES,brandy,normal,302
DATES,"butter, unsalted",normal,302
DATES,buttermilk,normal,302
DATES,cakes,normal,302
DATES,caramel,normal,302
DATES,"CHEESE, esp. Brie, Explorateur, Parmesan, pecorino, ricotta, Roquefort",very_highly_recommended,302
DATES,"cherries, dried",normal,302
DATES,chicken,normal,302
DATES,chives,normal,303
DATES,"chocolate, esp. dark or white",recommended,303
DATES,cinnamon,normal,303
DATES,coconut,normal,303
DATES,coffee,recommended,303
DATES,couscous,normal,303
DATES,"cranberries, dried",normal,303
DATES,cream and ice cream,recommended,303
DATES,cream cheese,recommended,303
DATES,crème fraîche,normal,303
DATES,currants,normal,303
DATES,desserts,normal,303
DATES,figs,normal,303
DATES,ginger,normal,303
DATES,hazelnuts,normal,303
DATES,honey,normal,303
DATES,lamb,normal,303
DATES,lemon,normal,303
DATES,lime,normal,303
DATES,macadamia nuts,normal,303
DATES,maple syrup,recommended,303
DATES,mascarpone,recommended,303
DATES,Middle Eastern cuisine,normal,303
DATES,Moroccan cuisine,normal,303
DATES,nuts,recommended,303
DATES,oats,normal,303
DATES,orange blossom water,normal,303
DATES,"ORANGE: juice, zest",recommended,303
DATES,pecans,normal,303
DATES,"pepper, black",normal,303
DATES,pistachios,recommended,303
DATES,prunes,normal,303
DATES,quince,normal,303
DATES,raisins,normal,303
DATES,rosemary,normal,303
DATES,rum,normal,303
DATES,Chocolate and Date Pudding Cake,recommended,303
DATES,Whipped Cream,recommended,303
DATES,it out!,normal,304
DATES,How to Serve Dessert,recommended,304
DATES,not serving dessert!,normal,304
DATES,"sugar: brown, white",recommended,304
DATES,thyme,normal,304
DATES,vanilla,normal,304
DATES,walnuts,recommended,304
DATES,"wine: red, sweet",normal,304
DILL,asparagus,normal,305
DILL,avocados,normal,305
DILL,basil,normal,305
DILL,"beans, esp. fava or green",normal,305
DILL,beef,normal,305
DILL,beets,recommended,305
DILL,"breads, esp. rye",normal,305
DILL,broccoli,normal,305
DILL,cabbage,recommended,305
DILL,capers,normal,305
DILL,carrots,recommended,305
DILL,cauliflower,normal,305
DILL,celery root,normal,305
DILL,"cheese: cheddar, cottage, goat, soft",normal,305
DILL,chicken,normal,305
DILL,chives,normal,305
DILL,cilantro,recommended,305
DILL,coriander,normal,305
DILL,corn,normal,305
DILL,crayfish,normal,305
DILL,cream cheese,normal,305
DILL,cream sauces,normal,305
DILL,crème fraîche,normal,305
DILL,CUCUMBERS,very_highly_recommended,305
DILL,eggplant,normal,306
DILL,"EGGS AND EGG DISHES (e.g., omelets)",very_highly_recommended,306
DILL,European cuisines,normal,306
DILL,"FISH, esp. whole",very_highly_recommended,306
DILL,garlic,normal,306
DILL,German cuisine,normal,306
DILL,Greek cuisine,normal,306
DILL,green beans,normal,306
DILL,halibut,normal,306
DILL,horseradish,normal,306
DILL,lemon balm,normal,306
DILL,lemon thyme,normal,306
DILL,lovage,normal,306
DILL,"meats, e.g., lamb",normal,306
DILL,Mediterranean cuisine,normal,306
DILL,Middle Eastern cuisine,normal,306
DILL,mint,normal,306
DILL,mushrooms,normal,306
DILL,mustard,normal,306
DILL,North American cuisine,normal,306
DILL,onions,normal,306
DILL,paprika,normal,306
DILL,parsley,recommended,306
DILL,parsnips,normal,306
DILL,peas,normal,306
DILL,PICKLES (key ingredient),very_highly_recommended,306
DILL,POTATOES AND POTATO SALAD,very_highly_recommended,306
DILL,poultry,normal,306
DILL,"rice, esp. pilaf",normal,306
DILL,Russian cuisine,normal,306
DILL,salads and salad dressings,recommended,306
DILL,salmon,recommended,306
DILL,"salmon, cured (key ingredient)",recommended,306
DILL,"salmon, smoked",recommended,306
DILL,sauces,normal,306
DILL,scallops,normal,306
DILL,Scandinavian cuisine,normal,306
DILL,shellfish,normal,306
DILL,"Duck, Butternut Squash, and Banana with Thai Flavors",recommended,307
DILL,Ginger Consommé,recommended,307
DILL,Pickled Chiles,recommended,307
DILL,"Fennel, Broccoli Rabe, Sicilian Pistachios, and Port",recommended,307
DILL,Duck Breast with Fava Beans and Roasted Plums,recommended,307
DILL,Puree,recommended,307
DILL,Spit-Roasted Duck with Quince Sauce,recommended,308
DILL,paella!,normal,308
DILL,shrimp,normal,308
DILL,sole,normal,308
DILL,"soups, esp. potato",normal,308
DILL,sour cream and sour cream sauces,normal,308
DILL,spinach,normal,308
DILL,squash,normal,308
DILL,TOMATOES AND TOMATO JUICES,very_highly_recommended,308
DILL,trout,normal,308
DILL,Turkish cuisine,normal,308
DILL,veal,normal,308
DILL,vegetables,recommended,308
DILL,YOGURT AND YOGURT SAUCES,very_highly_recommended,308
DILL,zucchini,normal,308
DUCK,allspice,normal,309
DUCK,"APPLES, esp. Granny Smith",very_highly_recommended,309
DUCK,apricots (sauce),normal,309
DUCK,artichokes,normal,309
DUCK,arugula,normal,309
DUCK,bacon,normal,309
DUCK,basil,normal,309
DUCK,bay leaf,recommended,309
DUCK,"beans, fava",normal,309
DUCK,blueberries,normal,309
DUCK,bok choy,normal,309
DUCK,"butter, unsalted",normal,309
DUCK,"cabbage: green, red",normal,309
DUCK,caraway seeds,normal,309
DUCK,cardamom,normal,309
DUCK,carrots,recommended,309
DUCK,celery,normal,309
DUCK,celery root,normal,309
DUCK,"cheese: Asiago, Parmesan, pecorino, ricotta",normal,309
DUCK,"CHERRIES: regular, sun-dried",recommended,309
DUCK,chervil,normal,309
DUCK,chestnuts,recommended,309
DUCK,chicory,normal,309
DUCK,"chile peppers: ancho, jalapeño",normal,309
DUCK,chili paste,normal,309
DUCK,Chinese cuisine,normal,309
DUCK,chives,normal,309
DUCK,chocolate / cocoa,normal,309
DUCK,cilantro,recommended,309
DUCK,cinnamon,normal,309
DUCK,citrus fruit,normal,309
DUCK,cloves,recommended,309
DUCK,coconut milk,normal,309
DUCK,coriander,normal,309
DUCK,cucumbers,normal,309
DUCK,cumin,normal,309
DUCK,"currants, black or red: fruit, preserves",normal,309
DUCK,dates,normal,309
DUCK,duck fat,normal,309
DUCK,farro,normal,309
DUCK,fennel,normal,309
DUCK,fennel seeds,normal,309
DUCK,figs,recommended,309
DUCK,"fish sauce, Thai",normal,309
DUCK,five-spice powder,normal,310
DUCK,foie gras,recommended,310
DUCK,GARLIC,very_highly_recommended,310
DUCK,GINGER,very_highly_recommended,310
DUCK,hoisin sauce,recommended,310
DUCK,"honey, esp. lavender",recommended,310
DUCK,horseradish,normal,310
DUCK,huckleberries,normal,310
DUCK,juniper berries,normal,310
DUCK,kaffir lime leaves,normal,310
DUCK,kumquats,normal,310
DUCK,lavender,normal,310
DUCK,leeks,normal,310
DUCK,"LEMON, JUICE, preserved",recommended,310
DUCK,lemongrass,normal,310
DUCK,lentils,normal,310
DUCK,"lime, juice",normal,310
DUCK,"liqueur, orange (e.g., Grand Marnier), peach",normal,310
DUCK,mangoes,normal,310
DUCK,marjoram,normal,310
DUCK,Mediterranean cuisine,normal,310
DUCK,mint,normal,310
DUCK,mirepoix,normal,310
DUCK,morels,normal,310
DUCK,"MUSHROOMS, ESP. WILD (esp. porcini or shiitake)",very_highly_recommended,310
DUCK,"mustard, Dijon",normal,310
DUCK,nutmeg,normal,310
DUCK,"nuts, macadamia",normal,310
DUCK,"OIL: canola, grapeseed, peanut, sesame, vegetable",recommended,310
DUCK,olive oil,recommended,310
DUCK,"olives, esp. green",normal,310
DUCK,"ONIONS, esp. green, sweet",very_highly_recommended,310
DUCK,"ORANGE: juice, zest",recommended,310
DUCK,pancetta,normal,310
DUCK,"parsley, flat-leaf",recommended,310
DUCK,pasta,normal,310
DUCK,peaches,recommended,310
DUCK,pears,normal,310
DUCK,peas,normal,310
DUCK,"PEPPER: black, green, pink, white",recommended,310
DUCK,"plums: fruit, sauce",normal,310
DUCK,pomegranates,normal,310
DUCK,poppy seeds,normal,310
DUCK,port,normal,310
DUCK,potatoes,normal,310
DUCK,prunes,normal,311
DUCK,raspberries,normal,311
DUCK,red pepper flakes,normal,311
DUCK,"rice, esp. basmati, wild",normal,311
DUCK,risotto,normal,311
DUCK,rosemary,normal,311
DUCK,sage,normal,311
DUCK,sake,normal,311
DUCK,"SALT:fleur de sel, kosher, sea",recommended,311
DUCK,sauerkraut,normal,311
DUCK,scallions,recommended,311
DUCK,"sesame seeds: black, white",normal,311
DUCK,shallots,recommended,311
DUCK,sherry,normal,311
DUCK,SOY SAUCE,very_highly_recommended,311
DUCK,spinach,normal,311
DUCK,"squash, butternut",recommended,311
DUCK,star anise,recommended,311
DUCK,"STOCKS: chicken, duck, game, meat, turkey",recommended,311
DUCK,stuffing,normal,311
DUCK,"SUGAR: brown, white",recommended,311
DUCK,sweet potatoes,recommended,311
DUCK,Tabasco sauce,normal,311
DUCK,tamarind,normal,311
DUCK,"tarragon, fresh",normal,311
DUCK,teriyaki sauce,normal,311
DUCK,Thai cuisine,normal,311
DUCK,"thyme, fresh",recommended,311
DUCK,"tomatoes: paste, puree, raw",recommended,311
DUCK,turmeric,normal,311
DUCK,TURNIPS,very_highly_recommended,311
DUCK,"vegetables, root",normal,311
DUCK,verjus,normal,311
DUCK,vermouth,normal,311
DUCK,water chestnuts,normal,311
DUCK,watercress,normal,311
DUCK,"(Madeira, Muscat)",normal,311
DUCK CONFIT,beets,normal,313
DUCK CONFIT,"cheese, Roquefort",normal,313
DUCK CONFIT,frisée,normal,313
DUCK CONFIT,garlic,normal,313
DUCK CONFIT,"lentils, green",normal,313
DUCK CONFIT,"mushrooms, wild",normal,313
DUCK CONFIT,"mustard, Dijon",normal,313
DUCK CONFIT,"oil: hazelnut, walnut",normal,313
DUCK CONFIT,onions,normal,313
DUCK CONFIT,"parsley, flat-leaf",normal,313
DUCK CONFIT,"pepper, white",normal,313
DUCK CONFIT,salt,normal,313
DUCK CONFIT,shallots,normal,313
DUCK CONFIT,"stock, chicken",normal,313
DUCK CONFIT,"vinegar, red wine",normal,313
DUCK CONFIT,watercress,normal,313
EASTERN EUROPEAN CUISINES,"allspice, esp. in desserts",normal,314
EASTERN EUROPEAN CUISINES,bacon,normal,314
EASTERN EUROPEAN CUISINES,beef,normal,314
EASTERN EUROPEAN CUISINES,beets,normal,314
EASTERN EUROPEAN CUISINES,"bell peppers, green",normal,314
EASTERN EUROPEAN CUISINES,cabbage,normal,314
EASTERN EUROPEAN CUISINES,caraway seeds,normal,314
EASTERN EUROPEAN CUISINES,carrots,normal,314
EASTERN EUROPEAN CUISINES,celery,normal,314
EASTERN EUROPEAN CUISINES,celery root,normal,314
EASTERN EUROPEAN CUISINES,chicken,normal,314
EASTERN EUROPEAN CUISINES,"cinnamon, esp. in desserts",normal,314
EASTERN EUROPEAN CUISINES,"cloves, esp. in desserts",normal,314
EASTERN EUROPEAN CUISINES,cream,normal,314
EASTERN EUROPEAN CUISINES,dill,normal,314
EASTERN EUROPEAN CUISINES,game,normal,314
EASTERN EUROPEAN CUISINES,garlic,normal,314
EASTERN EUROPEAN CUISINES,"ginger, esp. in desserts",normal,314
EASTERN EUROPEAN CUISINES,juniper berries,normal,314
EASTERN EUROPEAN CUISINES,lamb,normal,314
EASTERN EUROPEAN CUISINES,marjoram,normal,314
EASTERN EUROPEAN CUISINES,meats,normal,314
EASTERN EUROPEAN CUISINES,mushrooms,normal,314
EASTERN EUROPEAN CUISINES,mustard,normal,314
EASTERN EUROPEAN CUISINES,noodles,normal,314
EASTERN EUROPEAN CUISINES,offal,normal,314
EASTERN EUROPEAN CUISINES,onions,normal,314
EASTERN EUROPEAN CUISINES,paprika,recommended,314
EASTERN EUROPEAN CUISINES,"pepper, black",normal,314
EASTERN EUROPEAN CUISINES,potatoes,normal,314
EASTERN EUROPEAN CUISINES,rice,normal,314
EASTERN EUROPEAN CUISINES,sour cream,recommended,314
EASTERN EUROPEAN CUISINES,sugar,normal,314
EASTERN EUROPEAN CUISINES,tomatoes,normal,314
EASTERN EUROPEAN CUISINES,veal,normal,314
EASTERN EUROPEAN CUISINES,"vegetables, root",normal,314
EASTERN EUROPEAN CUISINES,vinegar,normal,314
EGGPLANT,allspice,normal,315
EGGPLANT,anchovies,recommended,315
EGGPLANT,artichokes,normal,315
EGGPLANT,basil,recommended,315
EGGPLANT,"bell peppers, esp. green, red",recommended,315
EGGPLANT,bouquet garni,normal,315
EGGPLANT,"bread, pita",normal,315
EGGPLANT,bread crumbs,recommended,315
EGGPLANT,"cabbage, green",normal,315
EGGPLANT,capers,normal,315
EGGPLANT,cashews,normal,315
EGGPLANT,cayenne,normal,315
EGGPLANT,"CHEESE: Emmental, feta, goat, Gruyère, mozzarella, Parmesan, ricotta, ricotta salata,",recommended,315
EGGPLANT,"Romano, Swiss",normal,315
EGGPLANT,chickpeas,normal,315
EGGPLANT,"chile peppers, esp. fresh green",recommended,315
EGGPLANT,chili powder,normal,315
EGGPLANT,Chinese cuisine,normal,315
EGGPLANT,chives,normal,315
EGGPLANT,cilantro,recommended,315
EGGPLANT,cinnamon,recommended,315
EGGPLANT,coconut milk,normal,315
EGGPLANT,coriander,normal,315
EGGPLANT,cumin,normal,316
EGGPLANT,curry,normal,316
EGGPLANT,dips,normal,316
EGGPLANT,Eastern Mediterranean cuisine,normal,316
EGGPLANT,fennel,normal,316
EGGPLANT,fennel seeds,normal,316
EGGPLANT,"French cuisine, esp. Provençal",normal,316
EGGPLANT,garam masala,normal,316
EGGPLANT,GARLIC,very_highly_recommended,316
EGGPLANT,ginger,recommended,316
EGGPLANT,honey,normal,316
EGGPLANT,Indian cuisine,normal,316
EGGPLANT,Italian cuisine,normal,316
EGGPLANT,Japanese cuisine,normal,316
EGGPLANT,Korean cuisine,normal,316
EGGPLANT,lamb,normal,316
EGGPLANT,"LEMON, juice",recommended,316
EGGPLANT,lentils,normal,316
EGGPLANT,Middle Eastern cuisine,normal,316
EGGPLANT,mint,normal,316
EGGPLANT,miso,recommended,316
EGGPLANT,"mushrooms, esp. button, shiitake",normal,316
EGGPLANT,"mustard, Dijon",normal,316
EGGPLANT,"oil: peanut, sesame",normal,316
EGGPLANT,OLIVE OIL,very_highly_recommended,316
EGGPLANT,"olives: black, green",recommended,316
EGGPLANT,"ONIONS, esp. red, Spanish, yellow",very_highly_recommended,316
EGGPLANT,oregano,normal,316
EGGPLANT,paprika (garnish),normal,316
EGGPLANT,"PARSLEY, FLAT-LEAF",very_highly_recommended,316
EGGPLANT,pasta,normal,316
EGGPLANT,"PEPPER: BLACK, WHITE",very_highly_recommended,316
EGGPLANT,"peppers, piquillo (e.g., Spanish cuisine)",normal,316
EGGPLANT,pine nuts,normal,316
EGGPLANT,pomegranate,normal,316
EGGPLANT,prosciutto,normal,316
EGGPLANT,red pepper flakes,normal,316
EGGPLANT,rice,normal,316
EGGPLANT,rosemary,recommended,316
EGGPLANT,saffron,normal,316
EGGPLANT,sage,normal,316
EGGPLANT,"SALT: kosher, sea",recommended,316
EGGPLANT,sausage,normal,316
EGGPLANT,savory,normal,316
EGGPLANT,scallions,normal,316
EGGPLANT,"sesame: oil, seeds",recommended,317
EGGPLANT,shallots,normal,317
EGGPLANT,soy sauce,recommended,317
EGGPLANT,"squash, yellow or other summer",normal,317
EGGPLANT,"stock, chicken",normal,317
EGGPLANT,sugar,normal,317
EGGPLANT,tahini,recommended,317
EGGPLANT,tamari,normal,317
EGGPLANT,thyme,recommended,317
EGGPLANT,"TOMATOES, tomato juice, tomato sauce",recommended,317
EGGPLANT,"VINEGAR: balsamic, champagne, red wine, rice wine, sherry",recommended,317
EGGPLANT,walnuts,normal,317
EGGPLANT,yogurt,recommended,317
EGGPLANT,zucchini,recommended,317
EGGS AND EGG- BASED DISHES — IN GENERAL,asparagus,recommended,319
EGGS AND EGG- BASED DISHES — IN GENERAL,bacon and pancetta,normal,319
EGGS AND EGG- BASED DISHES — IN GENERAL,basil,recommended,319
EGGS AND EGG- BASED DISHES — IN GENERAL,"bell peppers, esp. green",normal,319
EGGS AND EGG- BASED DISHES — IN GENERAL,bread,normal,319
EGGS AND EGG- BASED DISHES — IN GENERAL,butter,normal,319
EGGS AND EGG- BASED DISHES — IN GENERAL,capers,normal,319
EGGS AND EGG- BASED DISHES — IN GENERAL,caviar,normal,319
EGGS AND EGG- BASED DISHES — IN GENERAL,chervil,normal,319
EGGS AND EGG- BASED DISHES — IN GENERAL,chives,normal,319
EGGS AND EGG- BASED DISHES — IN GENERAL,chorizo,normal,319
EGGS AND EGG- BASED DISHES — IN GENERAL,cream,normal,319
EGGS AND EGG- BASED DISHES — IN GENERAL,cream cheese,normal,319
EGGS AND EGG- BASED DISHES — IN GENERAL,crème fraîche,normal,319
EGGS AND EGG- BASED DISHES — IN GENERAL,dill,normal,319
EGGS AND EGG- BASED DISHES — IN GENERAL,garlic,normal,319
EGGS AND EGG- BASED DISHES — IN GENERAL,ginkgo nuts,normal,319
EGGS AND EGG- BASED DISHES — IN GENERAL,"ham: Serrano, Virginia",normal,319
EGGS AND EGG- BASED DISHES — IN GENERAL,leeks,normal,319
EGGS AND EGG- BASED DISHES — IN GENERAL,marjoram,normal,319
EGGS AND EGG- BASED DISHES — IN GENERAL,mushrooms,normal,319
EGGS AND EGG- BASED DISHES — IN GENERAL,olive oil,normal,319
EGGS AND EGG- BASED DISHES — IN GENERAL,onions,normal,319
EGGS AND EGG- BASED DISHES — IN GENERAL,"parsley, flat-leaf",normal,319
EGGS AND EGG- BASED DISHES — IN GENERAL,"pepper: black, white",recommended,319
EGGS AND EGG- BASED DISHES — IN GENERAL,potatoes,recommended,319
EGGS AND EGG- BASED DISHES — IN GENERAL,"salmon, smoked",normal,319
EGGS AND EGG- BASED DISHES — IN GENERAL,"salt: kosher, sea",recommended,319
EGGS AND EGG- BASED DISHES — IN GENERAL,sausage,normal,319
EGGS AND EGG- BASED DISHES — IN GENERAL,scallions,normal,319
EGGS AND EGG- BASED DISHES — IN GENERAL,shallots,normal,319
EGGS AND EGG- BASED DISHES — IN GENERAL,sorrel,normal,319
EGGS AND EGG- BASED DISHES — IN GENERAL,spinach,recommended,319
EGGS AND EGG- BASED DISHES — IN GENERAL,tarragon,normal,319
EGGS AND EGG- BASED DISHES — IN GENERAL,thyme,normal,319
EGGS AND EGG- BASED DISHES — IN GENERAL,tomatoes,normal,319
EGGS AND EGG- BASED DISHES — IN GENERAL,truffles,normal,319
EGGS AND EGG- BASED DISHES — IN GENERAL,cranberries,avoid,319
"EGGS, FRITTATA",anchovies,normal,320
"EGGS, FRITTATA",artichokes,normal,320
"EGGS, FRITTATA",arugula,normal,320
"EGGS, FRITTATA",asparagus,normal,320
"EGGS, FRITTATA",bacon and pancetta,normal,320
"EGGS, FRITTATA",basil,recommended,320
"EGGS, FRITTATA",bell peppers,normal,320
"EGGS, FRITTATA","cheese: feta, Gruyère, Havarti, mozzarella, Parmesan",recommended,320
"EGGS, FRITTATA",chives,normal,320
"EGGS, FRITTATA",herbs,normal,320
"EGGS, FRITTATA",Italian cuisine,recommended,320
"EGGS, FRITTATA",mushrooms,recommended,320
"EGGS, FRITTATA",olives,normal,320
"EGGS, FRITTATA",onions,normal,320
"EGGS, FRITTATA","pepper, black",normal,320
"EGGS, FRITTATA","salt, esp. kosher",normal,320
"EGGS, FRITTATA",sausage,normal,320
"EGGS, FRITTATA",shallots,normal,320
"EGGS, FRITTATA",thyme,normal,320
"EGGS, FRITTATA",tomatoes,recommended,320
"EGGS, FRITTATA",zucchini,normal,320
"EGGS, HARD-BOILED",almonds,normal,320
"EGGS, HARD-BOILED",basil,normal,320
"EGGS, HARD-BOILED","butter, unsalted",normal,320
"EGGS, HARD-BOILED",cayenne,normal,320
"EGGS, HARD-BOILED","chile peppers, jalapeño",normal,320
"EGGS, HARD-BOILED",chives,recommended,320
"EGGS, HARD-BOILED",cilantro,normal,321
"EGGS, HARD-BOILED",cream,normal,321
"EGGS, HARD-BOILED",curry,normal,321
"EGGS, HARD-BOILED",dill,normal,321
"EGGS, HARD-BOILED",garlic,normal,321
"EGGS, HARD-BOILED","ginger, pickled",normal,321
"EGGS, HARD-BOILED",leeks,normal,321
"EGGS, HARD-BOILED",mayonnaise,recommended,321
"EGGS, HARD-BOILED",mint,normal,321
"EGGS, HARD-BOILED","mustard: Dijon, dry",recommended,321
"EGGS, HARD-BOILED",olive oil,normal,321
"EGGS, HARD-BOILED",paprika,normal,321
"EGGS, HARD-BOILED","parsley, flat-leaf",normal,321
"EGGS, HARD-BOILED","pepper, black",normal,321
"EGGS, HARD-BOILED",salmon,normal,321
"EGGS, HARD-BOILED","salt, kosher",normal,321
"EGGS, HARD-BOILED","sauce, béchamel",normal,321
"EGGS, HARD-BOILED",scallions,normal,321
"EGGS, HARD-BOILED",shallots,normal,321
"EGGS, HARD-BOILED",sour cream,normal,321
"EGGS, HARD-BOILED",Tabasco sauce,normal,321
"EGGS, HARD-BOILED",tarragon,normal,321
"EGGS, HARD-BOILED",tomatoes,normal,321
ENDIVE,almonds,normal,321
ENDIVE,anchovies,normal,321
ENDIVE,apples,recommended,321
ENDIVE,arugula,normal,321
ENDIVE,avocado,normal,321
ENDIVE,Verjus Vinaigrette,recommended,322
ENDIVE,bacon and pancetta,normal,322
ENDIVE,basil,normal,322
ENDIVE,bay leaf,normal,322
ENDIVE,beets,normal,322
ENDIVE,"butter, unsalted",recommended,322
ENDIVE,capers,normal,322
ENDIVE,"cardamom, green",normal,322
ENDIVE,celery,normal,322
ENDIVE,"CHEESE: Asiago, blue, goat, Gorgonzola, Gruyère, herb, Parmesan, Roquefort",recommended,322
ENDIVE,chervil,normal,322
ENDIVE,chicken,normal,322
ENDIVE,chives,recommended,322
ENDIVE,cinnamon,normal,322
ENDIVE,coriander,normal,322
ENDIVE,crab,normal,322
ENDIVE,cream,normal,322
ENDIVE,cream cheese,normal,322
ENDIVE,crème fraîche,normal,322
ENDIVE,cumin,normal,322
ENDIVE,fennel seeds,normal,322
ENDIVE,fenugreek,normal,322
ENDIVE,French cuisine,normal,322
ENDIVE,frisée,normal,322
ENDIVE,game,normal,322
ENDIVE,garlic,recommended,322
ENDIVE,ginger,normal,322
ENDIVE,grapefruit,normal,322
ENDIVE,honey,normal,322
ENDIVE,horseradish,normal,322
ENDIVE,leeks,normal,322
ENDIVE,"lemon, juice",recommended,322
ENDIVE,mayonnaise,recommended,322
ENDIVE,mushrooms,normal,322
ENDIVE,"mustard: Dijon, dry, whole grain",recommended,322
ENDIVE,mustard seeds,normal,323
ENDIVE,"OIL: grapeseed, peanut, safflower, vegetable",recommended,323
ENDIVE,OLIVE OIL,very_highly_recommended,323
ENDIVE,"olives, black",normal,323
ENDIVE,"orange: fruit, juice",normal,323
ENDIVE,"parsley, flat-leaf",recommended,323
ENDIVE,peanuts,normal,323
ENDIVE,pears,normal,323
ENDIVE,pecans,normal,323
ENDIVE,"pepper: black, white",recommended,323
ENDIVE,nuts,normal,323
ENDIVE,pistachios,normal,323
ENDIVE,pomegranate,normal,323
ENDIVE,radicchio,normal,323
ENDIVE,red pepper flakes,normal,323
ENDIVE,rosemary,normal,323
ENDIVE,salads,normal,323
ENDIVE,"salt: kosher, sea",recommended,323
ENDIVE,seafood,normal,323
ENDIVE,shallots,recommended,323
ENDIVE,shrimp,normal,323
ENDIVE,"smoked fish, esp. salmon or trout",normal,323
ENDIVE,sour cream,normal,323
ENDIVE,"stocks: chicken, fish, veal",normal,323
ENDIVE,"sugar: brown, white",recommended,323
ENDIVE,tarragon,recommended,323
ENDIVE,thyme,normal,323
ENDIVE,tomatoes,normal,323
ENDIVE,"vinaigrette, mustard",recommended,323
ENDIVE,"VINEGAR: balsamic, raspberry, red wine, sherry",recommended,323
ENDIVE,WALNUTS,very_highly_recommended,323
ENDIVE,watercress,normal,323
ENGLISH CUISINE,"cheese: Cheddar, Stilton",normal,323
ENGLISH CUISINE,cream,normal,323
ENGLISH CUISINE,fish (and chips),normal,323
ENGLISH CUISINE,game,normal,324
ENGLISH CUISINE,jams and preserves,normal,324
ENGLISH CUISINE,lamb,normal,324
ENGLISH CUISINE,mutton,normal,324
ENGLISH CUISINE,oats,normal,324
ENGLISH CUISINE,peas,normal,324
ENGLISH CUISINE,"puddings (e.g., Yorkshire)",normal,324
ENGLISH CUISINE,roast beef,normal,324
ENGLISH CUISINE,scones,normal,324
ENGLISH CUISINE,tea,normal,324
ENGLISH CUISINE,tea sandwiches,normal,324
ENGLISH CUISINE,Worcestershire sauce,normal,324
EPAZOTE,"beans, esp. black",recommended,324
EPAZOTE,bell peppers,normal,324
EPAZOTE,Caribbean cuisine,normal,324
EPAZOTE,Central American cuisine,normal,324
EPAZOTE,chile peppers,normal,324
EPAZOTE,chorizo,normal,324
EPAZOTE,cilantro,normal,324
EPAZOTE,cloves,normal,324
EPAZOTE,corn,normal,324
EPAZOTE,cumin,normal,324
EPAZOTE,fish,normal,324
EPAZOTE,garlic,normal,324
EPAZOTE,goat,normal,325
EPAZOTE,Latin American cuisines,normal,325
EPAZOTE,legumes,normal,325
EPAZOTE,lime,normal,325
EPAZOTE,Mexican cuisine,recommended,325
EPAZOTE,mole sauces,normal,325
EPAZOTE,mushrooms,normal,325
EPAZOTE,onions,normal,325
EPAZOTE,oregano,normal,325
EPAZOTE,paprika,normal,325
EPAZOTE,pepper,normal,325
EPAZOTE,pork,normal,325
EPAZOTE,rice,normal,325
EPAZOTE,salsas,normal,325
EPAZOTE,shellfish,normal,325
EPAZOTE,soups,normal,325
EPAZOTE,squash,normal,325
EPAZOTE,tomatillos,normal,325
EPAZOTE,"vegetables, green",normal,325
ESCALAR,brown butter,normal,325
ESCALAR,Kobe beef,normal,325
ESCAROLE,almonds,normal,325
ESCAROLE,anchovies,normal,325
ESCAROLE,beans,normal,325
ESCAROLE,beef,normal,325
ESCAROLE,butter,normal,325
ESCAROLE,"cheese: Fontina, Gruyère, mozzarella, Parmesan, Roquefort",recommended,325
ESCAROLE,"chile peppers, dried red",normal,325
ESCAROLE,cream,normal,325
ESCAROLE,cumin,normal,326
ESCAROLE,fish,normal,326
ESCAROLE,garlic,recommended,326
ESCAROLE,hazelnuts,normal,326
ESCAROLE,lemon,normal,326
ESCAROLE,olive oil,recommended,326
ESCAROLE,"olives, black",normal,326
ESCAROLE,onions,normal,326
ESCAROLE,"paprika, sweet",normal,326
ESCAROLE,parsley,normal,326
ESCAROLE,"pepper: black, white",recommended,326
ESCAROLE,pork,normal,326
ESCAROLE,poultry,normal,326
ESCAROLE,red pepper flakes,normal,326
ESCAROLE,"salt, kosher",recommended,326
ESCAROLE,shallots,normal,326
ESCAROLE,"soups, esp. bean",normal,326
ESCAROLE,"stock, chicken",normal,326
ESCAROLE,"tomatoes (e.g., cherry)",normal,326
ESCAROLE,"vinegar, red or white wine",normal,326
ETHIOPIAN CUISINE,"beef, raw or stewed",normal,326
ETHIOPIAN CUISINE,injera,normal,326
ETHIOPIAN CUISINE,spices,normal,326
ETHIOPIAN CUISINE,stewed dishes,normal,326
ETHIOPIAN CUISINE,"vegetables, stewed",normal,326
ETHIOPIAN CUISINE,"wine, honey",normal,326
ETHIOPIAN CUISINE,"EUROPEAN, EASTERN CUISINES (See Eastern European",recommended,326
ETHIOPIAN CUISINE,Cuisines),recommended,326
FENNEL,almonds,recommended,327
FENNEL,anise,normal,327
FENNEL,apples,recommended,327
FENNEL,arugula,normal,327
FENNEL,asparagus,normal,327
FENNEL,basil,normal,327
FENNEL,bay leaf,recommended,327
FENNEL,"beets: vegetable, juice",recommended,327
FENNEL,bell peppers,normal,327
FENNEL,"BUTTER, UNSALTED",very_highly_recommended,327
FENNEL,carrots,normal,327
FENNEL,"CHEESE: blue, goat, Gorgonzola, Gruyère, Parmesan, pecorino",recommended,327
FENNEL,chicken,recommended,327
FENNEL,chives,normal,327
FENNEL,coriander,normal,327
FENNEL,crab,normal,327
FENNEL,cream,normal,327
FENNEL,crème fraîche,normal,328
FENNEL,cucumbers,normal,328
FENNEL,eggplant,normal,328
FENNEL,eggs,normal,328
FENNEL,endive,normal,328
FENNEL,fennel pollen,normal,328
FENNEL,fennel seeds,recommended,328
FENNEL,frisée,normal,328
FENNEL,garlic,recommended,328
FENNEL,"ginger, fresh",normal,328
FENNEL,Italian cuisine,normal,328
FENNEL,herbs,normal,328
FENNEL,honey,normal,328
FENNEL,lamb,normal,328
FENNEL,leeks,normal,328
FENNEL,"LEMON: juice, zest",recommended,328
FENNEL,lemon balm,normal,328
FENNEL,"lettuce: Bibb, butter",normal,328
FENNEL,"lime: juice, leaf (kaffir)",normal,328
FENNEL,lobster,normal,328
FENNEL,lovage,normal,328
FENNEL,meats,normal,328
FENNEL,Mediterranean cuisine,recommended,328
FENNEL,mint,normal,328
FENNEL,mussels,normal,328
FENNEL,nutmeg,normal,328
FENNEL,OIL: canola,recommended,328
FENNEL,olive oil,recommended,328
FENNEL,"olives: black, green",recommended,328
FENNEL,meats like chicken or veal.,normal,328
FENNEL,"onions, esp. red",normal,329
FENNEL,"ORANGE: JUICE, segments",recommended,329
FENNEL,pancetta,normal,329
FENNEL,paprika,normal,329
FENNEL,"parsley, flat-leaf",recommended,329
FENNEL,pasta,normal,329
FENNEL,pears,normal,329
FENNEL,pecans,normal,329
FENNEL,"PEPPER: BLACK, WHITE",very_highly_recommended,329
FENNEL,Pernod,recommended,329
FENNEL,pickles,normal,329
FENNEL,pork,normal,329
FENNEL,potatoes,recommended,329
FENNEL,prosciutto,normal,329
FENNEL,rice,normal,329
FENNEL,rosemary,normal,329
FENNEL,"salads (e.g., green or tuna) and salad dressings",recommended,329
FENNEL,salmon,normal,329
FENNEL,"salt: kosher, sea",recommended,329
FENNEL,sambuca,normal,329
FENNEL,sauces,normal,329
FENNEL,scallions,normal,329
FENNEL,shallots,normal,329
FENNEL,shellfish,recommended,329
FENNEL,shrimp,normal,329
FENNEL,"soups, esp. vegetable",recommended,329
FENNEL,spinach,normal,329
FENNEL,star anise,normal,329
FENNEL,"stews, esp. fish",normal,329
FENNEL,"stocks: chicken, veal, vegetable",recommended,329
FENNEL,stuffing,normal,329
FENNEL,sugar (pinch),normal,329
FENNEL,swordfish,normal,329
FENNEL,tarragon,normal,329
FENNEL,thyme,recommended,329
FENNEL,tomatoes and tomato sauce,recommended,329
FENNEL,tuna,normal,329
FENNEL,veal,normal,329
FENNEL,"vegetables, esp. summer",normal,329
FENNEL,vermouth,normal,329
FENNEL,vinaigrettes,normal,329
FENNEL,"vinegar: champagne, cider, raspberry",normal,329
FENNEL,walnuts,normal,329
FENNEL,watercress,normal,330
FENNEL,"wine: dry white, vermouth",normal,330
FENNEL,zucchini,normal,330
FENNEL POLLEN,apricots,normal,330
FENNEL POLLEN,beef,normal,330
FENNEL POLLEN,boar,normal,330
FENNEL POLLEN,chicken,normal,330
FENNEL POLLEN,cream,normal,330
FENNEL POLLEN,fennel seeds,normal,330
FENNEL POLLEN,"fish, esp. flakier white, poached or steamed",normal,330
FENNEL POLLEN,garlic,normal,330
FENNEL POLLEN,lamb,normal,330
FENNEL POLLEN,lemon,normal,330
FENNEL POLLEN,"nuts, esp. almonds, pistachios",normal,330
FENNEL POLLEN,pasta,normal,330
FENNEL POLLEN,pork,normal,330
FENNEL POLLEN,potatoes,normal,330
FENNEL POLLEN,poultry,normal,330
FENNEL POLLEN,rabbit,normal,330
FENNEL POLLEN,rice or risotto,normal,330
FENNEL POLLEN,salads,normal,330
FENNEL POLLEN,salmon,normal,330
FENNEL POLLEN,sea trout,normal,330
FENNEL POLLEN,shellfish,normal,330
FENNEL POLLEN,vegetables,normal,330
FENNEL POLLEN,yogurt,normal,330
FENNEL SEEDS,apples,normal,331
FENNEL SEEDS,"baked goods (e.g., breads)",normal,331
FENNEL SEEDS,basil,normal,331
FENNEL SEEDS,beans,normal,331
FENNEL SEEDS,beets,normal,331
FENNEL SEEDS,bouillabaisse,normal,331
FENNEL SEEDS,cabbage,normal,331
FENNEL SEEDS,chicken,normal,331
FENNEL SEEDS,Chinese cuisine,normal,331
FENNEL SEEDS,cinnamon,normal,331
FENNEL SEEDS,cloves,normal,331
FENNEL SEEDS,cucumber,normal,331
FENNEL SEEDS,cumin,normal,331
FENNEL SEEDS,curries,normal,331
FENNEL SEEDS,duck,normal,331
FENNEL SEEDS,fennel,normal,331
FENNEL SEEDS,figs,normal,331
FENNEL SEEDS,"FISH, ESP. STEAMED",very_highly_recommended,331
FENNEL SEEDS,five-spice powder (key ingredient),normal,331
FENNEL SEEDS,garam masala (key ingredient),normal,331
FENNEL SEEDS,garlic,normal,331
FENNEL SEEDS,herbes de Provence (key ingredient),normal,332
FENNEL SEEDS,Italian cuisine,normal,332
FENNEL SEEDS,leeks,normal,332
FENNEL SEEDS,lentils,normal,332
FENNEL SEEDS,"meats, braised",normal,332
FENNEL SEEDS,Mediterranean cuisine,normal,332
FENNEL SEEDS,olives,normal,332
FENNEL SEEDS,orange,normal,332
FENNEL SEEDS,paprika,normal,332
FENNEL SEEDS,parsley,normal,332
FENNEL SEEDS,pasta,normal,332
FENNEL SEEDS,"pepper, black",normal,332
FENNEL SEEDS,pickles,normal,332
FENNEL SEEDS,pork,recommended,332
FENNEL SEEDS,potatoes,normal,332
FENNEL SEEDS,ras el hanout (key ingredient),normal,332
FENNEL SEEDS,rice,normal,332
FENNEL SEEDS,saffron,normal,332
FENNEL SEEDS,salads,normal,332
FENNEL SEEDS,sauces,normal,332
FENNEL SEEDS,sauerkraut,normal,332
FENNEL SEEDS,"SAUSAGES, esp. Italian",holy_grail,332
FENNEL SEEDS,Scandinavian cuisine,normal,332
FENNEL SEEDS,shellfish,recommended,332
FENNEL SEEDS,"soups, esp. fish",normal,332
FENNEL SEEDS,star anise,normal,332
FENNEL SEEDS,"stews, esp. fish",normal,332
FENNEL SEEDS,stocks and broths,normal,332
FENNEL SEEDS,tarragon,normal,332
FENNEL SEEDS,tomatoes and tomato sauces,normal,332
FENNEL SEEDS,"vegetables, esp. green",normal,332
FENUGREEK,cardamom,recommended,332
FENUGREEK,cauliflower,normal,333
FENUGREEK,"cheeses, esp. creamy",normal,333
FENUGREEK,chicken,recommended,333
FENUGREEK,cinnamon,normal,333
FENUGREEK,cloves,normal,333
FENUGREEK,coriander,normal,333
FENUGREEK,"cream, esp. sour",normal,333
FENUGREEK,cumin,normal,333
FENUGREEK,CURRIES AND CURRY POWDERS,very_highly_recommended,333
FENUGREEK,Ethiopian cuisine,normal,333
FENUGREEK,fennel seeds,normal,333
FENUGREEK,fish,normal,333
FENUGREEK,garlic,recommended,333
FENUGREEK,Indian cuisine,recommended,333
FENUGREEK,lamb,recommended,333
FENUGREEK,legumes,normal,333
FENUGREEK,lentils,normal,333
FENUGREEK,"maple syrup, artificial (key ingredient)",recommended,333
FENUGREEK,mayonnaise,normal,333
FENUGREEK,mint,normal,333
FENUGREEK,peas,normal,333
FENUGREEK,pepper,normal,333
FENUGREEK,potatoes,recommended,333
FENUGREEK,rabbit,normal,333
FENUGREEK,rice,recommended,333
FENUGREEK,"sauces, esp. creamy",normal,333
FENUGREEK,"shellfish, shrimp",normal,333
FENUGREEK,soups,normal,333
FENUGREEK,spinach,normal,333
FENUGREEK,"stews, esp. tomato-based",normal,333
FENUGREEK,tomatoes,normal,333
FENUGREEK,turmeric,normal,333
FENUGREEK,"vegetables, esp. green and root",normal,333
FENUGREEK,yogurt,normal,333
FIDDLEHEAD FERNS,"Techniques/Tips: Always serve cooked: blanch, boil, sauté, steam.",recommended,334
FIDDLEHEAD FERNS,"American cuisine, esp. New England",normal,334
FIDDLEHEAD FERNS,asparagus,normal,334
FIDDLEHEAD FERNS,bacon,normal,334
FIDDLEHEAD FERNS,basil,normal,334
FIDDLEHEAD FERNS,"beans, fava",normal,334
FIDDLEHEAD FERNS,beef,normal,334
FIDDLEHEAD FERNS,brown butter,normal,334
FIDDLEHEAD FERNS,"butter, sweet",recommended,334
FIDDLEHEAD FERNS,cayenne,normal,334
FIDDLEHEAD FERNS,"cheese: Comté, goat, Parmesan",recommended,334
FIDDLEHEAD FERNS,chicken,normal,334
FIDDLEHEAD FERNS,fennel,normal,334
FIDDLEHEAD FERNS,"fish (e.g., halibut, salmon)",normal,334
FIDDLEHEAD FERNS,garlic,normal,334
FIDDLEHEAD FERNS,hollandaise sauce,normal,334
FIDDLEHEAD FERNS,horseradish,normal,334
FIDDLEHEAD FERNS,lamb,normal,334
FIDDLEHEAD FERNS,"lemon, juice",normal,334
FIDDLEHEAD FERNS,"MUSHROOMS, WILD, e.g., chanterelles, morels",very_highly_recommended,334
FIDDLEHEAD FERNS,mustard,normal,334
FIDDLEHEAD FERNS,"oil: sesame, walnut",normal,334
FIDDLEHEAD FERNS,olive oil,normal,334
FIDDLEHEAD FERNS,"onions, esp. cipollini, red, spring",recommended,334
FIDDLEHEAD FERNS,"parsley, flat-leaf",normal,334
FIDDLEHEAD FERNS,"pasta, esp. gnocchi",recommended,334
FIDDLEHEAD FERNS,pepper,normal,334
FIDDLEHEAD FERNS,polenta,normal,334
FIDDLEHEAD FERNS,"potatoes, esp. Yukon gold",normal,334
FIDDLEHEAD FERNS,poultry,normal,334
FIDDLEHEAD FERNS,prosciutto,normal,334
FIDDLEHEAD FERNS,ramps,normal,334
FIDDLEHEAD FERNS,salads,normal,334
FIDDLEHEAD FERNS,salt,normal,334
FIDDLEHEAD FERNS,sesame seeds,normal,334
FIDDLEHEAD FERNS,shallots,normal,334
FIDDLEHEAD FERNS,soy sauce,normal,334
FIDDLEHEAD FERNS,spinach,normal,334
FIDDLEHEAD FERNS,tarragon,normal,334
FIDDLEHEAD FERNS,thyme,normal,335
FIDDLEHEAD FERNS,veal,normal,335
FIDDLEHEAD FERNS,vinaigrettes,recommended,335
FIDDLEHEAD FERNS,"vinegar: balsamic, sherry",recommended,335
FIDDLEHEAD FERNS,walnuts,normal,335
FIDDLEHEAD FERNS,yogurt,normal,335
"FIGS, DRIED",almonds,normal,335
"FIGS, DRIED",anise seeds,recommended,335
"FIGS, DRIED",apples,normal,335
"FIGS, DRIED","apricots, dried",normal,335
"FIGS, DRIED",bananas,normal,335
"FIGS, DRIED",bay leaf,normal,335
"FIGS, DRIED",brandy,recommended,335
"FIGS, DRIED",caramel,normal,335
"FIGS, DRIED","cheese: goat, manchego, Parmesan, ricotta",recommended,335
"FIGS, DRIED","cherries, dried",normal,335
"FIGS, DRIED",chestnuts,normal,335
"FIGS, DRIED","chocolate, esp. dark, white",normal,335
"FIGS, DRIED",cinnamon,recommended,335
"FIGS, DRIED",cloves,normal,335
"FIGS, DRIED",coconut,normal,335
"FIGS, DRIED",coffee,normal,335
"FIGS, DRIED",cognac,normal,335
"FIGS, DRIED",cream,normal,335
"FIGS, DRIED",dates,recommended,335
"FIGS, DRIED",game,normal,335
"FIGS, DRIED",ginger,normal,336
"FIGS, DRIED",HONEY,very_highly_recommended,336
"FIGS, DRIED","lemon: juice, zest",recommended,336
"FIGS, DRIED",macadamia nuts,normal,336
"FIGS, DRIED",maple syrup,normal,336
"FIGS, DRIED",mascarpone,normal,336
"FIGS, DRIED",nutmeg,normal,336
"FIGS, DRIED",oats,normal,336
"FIGS, DRIED","ORANGE: fruit, juice",recommended,336
"FIGS, DRIED",pastries,normal,336
"FIGS, DRIED",pears,normal,336
"FIGS, DRIED",pecans,normal,336
"FIGS, DRIED",pineapple,normal,336
"FIGS, DRIED",pistachios,recommended,336
"FIGS, DRIED",prunes,normal,336
"FIGS, DRIED",quince,normal,336
"FIGS, DRIED","raisins, yellow",recommended,336
"FIGS, DRIED","sugar, brown",normal,336
"FIGS, DRIED",sweet potatoes,normal,336
"FIGS, DRIED",vanilla,normal,336
"FIGS, DRIED",WALNUTS,very_highly_recommended,336
"FIGS, DRIED","WINE, RED, sweet",recommended,336
"FIGS, FRESH",ALMONDS,very_highly_recommended,336
"FIGS, FRESH",anchovies,normal,336
"FIGS, FRESH","anise, esp. green",recommended,336
"FIGS, FRESH",apples,normal,336
"FIGS, FRESH",arugula,normal,336
"FIGS, FRESH",Fig and Ricotta Gelato,recommended,337
"FIGS, FRESH",Honey-Baked Figs Stuffed with Walnuts,recommended,337
"FIGS, FRESH",bacon,normal,337
"FIGS, FRESH","butter, unsalted",normal,337
"FIGS, FRESH",caramel,normal,337
"FIGS, FRESH","CHEESE: blue, fromage blanc, goat, Gorgonzola, dry Jack, manchego, provolone, ricotta,",recommended,337
"FIGS, FRESH",Roquefort,normal,337
"FIGS, FRESH",cherries,normal,337
"FIGS, FRESH",chicken,normal,337
"FIGS, FRESH","chocolate: dark, white",normal,337
"FIGS, FRESH",cilantro,normal,337
"FIGS, FRESH",cinnamon,recommended,337
"FIGS, FRESH",cloves,normal,337
"FIGS, FRESH",coffee / espresso,normal,337
"FIGS, FRESH",cognac,normal,337
"FIGS, FRESH",CREAM AND ICE CREAM,very_highly_recommended,337
"FIGS, FRESH",cream cheese,normal,337
"FIGS, FRESH",crème anglaise,normal,337
"FIGS, FRESH",crème fraîche,normal,337
"FIGS, FRESH",duck,normal,337
"FIGS, FRESH","fish (e.g., bass)",normal,338
"FIGS, FRESH",five-spice powder,normal,338
"FIGS, FRESH","French cuisine, esp. southern",normal,338
"FIGS, FRESH",game birds,normal,338
"FIGS, FRESH",garlic,normal,338
"FIGS, FRESH",ginger,normal,338
"FIGS, FRESH",grapes,normal,338
"FIGS, FRESH","ham, esp. Serrano",normal,338
"FIGS, FRESH",hazelnuts,normal,338
"FIGS, FRESH",HONEY,very_highly_recommended,338
"FIGS, FRESH","Italian cuisine, esp. southern",normal,338
"FIGS, FRESH",Kirsch,normal,338
"FIGS, FRESH",lamb,normal,338
"FIGS, FRESH",lavender,normal,338
"FIGS, FRESH","lemon: juice, zest",recommended,338
"FIGS, FRESH","lime, juice",recommended,338
"FIGS, FRESH","liqueurs, esp. raspberry",normal,338
"FIGS, FRESH",mango,normal,338
"FIGS, FRESH",mascarpone,recommended,338
"FIGS, FRESH","meats, cured and smoked",normal,338
"FIGS, FRESH",Mediterranean cuisine,normal,338
"FIGS, FRESH",Middle Eastern cuisine,normal,338
"FIGS, FRESH",mint,normal,338
"FIGS, FRESH",Moroccan cuisine,normal,338
"FIGS, FRESH","oil, grapeseed",recommended,338
"FIGS, FRESH",olive oil,recommended,338
"FIGS, FRESH",onions,normal,338
"FIGS, FRESH","ORANGE: juice, zest",recommended,338
"FIGS, FRESH",pancetta,normal,338
"FIGS, FRESH",pears,normal,338
"FIGS, FRESH",pecans,normal,338
"FIGS, FRESH","pepper, black",normal,338
"FIGS, FRESH",pine nuts,normal,338
"FIGS, FRESH",pistachios,normal,338
"FIGS, FRESH",pork,normal,338
"FIGS, FRESH",port,normal,338
"FIGS, FRESH",prosciutto,recommended,338
"FIGS, FRESH",quail,normal,338
"FIGS, FRESH",radicchio,normal,338
"FIGS, FRESH",RASPBERRIES,very_highly_recommended,338
"FIGS, FRESH",rice,normal,338
"FIGS, FRESH",rosemary,normal,338
"FIGS, FRESH","rum, esp. dark",normal,338
"FIGS, FRESH",sorbets,normal,338
"FIGS, FRESH",star anise,normal,338
"FIGS, FRESH","SUGAR: brown, white",recommended,339
"FIGS, FRESH",thyme,normal,339
"FIGS, FRESH",VANILLA,very_highly_recommended,339
"FIGS, FRESH",Vin Santo,normal,339
"FIGS, FRESH","VINEGAR: BALSAMIC, red wine, sherry",recommended,339
"FIGS, FRESH",WALNUTS,very_highly_recommended,339
"FIGS, FRESH","wine: dry red, Marsala, port",normal,339
FINES HERBES,French cuisine,recommended,339
FISH — IN GENERAL,anise,normal,339
FISH — IN GENERAL,basil,normal,339
FISH — IN GENERAL,broths,normal,339
FISH — IN GENERAL,butter,normal,339
FISH — IN GENERAL,cream,normal,340
FISH — IN GENERAL,dill,normal,340
FISH — IN GENERAL,fennel,recommended,340
FISH — IN GENERAL,"fines herbes (i.e., chervil, chives, parsley, tarragon)",normal,340
FISH — IN GENERAL,garlic,normal,340
FISH — IN GENERAL,ginger,normal,340
FISH — IN GENERAL,grapefruit,normal,340
FISH — IN GENERAL,leeks,normal,340
FISH — IN GENERAL,"lemon: juice, zest",recommended,340
FISH — IN GENERAL,lemongrass,normal,340
FISH — IN GENERAL,lemon verbena,normal,340
FISH — IN GENERAL,"lime: juice, zest",normal,340
FISH — IN GENERAL,parsley,normal,340
FISH — IN GENERAL,peas (accompaniment),normal,340
FISH — IN GENERAL,"wine, and wasabi.",normal,340
FISH — IN GENERAL,Onion-Crusted White Fish with Tomato-Water Sauce,recommended,340
FISH — IN GENERAL,peppercorns,normal,340
FISH — IN GENERAL,rhubarb,normal,341
FISH — IN GENERAL,salt,normal,341
FISH — IN GENERAL,tomatoes,normal,341
FISH — IN GENERAL,"wine, esp. white",normal,341
FISH SAUCE,"lime, juice",normal,341
FISH SAUCE,"sauces, dipping",normal,341
FISH SAUCE,shrimp,normal,341
FISH SAUCE,Southeast Asian cuisines,recommended,341
FISH SAUCE,spring rolls,normal,341
FISH SAUCE,sugar,normal,341
FISH SAUCE,Thai cuisine,recommended,341
FISH SAUCE,Vietnamese cuisine,recommended,341
FISH SAUCE,vegetables,normal,341
FIVE-SPICE POWDER,beef,normal,341
FIVE-SPICE POWDER,chicken,normal,341
FIVE-SPICE POWDER,Chinese cuisine,normal,341
FIVE-SPICE POWDER,duck,normal,341
FIVE-SPICE POWDER,pork,normal,341
FIVE-SPICE POWDER,stews,normal,341
FIVE-SPICE POWDER,stir-fries,normal,341
FLOUNDER,almonds,normal,342
FLOUNDER,basil,normal,342
FLOUNDER,bread crumbs or cracker crumbs,normal,342
FLOUNDER,butter,normal,342
FLOUNDER,capers,normal,342
FLOUNDER,chili sauce,normal,342
FLOUNDER,chives,normal,342
FLOUNDER,coconut milk,normal,342
FLOUNDER,corn,normal,342
FLOUNDER,"cornmeal (e.g., as a crust)",normal,342
FLOUNDER,crab,normal,342
FLOUNDER,"curry, green",normal,342
FLOUNDER,dill,normal,342
FLOUNDER,lemon,recommended,342
FLOUNDER,lime,normal,342
FLOUNDER,Mediterranean cuisine,normal,342
FLOUNDER,miso,normal,342
FLOUNDER,noodles,normal,342
FLOUNDER,olive oil,normal,342
FLOUNDER,"onions, Vidalia",recommended,342
FLOUNDER,pasta,normal,342
FLOUNDER,peas,normal,342
FLOUNDER,"pepper, black",normal,342
FLOUNDER,ramps,normal,342
FLOUNDER,salt,normal,342
FLOUNDER,"seaweed, esp. konbu",normal,342
FLOUNDER,shiso,normal,342
FLOUNDER,ume (Japanese plum),normal,342
FLOUNDER,"wine, white",recommended,342
FLOUNDER,yuzu,normal,342
FLOUNDER,zucchini,normal,342
FOIE GRAS,allspice,normal,343
FOIE GRAS,APPLES,very_highly_recommended,343
FOIE GRAS,apricots,normal,343
FOIE GRAS,Armagnac,recommended,343
FOIE GRAS,bacon,normal,343
FOIE GRAS,brandy,normal,343
FOIE GRAS,cabbage,normal,343
FOIE GRAS,cherries,recommended,343
FOIE GRAS,chives,normal,343
FOIE GRAS,chocolate,normal,343
FOIE GRAS,cognac,recommended,343
FOIE GRAS,endive,normal,343
FOIE GRAS,"figs: dried, fresh",recommended,343
FOIE GRAS,French cuisine,normal,343
FOIE GRAS,ginger,normal,343
FOIE GRAS,grapes,recommended,343
FOIE GRAS,leeks,normal,343
FOIE GRAS,lemon,normal,343
FOIE GRAS,mangoes,normal,343
FOIE GRAS,miso,normal,343
FOIE GRAS,Sesame-Flavored Flounder and Wakame Seaweed Soup,recommended,343
FOIE GRAS,Foie Gras with Roasted Plums,recommended,343
FOIE GRAS,nutmeg,normal,344
FOIE GRAS,"oil, grapeseed",normal,344
FOIE GRAS,olive oil,normal,344
FOIE GRAS,onions,normal,344
FOIE GRAS,peaches,recommended,344
FOIE GRAS,pears,recommended,344
FOIE GRAS,"pepper, black",recommended,344
FOIE GRAS,pistachios,normal,344
FOIE GRAS,plums,normal,344
FOIE GRAS,port,normal,344
FOIE GRAS,raisins,normal,344
FOIE GRAS,rhubarb,normal,344
FOIE GRAS,"salt, kosher",normal,344
FOIE GRAS,Sauternes,recommended,344
FOIE GRAS,shallots,normal,344
FOIE GRAS,"stock, chicken",recommended,344
FOIE GRAS,strawberries,normal,344
FOIE GRAS,sugar (dash),recommended,344
FOIE GRAS,tomatoes,normal,344
FOIE GRAS,"truffles and truffle oil, esp. white",recommended,344
FOIE GRAS,"vinegar: balsamic, cider",recommended,344
FRENCH CUISINE — IN GENERAL,beef,normal,344
FRENCH CUISINE — IN GENERAL,cheese,recommended,344
FRENCH CUISINE — IN GENERAL,CREAM,very_highly_recommended,344
FRENCH CUISINE — IN GENERAL,eggs,recommended,344
FRENCH CUISINE — IN GENERAL,herbs,recommended,344
FRENCH CUISINE — IN GENERAL,mustards,normal,344
FRENCH CUISINE — IN GENERAL,onions,normal,344
FRENCH CUISINE — IN GENERAL,parsley,normal,344
FRENCH CUISINE — IN GENERAL,pastries,normal,344
FRENCH CUISINE — IN GENERAL,pork,normal,344
FRENCH CUISINE — IN GENERAL,potatoes,normal,344
FRENCH CUISINE — IN GENERAL,poultry,normal,344
FRENCH CUISINE — IN GENERAL,roasted meats,normal,344
FRENCH CUISINE — IN GENERAL,SAUCES,very_highly_recommended,344
FRENCH CUISINE — IN GENERAL,sausages,normal,345
FRENCH CUISINE — IN GENERAL,sautéed dishes,normal,345
FRENCH CUISINE — IN GENERAL,seafood,normal,345
FRENCH CUISINE — IN GENERAL,shallots,normal,345
FRENCH CUISINE — IN GENERAL,spirits,normal,345
FRENCH CUISINE — IN GENERAL,STOCK,very_highly_recommended,345
FRENCH CUISINE — IN GENERAL,tarragon,normal,345
FRENCH CUISINE — IN GENERAL,thyme,normal,345
FRENCH CUISINE — IN GENERAL,"truffles, black",normal,345
FRENCH CUISINE — IN GENERAL,veal,normal,345
FRENCH CUISINE — IN GENERAL,vinegars,normal,345
FRENCH CUISINE — IN GENERAL,"wheat, esp. as flour",normal,345
FRENCH CUISINE — IN GENERAL,WINE,very_highly_recommended,345
"FRENCH CUISINE, NORTHERN","apples: cider, fruit, juice",normal,345
"FRENCH CUISINE, NORTHERN",buckwheat (key ingredient in crepes),normal,345
"FRENCH CUISINE, NORTHERN",BUTTER,very_highly_recommended,345
"FRENCH CUISINE, NORTHERN",cabbage,normal,345
"FRENCH CUISINE, NORTHERN",Calvados,normal,345
"FRENCH CUISINE, NORTHERN",charcuterie,normal,345
"FRENCH CUISINE, NORTHERN",cheese: Camembert,normal,345
"FRENCH CUISINE, NORTHERN",CREAM,very_highly_recommended,345
"FRENCH CUISINE, NORTHERN","fish, freshwater",normal,345
"FRENCH CUISINE, NORTHERN",game,normal,345
"FRENCH CUISINE, NORTHERN",lobster,normal,345
"FRENCH CUISINE, NORTHERN",oysters,normal,346
"FRENCH CUISINE, NORTHERN","pork: bacon, ham",normal,346
"FRENCH CUISINE, NORTHERN",sausages,normal,346
"FRENCH CUISINE, NORTHERN",shellfish,normal,346
"FRENCH CUISINE, NORTHERN",veal,normal,346
"FRENCH CUISINE, SOUTHERN (aka Provençal Cuisine)",anchovies,normal,346
"FRENCH CUISINE, SOUTHERN (aka Provençal Cuisine)",anise,normal,346
"FRENCH CUISINE, SOUTHERN (aka Provençal Cuisine)",basil,normal,346
"FRENCH CUISINE, SOUTHERN (aka Provençal Cuisine)","beef, esp. stewed",normal,346
"FRENCH CUISINE, SOUTHERN (aka Provençal Cuisine)",bell peppers,normal,346
"FRENCH CUISINE, SOUTHERN (aka Provençal Cuisine)","chicken, esp. grilled",normal,346
"FRENCH CUISINE, SOUTHERN (aka Provençal Cuisine)","fish, esp. grilled",normal,346
"FRENCH CUISINE, SOUTHERN (aka Provençal Cuisine)",garlic,normal,346
"FRENCH CUISINE, SOUTHERN (aka Provençal Cuisine)",grilled dishes,normal,346
"FRENCH CUISINE, SOUTHERN (aka Provençal Cuisine)",herbes de Provence,normal,346
"FRENCH CUISINE, SOUTHERN (aka Provençal Cuisine)","lamb, esp. roasted",normal,346
"FRENCH CUISINE, SOUTHERN (aka Provençal Cuisine)",lavender,normal,346
"FRENCH CUISINE, SOUTHERN (aka Provençal Cuisine)",marjoram,normal,346
"FRENCH CUISINE, SOUTHERN (aka Provençal Cuisine)",meats,normal,346
"FRENCH CUISINE, SOUTHERN (aka Provençal Cuisine)",mustard,normal,346
"FRENCH CUISINE, SOUTHERN (aka Provençal Cuisine)",OLIVE OIL,very_highly_recommended,346
"FRENCH CUISINE, SOUTHERN (aka Provençal Cuisine)",olives,normal,346
"FRENCH CUISINE, SOUTHERN (aka Provençal Cuisine)",pâtés,normal,346
"FRENCH CUISINE, SOUTHERN (aka Provençal Cuisine)",pork,normal,346
"FRENCH CUISINE, SOUTHERN (aka Provençal Cuisine)",rosemary,normal,346
"FRENCH CUISINE, SOUTHERN (aka Provençal Cuisine)",sage,normal,346
"FRENCH CUISINE, SOUTHERN (aka Provençal Cuisine)",shellfish,normal,346
"FRENCH CUISINE, SOUTHERN (aka Provençal Cuisine)",soups,normal,346
"FRENCH CUISINE, SOUTHERN (aka Provençal Cuisine)",tomatoes,normal,346
"FRENCH CUISINE, SOUTHERN (aka Provençal Cuisine)",vegetables,normal,346
"FRENCH CUISINE, SOUTHERN (aka Provençal Cuisine)",wine,normal,346
FRESHNESS,Slow-Cooked.,recommended,347
FRESHNESS,basil,recommended,347
FRESHNESS,chives,normal,347
FRESHNESS,cilantro,normal,347
FRESHNESS,citrus,normal,347
FRESHNESS,dill,normal,347
FRESHNESS,fennel pollen,normal,347
FRESHNESS,mint,normal,347
FRESHNESS,tarragon,normal,347
FRISÉE (a fine-leaved variety of curly endive),almonds,normal,347
FRISÉE (a fine-leaved variety of curly endive),anchovies,normal,347
FRISÉE (a fine-leaved variety of curly endive),avocado,normal,347
FRISÉE (a fine-leaved variety of curly endive),bacon / lardons,recommended,347
FRISÉE (a fine-leaved variety of curly endive),basil,normal,347
FRISÉE (a fine-leaved variety of curly endive),"bell peppers: red, yellow",normal,347
FRISÉE (a fine-leaved variety of curly endive),beets,normal,347
FRISÉE (a fine-leaved variety of curly endive),"CHEESE: BLUE, GOAT, PARMESAN, ROQUEFORT",very_highly_recommended,347
FRISÉE (a fine-leaved variety of curly endive),"cherries, dried",normal,347
FRISÉE (a fine-leaved variety of curly endive),chervil,normal,347
FRISÉE (a fine-leaved variety of curly endive),chives,normal,347
FRISÉE (a fine-leaved variety of curly endive),cilantro,normal,347
FRISÉE (a fine-leaved variety of curly endive),croutons (accent),normal,347
FRISÉE (a fine-leaved variety of curly endive),cucumbers,normal,347
FRISÉE (a fine-leaved variety of curly endive),"eggs, esp. poached",normal,347
FRISÉE (a fine-leaved variety of curly endive),endive,normal,348
FRISÉE (a fine-leaved variety of curly endive),"fat: bacon, duck",normal,348
FRISÉE (a fine-leaved variety of curly endive),garlic,recommended,348
FRISÉE (a fine-leaved variety of curly endive),ginger,normal,348
FRISÉE (a fine-leaved variety of curly endive),grapefruit,normal,348
FRISÉE (a fine-leaved variety of curly endive),"lemon, juice",normal,348
FRISÉE (a fine-leaved variety of curly endive),"lettuces: red oak leaf, red leaf",normal,348
FRISÉE (a fine-leaved variety of curly endive),"lime, juice",normal,348
FRISÉE (a fine-leaved variety of curly endive),maple syrup,normal,348
FRISÉE (a fine-leaved variety of curly endive),"mushrooms, white",normal,348
FRISÉE (a fine-leaved variety of curly endive),"mustard, Dijon",normal,348
FRISÉE (a fine-leaved variety of curly endive),"oil: canola, grapeseed, hazelnut, walnut",recommended,348
FRISÉE (a fine-leaved variety of curly endive),olive oil,recommended,348
FRISÉE (a fine-leaved variety of curly endive),olives,normal,348
FRISÉE (a fine-leaved variety of curly endive),"onions, red",normal,348
FRISÉE (a fine-leaved variety of curly endive),"orange, juice",recommended,348
FRISÉE (a fine-leaved variety of curly endive),"parsley, flat-leaf",normal,348
FRISÉE (a fine-leaved variety of curly endive),"pepper: black, white",recommended,348
FRISÉE (a fine-leaved variety of curly endive),"salads, esp. warm",normal,348
FRISÉE (a fine-leaved variety of curly endive),"salt: kosher, sea",recommended,348
FRISÉE (a fine-leaved variety of curly endive),scallops,normal,348
FRISÉE (a fine-leaved variety of curly endive),seafood,normal,348
FRISÉE (a fine-leaved variety of curly endive),shallots,normal,348
FRISÉE (a fine-leaved variety of curly endive),tangerines and tangerine juice,normal,348
FRISÉE (a fine-leaved variety of curly endive),tarragon,normal,348
FRISÉE (a fine-leaved variety of curly endive),tomatoes,normal,348
FRISÉE (a fine-leaved variety of curly endive),vinaigrette,normal,348
FRISÉE (a fine-leaved variety of curly endive),"vinegar: sherry, white wine",recommended,348
FRISÉE (a fine-leaved variety of curly endive),Sherry Wine–Dijon Mustard Vinaigrette,recommended,348
FRISÉE (a fine-leaved variety of curly endive),Vinaigrette,recommended,348
FRISÉE (a fine-leaved variety of curly endive),walnuts (accent),recommended,348
FRISÉE (a fine-leaved variety of curly endive),watercress,normal,348
"FRUIT, DRIED",apple juice,normal,349
"FRUIT, DRIED",chocolate,normal,349
"FRUIT, DRIED",cinnamon,normal,349
"FRUIT, DRIED",ginger,normal,349
"FRUIT, DRIED",lemon,normal,349
"FRUIT, DRIED",nuts,normal,349
"FRUIT, DRIED",pistachios,normal,349
"FRUIT, DRIED",vanilla,normal,349
"FRUIT, DRIED",walnuts,normal,349
"FRUIT, FRESH",almonds,normal,349
"FRUIT, FRESH","ginger, fresh",normal,349
"FRUIT, FRESH","lemon: juice, zest",normal,349
"FRUIT, FRESH",sabayon sauce,normal,349
"FRUIT, FRESH",SUGAR,very_highly_recommended,349
"FRUIT, FRESH",vanilla,recommended,349
"FRUIT, FRESH","FRUIT, TROPICAL (See also specific fruits, e.g., Mangoes,",recommended,349
"FRUIT, FRESH","Papayas, Pineapples, etc.)",recommended,349
"FRUIT, FRESH",bananas,normal,349
"FRUIT, FRESH",bourbon,normal,349
"FRUIT, FRESH",caramel,normal,349
"FRUIT, FRESH",chile peppers,normal,349
"FRUIT, FRESH",chocolate,normal,349
"FRUIT, FRESH","chocolate, white",normal,349
"FRUIT, FRESH",cloves,normal,349
"FRUIT, FRESH",coconut,normal,350
"FRUIT, FRESH",coriander,normal,350
"FRUIT, FRESH",cream and ice cream,normal,350
"FRUIT, FRESH",five-spice powder,normal,350
"FRUIT, FRESH",ginger,normal,350
"FRUIT, FRESH",guava,normal,350
"FRUIT, FRESH",honey,normal,350
"FRUIT, FRESH","lemon: juice, zest",normal,350
"FRUIT, FRESH",lemongrass,normal,350
"FRUIT, FRESH","LIME: JUICE, ZEST",very_highly_recommended,350
"FRUIT, FRESH",mangoes,normal,350
"FRUIT, FRESH","melon, honeydew",normal,350
"FRUIT, FRESH",mint,normal,350
"FRUIT, FRESH","orange: juice, zest",normal,350
"FRUIT, FRESH",pineapple,normal,350
"FRUIT, FRESH",pomegranates,normal,350
"FRUIT, FRESH",RUM,very_highly_recommended,350
"FRUIT, FRESH","spirits, white: gin, vodka",normal,350
"FRUIT, FRESH",strawberries,normal,350
"FRUIT, FRESH","sugar: brown, white",recommended,350
"FRUIT, FRESH",vanilla,recommended,350
"FRUIT, FRESH",yogurt,normal,350
GAME — IN GENERAL,allspice,normal,351
GAME — IN GENERAL,"cabbage, red",normal,351
GAME — IN GENERAL,cayenne,normal,351
GAME — IN GENERAL,cherries,normal,351
GAME — IN GENERAL,chestnuts,normal,351
GAME — IN GENERAL,cloves,recommended,351
GAME — IN GENERAL,"cranberries, dried",normal,351
GAME — IN GENERAL,garlic,normal,351
GAME — IN GENERAL,gin,normal,351
GAME — IN GENERAL,greens,normal,351
GAME — IN GENERAL,Italian cuisine,normal,351
GAME — IN GENERAL,juniper berries,normal,351
GAME — IN GENERAL,lentils,normal,351
GAME — IN GENERAL,Madeira,normal,351
GAME — IN GENERAL,maple syrup,normal,351
GAME — IN GENERAL,"mushrooms, wild",normal,351
GAME — IN GENERAL,"mustard, Dijon",normal,351
GAME — IN GENERAL,onions,normal,351
GAME — IN GENERAL,"parsley, flat-leaf",normal,351
GAME — IN GENERAL,"pepper, black",normal,351
GAME — IN GENERAL,"salt, sea",normal,351
GAME — IN GENERAL,"stock, beef",normal,351
GAME — IN GENERAL,"sugar, brown",normal,351
GAME — IN GENERAL,vinegar,normal,351
GAME — IN GENERAL,"wine, red",normal,351
GARAM MASALA,Indian cuisine,recommended,351
GARLIC,almonds,normal,352
GARLIC,anchovies,normal,352
GARLIC,bacon,normal,352
GARLIC,barbecue,normal,352
GARLIC,basil,recommended,352
GARLIC,bay leaf,normal,352
GARLIC,beans,normal,352
GARLIC,beef,normal,352
GARLIC,beets,normal,352
GARLIC,bread,normal,352
GARLIC,broccoli,normal,352
GARLIC,cabbage,normal,352
GARLIC,Cajun cuisine,normal,352
GARLIC,caraway seeds,normal,352
GARLIC,cayenne,normal,352
GARLIC,"cheese, Parmesan",recommended,352
GARLIC,chicken,recommended,352
GARLIC,chile peppers,normal,352
GARLIC,Chinese cuisine,normal,352
GARLIC,chives,normal,352
GARLIC,cilantro,normal,352
GARLIC,coriander,normal,352
GARLIC,"cream, half-and-half",normal,352
GARLIC,Creole cuisine,normal,352
GARLIC,cumin,normal,352
GARLIC,curries,normal,352
GARLIC,eggplant,normal,352
GARLIC,eggs,normal,352
GARLIC,fennel,normal,352
GARLIC,fennel seeds,normal,352
GARLIC,fish,normal,352
GARLIC,French cuisine,normal,352
GARLIC,ginger,normal,352
GARLIC,Indian cuisine,normal,353
GARLIC,Italian cuisine,normal,353
GARLIC,Korean cuisine,normal,353
GARLIC,lamb,recommended,353
GARLIC,leeks,normal,353
GARLIC,"LEMON: juice, zest",recommended,353
GARLIC,lemongrass,normal,353
GARLIC,lentils,normal,353
GARLIC,"lime, juice",normal,353
GARLIC,mayonnaise,normal,353
GARLIC,meats,recommended,353
GARLIC,Mediterranean cuisine,normal,353
GARLIC,Mexican cuisine,normal,353
GARLIC,Middle Eastern cuisine,normal,353
GARLIC,Moroccan cuisine,normal,353
GARLIC,mushrooms,recommended,353
GARLIC,mustard,recommended,353
GARLIC,"oil: canola, peanut",normal,353
GARLIC,OLIVE OIL,very_highly_recommended,353
GARLIC,onions,recommended,353
GARLIC,oregano,normal,354
GARLIC,"paprika, esp. sweet",normal,354
GARLIC,"parsley, flat-leaf",normal,354
GARLIC,pasta and pasta sauces,normal,354
GARLIC,"pepper: black, white",normal,354
GARLIC,pesto (key ingredient),normal,354
GARLIC,pork,normal,354
GARLIC,potatoes,normal,354
GARLIC,rice,normal,354
GARLIC,rosemary,normal,354
GARLIC,saffron,normal,354
GARLIC,sage,normal,354
GARLIC,"salads (e.g., Caesar)",normal,354
GARLIC,salt,recommended,354
GARLIC,sauces,normal,354
GARLIC,shallots,normal,354
GARLIC,shellfish,normal,354
GARLIC,shrimp,normal,354
GARLIC,soups,normal,354
GARLIC,soy sauce,normal,354
GARLIC,spinach,normal,354
GARLIC,steak,normal,354
GARLIC,"stocks: chicken, vegetable",normal,354
GARLIC,sugar,normal,354
GARLIC,tarragon,normal,354
GARLIC,Thai cuisine,normal,354
GARLIC,thyme,normal,354
GARLIC,TOMATOES AND TOMATO SAUCE,very_highly_recommended,354
GARLIC,vegetables,normal,354
GARLIC,Vietnamese cuisine,normal,354
GARLIC,"VINEGAR, esp. balsamic, red wine",very_highly_recommended,354
GARLIC,"wine, white",normal,354
GARLIC,zucchini,normal,354
GEORGIAN CUISINE (RUSSIAN),fish,normal,354
GEORGIAN CUISINE (RUSSIAN),garlic,normal,354
GEORGIAN CUISINE (RUSSIAN),meats,normal,354
GEORGIAN CUISINE (RUSSIAN),"pepper, red ground",normal,354
GEORGIAN CUISINE (RUSSIAN),pickles,normal,354
GEORGIAN CUISINE (RUSSIAN),pomegranates,normal,354
GEORGIAN CUISINE (RUSSIAN),vinegar,normal,354
GEORGIAN CUISINE (RUSSIAN),walnuts,normal,354
GERMAN CUISINE,allspice,normal,355
GERMAN CUISINE,anise,normal,355
GERMAN CUISINE,bay leaf,normal,355
GERMAN CUISINE,beer,normal,355
GERMAN CUISINE,"bread, rye",normal,355
GERMAN CUISINE,caraway seeds,recommended,355
GERMAN CUISINE,chives,normal,355
GERMAN CUISINE,cinnamon,normal,355
GERMAN CUISINE,"dill: seeds, weed",recommended,355
GERMAN CUISINE,fish,normal,355
GERMAN CUISINE,ginger,normal,355
GERMAN CUISINE,horseradish,normal,355
GERMAN CUISINE,juniper berries,normal,355
GERMAN CUISINE,mace,normal,355
GERMAN CUISINE,"meats, esp. with fruits",normal,355
GERMAN CUISINE,nutmeg,normal,355
GERMAN CUISINE,"paprika, sweet",normal,355
GERMAN CUISINE,parsley,normal,355
GERMAN CUISINE,"pepper, white",normal,355
GERMAN CUISINE,poppy seeds,normal,355
GERMAN CUISINE,pork,normal,355
GERMAN CUISINE,potatoes,normal,355
GERMAN CUISINE,sauerbraten,normal,355
GERMAN CUISINE,sauerkraut,normal,355
GERMAN CUISINE,sausages,normal,355
GERMAN CUISINE,sour cream,normal,355
GERMAN CUISINE,sugar,normal,355
GERMAN CUISINE,veal,normal,355
GERMAN CUISINE,vinegar,normal,355
GIN,apple brandy,normal,356
GIN,apricot brandy,normal,356
GIN,basil,normal,356
GIN,blackberries,normal,356
GIN,celery,normal,356
GIN,Champagne,normal,356
GIN,cilantro,normal,356
GIN,Cointreau,normal,356
GIN,cola,normal,356
GIN,cranberry juice,normal,356
GIN,cucumber,normal,356
GIN,Curaçao,normal,356
GIN,Earl Grey tea,normal,356
GIN,ginger,normal,356
GIN,HERBS,very_highly_recommended,356
GIN,honey,normal,356
GIN,lemon juice,normal,356
GIN,lime juice,normal,356
GIN,mint,normal,356
GIN,orange juice,recommended,356
GIN,oysters,normal,356
GIN,pomegranate,normal,356
GIN,pomegranate molasses,normal,356
GIN,rose geranium,normal,356
GIN,rosemary,normal,356
GIN,sage,normal,356
GIN,sugar,normal,356
GIN,TONIC,very_highly_recommended,356
GINGER,allspice,normal,357
GINGER,almonds,normal,357
GINGER,anise,normal,357
GINGER,apples,recommended,357
GINGER,apricots,normal,357
GINGER,Arabic cuisine,normal,357
GINGER,ASIAN CUISINES,very_highly_recommended,357
GINGER,bananas,normal,357
GINGER,basil,recommended,357
GINGER,bay leaf,normal,357
GINGER,beef,normal,357
GINGER,"bell peppers, red",normal,357
GINGER,beverages,recommended,357
GINGER,butter,normal,357
GINGER,caramel,normal,357
GINGER,cardamom,normal,357
GINGER,carrots,normal,357
GINGER,cashews,normal,357
GINGER,celery,normal,357
GINGER,"cheese, ricotta",normal,357
GINGER,chicken,recommended,358
GINGER,"chile peppers, esp. jalapeño",recommended,358
GINGER,CHINESE CUISINE,very_highly_recommended,358
GINGER,"chocolate, esp. dark, white",recommended,358
GINGER,cilantro,recommended,358
GINGER,cinnamon,recommended,358
GINGER,citrus,normal,358
GINGER,cloves,normal,358
GINGER,coconut,normal,358
GINGER,coriander,normal,358
GINGER,crab,normal,358
GINGER,cranberries,normal,358
GINGER,CREAM AND ICE CREAM,very_highly_recommended,358
GINGER,cumin,recommended,358
GINGER,CURRIES,very_highly_recommended,358
GINGER,custards,normal,358
GINGER,duck,normal,358
GINGER,eggplant,normal,358
GINGER,European cuisines,normal,358
GINGER,fennel,normal,358
GINGER,figs,normal,358
GINGER,FISH,very_highly_recommended,358
GINGER,fish sauce,normal,358
GINGER,five-spice powder (key ingredient),normal,358
GINGER,garlic,recommended,358
GINGER,grapefruit,normal,358
GINGER,guava,normal,358
GINGER,hazelnuts,normal,358
GINGER,Ginger-Honey Gelato,recommended,358
GINGER,"Ginger-Lemon Drink: Ginger, Lemon, Sugar, Salt, and Pepper",recommended,358
GINGER,HONEY,very_highly_recommended,358
GINGER,"Indian cuisine, esp. curries",normal,358
GINGER,Indonesian cuisine,normal,358
GINGER,JAPANESE CUISINE,very_highly_recommended,358
GINGER,kaffir lime leaves,normal,358
GINGER,Korean cuisine,normal,358
GINGER,kumquats,normal,358
GINGER,lamb,normal,358
GINGER,lavender,normal,359
GINGER,leeks,normal,359
GINGER,lemon,recommended,359
GINGER,lemongrass,recommended,359
GINGER,"lemon herbs (e.g., balm, thyme, verbena)",normal,359
GINGER,"LIME, JUICE",very_highly_recommended,359
GINGER,lobster,normal,359
GINGER,lychees,normal,359
GINGER,mangoes,normal,359
GINGER,maple syrup,normal,359
GINGER,marinades,normal,359
GINGER,mascarpone,normal,359
GINGER,meats,normal,359
GINGER,melon,normal,359
GINGER,Middle Eastern cuisine,normal,359
GINGER,mint,recommended,359
GINGER,molasses,recommended,359
GINGER,Moroccan cuisine,normal,359
GINGER,mushrooms,normal,359
GINGER,mussels,normal,359
GINGER,noodles and noodle dishes,normal,359
GINGER,North African cuisine,normal,359
GINGER,nutmeg,normal,359
GINGER,oats,normal,359
GINGER,"oil: canola, grapeseed",normal,359
GINGER,olive oil,normal,359
GINGER,"onions, esp. red",normal,359
GINGER,orange,normal,359
GINGER,papaya,normal,359
GINGER,passion fruit,recommended,359
GINGER,peaches,normal,359
GINGER,peanuts,normal,359
GINGER,pears,recommended,359
GINGER,"pepper, white",normal,359
GINGER,persimmons,normal,359
GINGER,pineapple,normal,359
GINGER,plums,normal,359
GINGER,pork,normal,359
GINGER,prunes,normal,359
GINGER,pumpkin,normal,359
GINGER,quince,normal,359
GINGER,raisins,normal,359
GINGER,raspberries,normal,359
GINGER,rhubarb,normal,359
GINGER,rice,normal,359
GINGER,"rum, esp. dark",recommended,360
GINGER,saffron,normal,360
GINGER,salad dressings,normal,360
GINGER,"salads, esp. Asian",normal,360
GINGER,"salt, kosher",normal,360
GINGER,sauces,normal,360
GINGER,SCALLIONS,very_highly_recommended,360
GINGER,scallops,normal,360
GINGER,sesame oil,recommended,360
GINGER,shallots,normal,360
GINGER,shellfish,recommended,360
GINGER,shrimp,recommended,360
GINGER,soups,recommended,360
GINGER,SOY SAUCE,very_highly_recommended,360
GINGER,star anise,normal,360
GINGER,steak,normal,360
GINGER,stews,normal,360
GINGER,"stocks: beef, chicken",normal,360
GINGER,strawberries,normal,360
GINGER,"SUGAR: white, brown",recommended,360
GINGER,sushi and sashimi,normal,360
GINGER,sweet potatoes,normal,360
GINGER,Tabasco sauce,normal,360
GINGER,tamarind,normal,360
GINGER,tarragon,normal,360
GINGER,tea,normal,360
GINGER,Thai cuisine,normal,360
GINGER,tomatoes,normal,360
GINGER,turmeric,recommended,360
GINGER,vanilla,normal,360
GINGER,vegetables,normal,360
GINGER,verbena,normal,360
GINGER,Vietnamese cuisine,normal,360
GINGER,"VINEGAR: champagne, cider, rice wine",recommended,360
GINGER,walnuts,normal,360
GINGER,"wasabi (e.g., with seafood)",normal,360
GINGER,"wine, sweet",normal,360
GINGER,yogurt,normal,360
GINGER,yuzu,normal,360
"GINGER, GROUND",Asian cuisine,normal,361
"GINGER, GROUND","baked goods (e.g., breads, cakes, cookies)",recommended,361
"GINGER, GROUND",bananas,normal,361
"GINGER, GROUND",beverages,normal,361
"GINGER, GROUND",cardamom,normal,361
"GINGER, GROUND",carrots,recommended,361
"GINGER, GROUND",chicken,normal,361
"GINGER, GROUND",chocolate,normal,361
"GINGER, GROUND",chutneys,normal,361
"GINGER, GROUND",cinnamon,normal,361
"GINGER, GROUND",cloves,normal,361
"GINGER, GROUND",couscous,normal,361
"GINGER, GROUND",cream and ice cream,normal,361
"GINGER, GROUND",desserts,recommended,361
"GINGER, GROUND","puree, which gives it heat and backbone.",normal,361
"GINGER, GROUND",Gingersnap-Lemon Ice Cream Sandwiches,recommended,361
"GINGER, GROUND",ginger are a perfect flavor combination.,normal,362
"GINGER, GROUND",fruits,recommended,362
"GINGER, GROUND",gingerbread (key ingredient),recommended,362
"GINGER, GROUND",ham,normal,362
"GINGER, GROUND",honey,normal,362
"GINGER, GROUND",lemon,recommended,362
"GINGER, GROUND","meats, esp. braised or stewed",normal,362
"GINGER, GROUND",melon,normal,362
"GINGER, GROUND",Moroccan cuisine,normal,362
"GINGER, GROUND",nutmeg,normal,362
"GINGER, GROUND",nuts,normal,362
"GINGER, GROUND",onions,normal,362
"GINGER, GROUND",oranges,normal,362
"GINGER, GROUND",paprika,normal,362
"GINGER, GROUND",peaches,normal,362
"GINGER, GROUND",pears,normal,362
"GINGER, GROUND",pepper,normal,362
"GINGER, GROUND",pineapple,normal,362
"GINGER, GROUND",pork,normal,362
"GINGER, GROUND",pumpkin,recommended,362
"GINGER, GROUND",rice,normal,362
"GINGER, GROUND",saffron,normal,362
"GINGER, GROUND","squash, winter",recommended,362
"GINGER, GROUND",stewed dishes,recommended,362
"GINGER, GROUND",sweet potatoes,normal,362
"GINGER, GROUND",tea,normal,362
"GINGER, GROUND",tomatoes,normal,362
GRAPEFRUIT,arugula,normal,362
GRAPEFRUIT,asparagus,normal,362
GRAPEFRUIT,avocado,recommended,362
GRAPEFRUIT,bananas,normal,363
GRAPEFRUIT,"butter, unsalted",normal,363
GRAPEFRUIT,Campari,recommended,363
GRAPEFRUIT,caramel,normal,363
GRAPEFRUIT,cashews,normal,363
GRAPEFRUIT,ceviche,normal,363
GRAPEFRUIT,Champagne,recommended,363
GRAPEFRUIT,chicken,normal,363
GRAPEFRUIT,coconut,normal,363
GRAPEFRUIT,crab,recommended,363
GRAPEFRUIT,crème fraîche,normal,363
GRAPEFRUIT,"fish, esp. grilled",normal,363
GRAPEFRUIT,fromage blanc,normal,363
GRAPEFRUIT,gin,normal,363
GRAPEFRUIT,"ginger, fresh",recommended,363
GRAPEFRUIT,Grand Marnier,normal,363
GRAPEFRUIT,grenadine syrup,normal,363
GRAPEFRUIT,hazelnuts,normal,363
GRAPEFRUIT,honey,recommended,363
GRAPEFRUIT,lemon,recommended,363
GRAPEFRUIT,lime,recommended,363
GRAPEFRUIT,macadamia nuts,normal,363
GRAPEFRUIT,melons,normal,363
GRAPEFRUIT,meringue,normal,363
GRAPEFRUIT,"mint, fresh",recommended,363
GRAPEFRUIT,miso,normal,363
GRAPEFRUIT,olive oil,normal,363
GRAPEFRUIT,"onions, esp. spring",normal,363
GRAPEFRUIT,orange,normal,363
GRAPEFRUIT,papaya,normal,363
GRAPEFRUIT,pecans,normal,363
GRAPEFRUIT,pineapple,normal,363
GRAPEFRUIT,pomegranate,recommended,363
GRAPEFRUIT,poppy seeds,normal,363
GRAPEFRUIT,port,normal,363
GRAPEFRUIT,raspberries,normal,363
GRAPEFRUIT,rum,normal,363
GRAPEFRUIT,"salads, esp. fruit",normal,363
GRAPEFRUIT,salmon,normal,363
GRAPEFRUIT,seafood,normal,363
GRAPEFRUIT,seaweed,normal,363
GRAPEFRUIT,shrimp,normal,363
GRAPEFRUIT,sorbet,normal,363
GRAPEFRUIT,star anise,normal,363
GRAPEFRUIT,strawberries,normal,363
GRAPEFRUIT,"SUGAR: brown, white",recommended,364
GRAPEFRUIT,tarragon,normal,364
GRAPEFRUIT,tequila,normal,364
GRAPEFRUIT,tomatoes,normal,364
GRAPEFRUIT,vanilla,normal,364
GRAPEFRUIT,vinaigrette,normal,364
GRAPEFRUIT,"vinegar, champagne",normal,364
GRAPEFRUIT,vodka,normal,364
GRAPEFRUIT,walnuts,normal,364
GRAPEFRUIT,watercress,normal,364
GRAPEFRUIT,"wine, sparkling, white",normal,364
GRAPEFRUIT,yogurt,normal,364
GRAPES,almonds,recommended,364
GRAPES,apples,normal,365
GRAPES,arugula,normal,365
GRAPES,brandy,normal,365
GRAPES,cayenne,normal,365
GRAPES,"CHEESE, esp. blue, cow’s milk, goat’s milk",very_highly_recommended,365
GRAPES,chicken,normal,365
GRAPES,"chocolate, white",normal,365
GRAPES,cognac,normal,365
GRAPES,cream,normal,365
GRAPES,cumin,normal,365
GRAPES,curry,normal,365
GRAPES,curry leaf,normal,365
GRAPES,duck,normal,365
GRAPES,endive,normal,365
GRAPES,fennel seeds,normal,365
GRAPES,fish,normal,365
GRAPES,"game, esp. roasted",normal,365
GRAPES,garlic,normal,365
GRAPES,hazelnuts,normal,365
GRAPES,honey,normal,365
GRAPES,lemon,recommended,365
GRAPES,mint,normal,365
GRAPES,mustard seeds,normal,365
GRAPES,olive oil,normal,365
GRAPES,paprika,normal,365
GRAPES,pears,normal,365
GRAPES,pecans,normal,365
GRAPES,pistachios,normal,365
GRAPES,"pork, esp. roasted",normal,365
GRAPES,"poultry, esp. roasted",normal,365
GRAPES,raspberries,normal,365
GRAPES,rice,normal,365
GRAPES,rosemary,normal,365
GRAPES,rum,normal,365
GRAPES,"salads, esp. chicken, fruit, tuna, Waldorf",normal,365
GRAPES,salt,recommended,365
GRAPES,sour cream,normal,365
GRAPES,strawberries,normal,365
GRAPES,sugar,recommended,365
GRAPES,"vinegar, sherry",normal,365
GRAPES,walnuts,recommended,365
GRAPES,"wine: red, white",normal,365
GRAPES,yogurt,normal,365
GREEK CUISINE,allspice,normal,366
GREEK CUISINE,anise,normal,366
GREEK CUISINE,basil,normal,366
GREEK CUISINE,bay leaf,normal,366
GREEK CUISINE,beef,normal,366
GREEK CUISINE,bell peppers,normal,366
GREEK CUISINE,"CHEESE: FETA, goat, sheep",recommended,366
GREEK CUISINE,chicken,normal,366
GREEK CUISINE,cinnamon,recommended,366
GREEK CUISINE,cloves,normal,366
GREEK CUISINE,custard,normal,366
GREEK CUISINE,dill,normal,366
GREEK CUISINE,eggplant,recommended,366
GREEK CUISINE,eggs,normal,366
GREEK CUISINE,fennel,normal,366
GREEK CUISINE,figs,normal,366
GREEK CUISINE,"fish, esp. grilled",normal,366
GREEK CUISINE,GARLIC,very_highly_recommended,366
GREEK CUISINE,grape leaves,normal,366
GREEK CUISINE,honey,normal,366
GREEK CUISINE,kebabs,normal,366
GREEK CUISINE,juice from the grapes. The sorbet was awesome!,normal,366
GREEK CUISINE,LAMB,very_highly_recommended,366
GREEK CUISINE,LEMON,very_highly_recommended,366
GREEK CUISINE,"meats, esp. grilled, roasted",normal,366
GREEK CUISINE,mint,normal,366
GREEK CUISINE,nutmeg,normal,366
GREEK CUISINE,nuts,normal,366
GREEK CUISINE,octopus,normal,366
GREEK CUISINE,OLIVE OIL,very_highly_recommended,366
GREEK CUISINE,olives,normal,366
GREEK CUISINE,onions,normal,367
GREEK CUISINE,oregano,recommended,367
GREEK CUISINE,parsley,normal,367
GREEK CUISINE,phyllo dough,normal,367
GREEK CUISINE,pine nuts,normal,367
GREEK CUISINE,pita bread,normal,367
GREEK CUISINE,pork,normal,367
GREEK CUISINE,raisins,normal,367
GREEK CUISINE,rice,normal,367
GREEK CUISINE,"salads, esp. with mint",normal,367
GREEK CUISINE,shellfish,normal,367
GREEK CUISINE,spinach,normal,367
GREEK CUISINE,thyme,normal,367
GREEK CUISINE,tomatoes,recommended,367
GREEK CUISINE,yogurt,normal,367
GREEK CUISINE,zucchini,normal,367
GREENS — IN GENERAL,allspice,normal,368
GREENS — IN GENERAL,arugula,normal,368
GREENS — IN GENERAL,bacon,recommended,368
GREENS — IN GENERAL,basil,normal,368
GREENS — IN GENERAL,butter,normal,368
GREENS — IN GENERAL,caraway seeds,normal,368
GREENS — IN GENERAL,celery or celery seeds,normal,368
GREENS — IN GENERAL,"CHEESE, esp. grated (e.g., Asiago, Jack, Parmesan)",very_highly_recommended,368
GREENS — IN GENERAL,chicory,normal,368
GREENS — IN GENERAL,chili sauce,recommended,368
GREENS — IN GENERAL,coriander,normal,368
GREENS — IN GENERAL,corn,normal,368
GREENS — IN GENERAL,curry,normal,368
GREENS — IN GENERAL,dill,normal,368
GREENS — IN GENERAL,"eggs, esp. hard-boiled",normal,368
GREENS — IN GENERAL,fennel,normal,368
GREENS — IN GENERAL,GARLIC,very_highly_recommended,368
GREENS — IN GENERAL,ginger,normal,368
GREENS — IN GENERAL,ham,normal,368
GREENS — IN GENERAL,horseradish,normal,368
GREENS — IN GENERAL,leeks,normal,368
GREENS — IN GENERAL,legumes,normal,368
GREENS — IN GENERAL,"lemon, juice",normal,368
GREENS — IN GENERAL,mushrooms,normal,368
GREENS — IN GENERAL,"mustard, Dijon",normal,368
GREENS — IN GENERAL,nutmeg,normal,368
GREENS — IN GENERAL,"nuts, toasted",normal,368
GREENS — IN GENERAL,"oil: mustard, nut, peanut, sesame",normal,368
GREENS — IN GENERAL,OLIVE OIL,very_highly_recommended,368
GREENS — IN GENERAL,"onions, green",recommended,368
GREENS — IN GENERAL,oregano,normal,368
GREENS — IN GENERAL,paprika,normal,368
GREENS — IN GENERAL,parsley,normal,368
GREENS — IN GENERAL,pasta,normal,368
GREENS — IN GENERAL,peaches,normal,368
GREENS — IN GENERAL,pears,normal,368
GREENS — IN GENERAL,pomegranates,normal,368
GREENS — IN GENERAL,"potatoes, esp. new and/or red",recommended,368
GREENS — IN GENERAL,red pepper flakes,normal,368
GREENS — IN GENERAL,rice,normal,368
GREENS — IN GENERAL,sage,normal,368
GREENS — IN GENERAL,salads,normal,368
GREENS — IN GENERAL,"salt, kosher",normal,368
GREENS — IN GENERAL,savory,normal,368
GREENS — IN GENERAL,sesame seeds,normal,369
GREENS — IN GENERAL,"shellfish: oysters, esp. fried, shrimp",normal,369
GREENS — IN GENERAL,sweet potatoes,normal,369
GREENS — IN GENERAL,Tabasco sauce,normal,369
GREENS — IN GENERAL,tarragon,normal,369
GREENS — IN GENERAL,thyme,normal,369
GREENS — IN GENERAL,tomatoes,normal,369
GREENS — IN GENERAL,"VINEGAR: balsamic, red wine",recommended,369
"GREENS, COLLARD",bacon,recommended,369
"GREENS, COLLARD",black-eyed peas,normal,369
"GREENS, COLLARD",brown butter,normal,369
"GREENS, COLLARD","cheese, Parmesan",normal,369
"GREENS, COLLARD",garlic,normal,369
"GREENS, COLLARD",ham hocks,normal,369
"GREENS, COLLARD",mustard seeds,normal,369
"GREENS, COLLARD","oil: peanut, vegetable",normal,369
"GREENS, COLLARD","onions, yellow",recommended,369
"GREENS, COLLARD",oregano,normal,369
"GREENS, COLLARD","pepper, black",normal,369
"GREENS, COLLARD",red pepper flakes,normal,369
"GREENS, COLLARD",salt,recommended,369
"GREENS, COLLARD",salt pork,recommended,369
"GREENS, COLLARD",soul food cuisine,normal,369
"GREENS, COLLARD",Southern cuisine (American),normal,369
"GREENS, COLLARD",tomatoes,normal,369
"GREENS, COLLARD","vinegar, cider",normal,370
"GREENS, DANDELION",anchovies,normal,370
"GREENS, DANDELION",bacon,normal,370
"GREENS, DANDELION",garlic,normal,370
"GREENS, DANDELION","mustard, Dijon",normal,370
"GREENS, DANDELION","oil, peanut",normal,370
"GREENS, DANDELION",onions,normal,370
"GREENS, DANDELION","pepper, ground",normal,370
"GREENS, DANDELION",salads,normal,370
"GREENS, DANDELION",salt,normal,370
"GREENS, DANDELION",vinegar,normal,370
"GREENS, MUSTARD",Asian cuisine,normal,370
"GREENS, MUSTARD",bacon,normal,370
"GREENS, MUSTARD",black-eyed peas,normal,370
"GREENS, MUSTARD",Chinese cuisine,normal,370
"GREENS, MUSTARD",ham hocks,normal,370
"GREENS, MUSTARD","oil, sesame",normal,370
"GREENS, MUSTARD",olive oil,normal,370
"GREENS, MUSTARD",onions,normal,370
"GREENS, MUSTARD",prosciutto,normal,370
"GREENS, MUSTARD",salads,normal,370
"GREENS, MUSTARD",Southern cuisine (American),recommended,370
"GREENS, MUSTARD",soy sauce,normal,370
"GREENS, SALAD",bacon,normal,371
"GREENS, SALAD",cheese,normal,371
"GREENS, SALAD",croutons,normal,371
"GREENS, SALAD","fruit: apples, pears",normal,371
"GREENS, SALAD",garlic,normal,371
"GREENS, SALAD",olive oil,normal,371
"GREENS, SALAD","pepper, black",normal,371
"GREENS, SALAD",salt,normal,371
"GREENS, SALAD","vinegar: red wine, sherry",normal,371
"GREENS, SALAD",careful not to leach it of its life!,normal,371
"GREENS, TURNIP",bacon,normal,371
"GREENS, TURNIP",black-eyed peas,normal,371
"GREENS, TURNIP",eggs,normal,371
"GREENS, TURNIP",ham hocks,normal,371
"GREENS, TURNIP",onions,normal,371
"GREENS, TURNIP",Turnip Green and Onion Soup with Poached Egg,recommended,371
GRILLED DISHES,artichokes,normal,372
GRILLED DISHES,asparagus,normal,372
GRILLED DISHES,bell peppers,normal,372
GRILLED DISHES,chicken,normal,372
GRILLED DISHES,"corn, esp. on the cob",normal,372
GRILLED DISHES,eggplant,normal,372
GRILLED DISHES,endive,normal,372
GRILLED DISHES,fennel,normal,372
GRILLED DISHES,"fish, whole",normal,372
GRILLED DISHES,garlic,normal,372
GRILLED DISHES,hamburgers,normal,372
GRILLED DISHES,hot dogs,normal,372
GRILLED DISHES,"lamb: butterflied, chops",normal,372
GRILLED DISHES,lobster,normal,372
GRILLED DISHES,mushrooms,normal,372
GRILLED DISHES,onions,normal,372
GRILLED DISHES,pineapple,normal,372
GRILLED DISHES,"pork: chops, loin",normal,372
GRILLED DISHES,salmon,normal,372
GRILLED DISHES,sausages,normal,372
GRILLED DISHES,"shrimp, esp. skewered",normal,372
GRILLED DISHES,"squash, summer",normal,372
GRILLED DISHES,steaks,normal,372
GRILLED DISHES,swordfish,normal,372
GRILLED DISHES,tomatoes,normal,372
GRILLED DISHES,tuna,normal,372
GRILLED DISHES,turkey: breasts,normal,372
GRILLED DISHES,"veal: chops, steaks",normal,372
GRILLED DISHES,zucchini,normal,372
GRITS,"cheese: cheddar, Parmesan",normal,372
GRITS,corn,normal,372
GRITS,cream,recommended,372
GRITS,garlic,recommended,372
GRITS,mascarpone,normal,372
GRITS,nutmeg,normal,372
GRITS,"pepper, black",normal,372
GRITS,salt,recommended,372
GRITS,"sausage, andouille",normal,372
GRITS,shrimp (to accompany),recommended,372
GRITS,Southern cuisine (American),normal,372
GROUPER,almonds,normal,373
GROUPER,anchovies,normal,373
GROUPER,artichokes,normal,373
GROUPER,bacon,normal,373
GROUPER,bay leaf,normal,373
GROUPER,"bell peppers, red",normal,373
GROUPER,bok choy,normal,373
GROUPER,butter,recommended,373
GROUPER,capers,normal,373
GROUPER,carrots,normal,373
GROUPER,cayenne,normal,373
GROUPER,celery,normal,373
GROUPER,"cheese, Asiago",normal,373
GROUPER,chervil,normal,373
GROUPER,"chile peppers, Anaheim",normal,373
GROUPER,chili sauce,normal,373
GROUPER,cucumber,normal,373
GROUPER,endive,normal,373
GROUPER,garlic,recommended,373
GROUPER,ginger,normal,373
GROUPER,"lemon, juice",recommended,373
GROUPER,"lime, juice",normal,373
GROUPER,Mediterranean cuisine,normal,373
GROUPER,"mushrooms, porcini",normal,373
GROUPER,"oil: corn, sesame, vegetable",recommended,373
GROUPER,olive oil,recommended,373
GROUPER,"olives, picholine",normal,373
GROUPER,"onions, white",recommended,373
GROUPER,oyster sauce,normal,373
GROUPER,"parsley, flat-leaf",recommended,373
GROUPER,"pepper: black, white",recommended,373
GROUPER,port,normal,373
GROUPER,rosemary,normal,373
GROUPER,sage,normal,373
GROUPER,"salt, sea",normal,373
GROUPER,"sesame, seeds",recommended,373
GROUPER,shallots,normal,373
GROUPER,soy sauce,normal,374
GROUPER,"stocks: chicken, fish, pork",recommended,374
GROUPER,tarragon,recommended,374
GROUPER,thyme,recommended,374
GROUPER,tomatoes,recommended,374
GROUPER,"vermouth, dry",normal,374
GROUPER,"vinegar: balsamic, sherry",normal,374
GROUPER,"wine: red, white",recommended,374
GROUPER,zucchini,normal,374
GUAVAS,BANANAS,very_highly_recommended,374
GUAVAS,cashews,normal,374
GUAVAS,cheese,normal,374
GUAVAS,"chocolate, white",normal,374
GUAVAS,coconut,recommended,374
GUAVAS,cream,normal,374
GUAVAS,cream cheese,recommended,374
GUAVAS,curry powder,normal,374
GUAVAS,ginger,normal,374
GUAVAS,ham,normal,374
GUAVAS,honey,recommended,374
GUAVAS,lemon,recommended,374
GUAVAS,"lime, juice",recommended,374
GUAVAS,macadamia nuts,normal,374
GUAVAS,mascarpone,normal,374
GUAVAS,"oil, vegetable",normal,374
GUAVAS,"onions, yellow",normal,374
GUAVAS,orange,recommended,374
GUAVAS,passion fruit,normal,374
GUAVAS,pineapple,normal,374
GUAVAS,pork,normal,374
GUAVAS,poultry,normal,374
GUAVAS,raisins,normal,374
GUAVAS,rum,normal,374
GUAVAS,"salads, fruit",normal,374
GUAVAS,sauces,normal,374
GUAVAS,strawberries,recommended,374
GUAVAS,"sugar: brown, white",recommended,375
GUAVAS,vanilla,recommended,375
GUAVAS,"vinegar, white",normal,375
HALIBUT,aioli (sauce),normal,376
HALIBUT,almonds,normal,376
HALIBUT,anchovies,normal,376
HALIBUT,"apples: cider, fruit, juice",normal,376
HALIBUT,artichokes,recommended,376
HALIBUT,arugula,normal,376
HALIBUT,asparagus,recommended,376
HALIBUT,bacon,normal,376
HALIBUT,basil,recommended,376
HALIBUT,"beans: black, fava, haricots verts",normal,376
HALIBUT,"bell peppers: red, yellow",normal,376
HALIBUT,bok choy,normal,376
HALIBUT,"butter, unsalted",recommended,376
HALIBUT,capers,normal,376
HALIBUT,cardamom,normal,376
HALIBUT,carrots and carrot juice,normal,376
HALIBUT,cayenne,recommended,376
HALIBUT,celery,recommended,376
HALIBUT,celery root,recommended,376
HALIBUT,chamomile,normal,376
HALIBUT,chard,normal,376
HALIBUT,chervil,recommended,376
HALIBUT,chicory,normal,376
HALIBUT,"chile peppers: dried red, fresh green",normal,376
HALIBUT,chives,recommended,376
HALIBUT,cilantro,recommended,376
HALIBUT,clams,normal,376
HALIBUT,coriander,recommended,376
HALIBUT,cornichons,normal,376
HALIBUT,couscous,normal,376
HALIBUT,cream,normal,376
HALIBUT,cucumber,normal,376
HALIBUT,cumin,normal,376
HALIBUT,curry powder,normal,376
HALIBUT,dill,normal,376
HALIBUT,endive,normal,377
HALIBUT,fennel,recommended,377
HALIBUT,fennel seeds,normal,377
HALIBUT,fenugreek seeds,normal,377
HALIBUT,frisée,normal,377
HALIBUT,garam masala,normal,377
HALIBUT,GARLIC,very_highly_recommended,377
HALIBUT,"ginger, ground",recommended,377
HALIBUT,grapefruit,normal,377
HALIBUT,hazelnuts,normal,377
HALIBUT,horseradish,normal,377
HALIBUT,kohlrabi,normal,377
HALIBUT,leeks,recommended,377
HALIBUT,"LEMON: juice, preserved",recommended,377
HALIBUT,lemon balm,normal,377
HALIBUT,"lime, juice",recommended,377
HALIBUT,lovage,normal,377
HALIBUT,mint,normal,377
HALIBUT,"mushrooms, esp. oyster, porcini, portobello, shiitake",recommended,377
HALIBUT,mussels,normal,377
HALIBUT,"mustard: Dijon, dry, grainy",recommended,377
HALIBUT,"OIL: canola, grapeseed",recommended,377
HALIBUT,olive oil,recommended,377
HALIBUT,"olives: black, niçoise",normal,377
HALIBUT,"onions, esp. pearl, red, spring",recommended,377
HALIBUT,paprika,normal,377
HALIBUT,"PARSLEY, flat-leaf",recommended,377
HALIBUT,parsnips,normal,377
HALIBUT,"pepper: black, white",recommended,377
HALIBUT,"potatoes, esp. new (e.g., fried, mashed)",recommended,377
HALIBUT,pumpkin seeds,normal,377
HALIBUT,red pepper flakes,normal,377
HALIBUT,rhubarb,normal,377
HALIBUT,rosemary,recommended,377
HALIBUT,saffron,normal,377
HALIBUT,"salt: kosher, sea",recommended,377
HALIBUT,savory,normal,377
HALIBUT,scallions,recommended,377
HALIBUT,"sesame seeds: black, white",normal,377
HALIBUT,SHALLOTS,very_highly_recommended,377
HALIBUT,sorrel,normal,377
HALIBUT,spearmint,normal,377
HALIBUT,spinach,normal,377
HALIBUT,"stocks: chicken, fish",recommended,377
HALIBUT,sugar (pinch),normal,377
HALIBUT,tamarind,normal,378
HALIBUT,tapanade,normal,378
HALIBUT,tarragon,normal,378
HALIBUT,thyme,recommended,378
HALIBUT,tomatoes and tomato sauce,recommended,378
HALIBUT,turmeric,normal,378
HALIBUT,vinaigrette,normal,378
HALIBUT,"vinegar: balsamic, sherry",recommended,378
HALIBUT,walnuts,normal,378
HALIBUT,watercress,normal,378
HALIBUT,yogurt,normal,378
HALIBUT,zucchini,normal,378
HALIBUT,acidity to the dish to make it exciting.,normal,378
HALIBUT,Sauce,recommended,378
HALIBUT,Mushrooms,recommended,378
HALIBUT,"Halibut: Braised Tomato, Olives, Escarole, and Spring Salad",recommended,378
HALIBUT,Niçoise Olives,recommended,378
HALIBUT,"Alaskan Halibut, Potato, and Black Pepper Crust",recommended,378
HALIBUT,"Ramps, Favas, and English Peas",recommended,379
HALIBUT,Lemon Vinaigrette,recommended,379
HALIBUT,"Halibut, Kohlrabi, Celery, Verbena-Lime Emulsion",recommended,379
HALIBUT,"Peas, Butter, and Cilantro",recommended,379
HAM,allspice,normal,379
HAM,apples and applesauce,normal,379
HAM,arugula,normal,379
HAM,bacon,normal,380
HAM,bay leaf,normal,380
HAM,breakfast / brunch,normal,380
HAM,"butter, unsalted",normal,380
HAM,buttermilk,normal,380
HAM,cayenne,normal,380
HAM,"CHEESE: cheddar, Emmental, Fontina, Gruyère, Jack, manchego, mozzarella, Parmesan, Swiss",recommended,380
HAM,chestnuts,normal,380
HAM,chives,normal,380
HAM,cinnamon,normal,380
HAM,cloves,normal,380
HAM,corn,normal,380
HAM,cornmeal,normal,380
HAM,French cuisine,normal,380
HAM,eggs,normal,380
HAM,garlic,normal,380
HAM,greens,normal,380
HAM,honey,recommended,380
HAM,"Italian cuisine, esp. with prosciutto di Parma",normal,380
HAM,macaroni,normal,380
HAM,maple syrup,normal,380
HAM,mushrooms,normal,380
HAM,"mustard, Dijon",recommended,380
HAM,nutmeg,normal,380
HAM,olive oil,normal,380
HAM,"onions, red",normal,380
HAM,"orange, juice",normal,380
HAM,parsley,recommended,380
HAM,pears,normal,380
HAM,peas,normal,380
HAM,"pepper, black",normal,380
HAM,pine nuts,normal,380
HAM,potatoes,recommended,380
HAM,sage,normal,380
HAM,Raviolis of Virginia Country Ham and Fontina Cheese,recommended,380
HAM,"sauce, Mornay",normal,381
HAM,scallions,normal,381
HAM,Southern cuisine (American),normal,381
HAM,soy sauce,recommended,381
HAM,spinach,normal,381
HAM,"stock, chicken",normal,381
HAM,"sugar: brown, white",recommended,381
HAM,sweet potatoes,normal,381
HAM,tarragon,normal,381
HAM,thyme,recommended,381
HAM,"vinegar, balsamic",normal,381
HAM,"wine: dry sherry, Madeira red, white",recommended,381
"HAM, IBéRICO","cheese, pressed sheep’s milk (e.g., manchego)",normal,381
"HAM, SERRANO",asparagus,normal,381
"HAM, SERRANO","beans, green",normal,381
"HAM, SERRANO","cheese, manchego",normal,381
"HAM, SERRANO",olive oil,normal,381
"HAM, SERRANO","peppers, piquillo",normal,381
"HAM, SERRANO",Spanish cuisine,normal,381
"HAM, SERRANO",tomatoes,normal,381
HAZELNUTS,almonds,recommended,382
HAZELNUTS,apples,normal,382
HAZELNUTS,apricots,normal,382
HAZELNUTS,asparagus,normal,382
HAZELNUTS,bananas,normal,382
HAZELNUTS,beets,normal,382
HAZELNUTS,berries,normal,382
HAZELNUTS,"butter, unsalted",normal,382
HAZELNUTS,buttermilk,normal,382
HAZELNUTS,caramel,normal,382
HAZELNUTS,carrots,normal,382
HAZELNUTS,"cheese: feta, goat, Gruyère, ricotta, Taleggio",recommended,382
HAZELNUTS,cherries,normal,382
HAZELNUTS,chestnuts,normal,382
HAZELNUTS,"CHOCOLATE, esp. dark or white",very_highly_recommended,382
HAZELNUTS,cinnamon,normal,382
HAZELNUTS,cocoa powder,normal,382
HAZELNUTS,coffee / espresso,recommended,382
HAZELNUTS,cognac,normal,382
HAZELNUTS,cranberries,normal,382
HAZELNUTS,cream and ice cream,recommended,382
HAZELNUTS,cream cheese,normal,382
HAZELNUTS,custard,normal,382
HAZELNUTS,dates,normal,382
HAZELNUTS,figs,recommended,382
HAZELNUTS,garlic,normal,382
HAZELNUTS,ginger,normal,382
HAZELNUTS,grapefruit,normal,382
HAZELNUTS,grapes,normal,382
HAZELNUTS,hazelnut oil,recommended,382
HAZELNUTS,honey,recommended,382
HAZELNUTS,Kirsch,normal,382
HAZELNUTS,kiwi,normal,382
HAZELNUTS,lemon,normal,382
HAZELNUTS,"liqueur: almond (e.g., amaretto), hazelnut (e.g., Frangelico), orange",normal,382
HAZELNUTS,mango,normal,382
HAZELNUTS,maple syrup,normal,383
HAZELNUTS,mascarpone,normal,383
HAZELNUTS,mint,normal,383
HAZELNUTS,nectarines,normal,383
HAZELNUTS,nutmeg,normal,383
HAZELNUTS,oats,normal,383
HAZELNUTS,"orange: juice, zest",recommended,383
HAZELNUTS,pastries,normal,383
HAZELNUTS,peaches,normal,383
HAZELNUTS,pears,normal,383
HAZELNUTS,pecans,normal,383
HAZELNUTS,persimmons,normal,383
HAZELNUTS,plums,normal,383
HAZELNUTS,prunes,normal,383
HAZELNUTS,pumpkin,recommended,383
HAZELNUTS,quail,normal,383
HAZELNUTS,raisins,normal,383
HAZELNUTS,raspberries,normal,383
HAZELNUTS,rum,normal,383
HAZELNUTS,sauces,normal,383
HAZELNUTS,soups,normal,383
HAZELNUTS,strawberries,normal,383
HAZELNUTS,"sugar: brown, confectioner’s, granulated",recommended,383
HAZELNUTS,sweet potatoes,normal,383
HAZELNUTS,tea,normal,383
HAZELNUTS,VANILLA,very_highly_recommended,383
HAZELNUTS,vegetables,normal,383
HAZELNUTS,walnuts,normal,383
HAZELNUTS,"wine: red, sweet, white",normal,383
HERBES DE PROVENCE,"French cuisine, southern",recommended,383
HERBES DE PROVENCE,meats,normal,383
HERBES DE PROVENCE,"stews, esp. vegetable",normal,383
HERBES DE PROVENCE,vegetables,normal,383
HONEY,almonds,recommended,386
HONEY,apples,normal,386
HONEY,apricots,recommended,386
HONEY,"baked goods (e.g., biscuits, breads)",normal,386
HONEY,bananas,recommended,386
HONEY,brandy,normal,386
HONEY,butter,normal,386
HONEY,buttermilk,normal,386
HONEY,carrots,normal,386
HONEY,"cheese: goat, ricotta, soft",normal,386
HONEY,chestnuts,recommended,386
HONEY,chicken,recommended,386
HONEY,Chinese cuisine,normal,386
HONEY,"chocolate: dark, white",normal,386
HONEY,cinnamon,recommended,386
HONEY,coconut,normal,386
HONEY,coffee,normal,386
HONEY,cognac,normal,386
HONEY,CREAM AND ICE CREAM,very_highly_recommended,386
HONEY,"currants, red",normal,386
HONEY,dates,normal,386
HONEY,desserts,normal,386
HONEY,duck,normal,386
HONEY,"figs, esp. dried",recommended,386
HONEY,fruit,normal,386
HONEY,ginger,recommended,386
HONEY,grapefruit,normal,386
HONEY,grapes,normal,386
HONEY,Greek cuisine,normal,386
HONEY,guava,normal,386
HONEY,ham,normal,386
HONEY,hazelnuts,recommended,386
HONEY,kiwi fruit,normal,386
HONEY,kumquats,normal,386
HONEY,lamb,normal,386
HONEY,lavender,normal,386
HONEY,panna cotta would taste a little flat.,normal,387
HONEY,Lavender Honey-Roasted Pig with Spiced Banana Puree,recommended,387
HONEY,"LEMON: juice, zest",recommended,387
HONEY,"LIME, juice",recommended,387
HONEY,"liqueur, orange (e.g., Grand Marnier)",normal,387
HONEY,lychees,normal,387
HONEY,mascarpone,recommended,387
HONEY,melon,normal,387
HONEY,Middle Eastern cuisines,normal,387
HONEY,mint,normal,387
HONEY,Moroccan cuisine,normal,387
HONEY,mustard,recommended,387
HONEY,nutmeg,recommended,387
HONEY,NUTS,very_highly_recommended,387
HONEY,oats,normal,387
HONEY,"ORANGE: juice, zest",recommended,387
HONEY,papaya,normal,387
HONEY,pastries,normal,387
HONEY,peaches,normal,387
HONEY,peanuts,normal,387
HONEY,pears,normal,387
HONEY,pecans,normal,387
HONEY,persimmons,normal,387
HONEY,pineapple,normal,387
HONEY,pine nuts,normal,387
HONEY,pistachios,recommended,387
HONEY,plums,normal,387
HONEY,pomegranate,normal,388
HONEY,pork,normal,388
HONEY,prunes,normal,388
HONEY,pumpkin,normal,388
HONEY,quince,normal,388
HONEY,raisins,recommended,388
HONEY,raspberries,normal,388
HONEY,red pepper flakes,normal,388
HONEY,rhubarb,normal,388
HONEY,rum,normal,388
HONEY,sage,normal,388
HONEY,sauces,normal,388
HONEY,Southern cuisine,normal,388
HONEY,soy sauce,recommended,388
HONEY,"SUGAR: brown, white",recommended,388
HONEY,sweet potatoes,normal,388
HONEY,tea,normal,388
HONEY,tequila,normal,388
HONEY,thyme,normal,388
HONEY,Turkish cuisine,normal,388
HONEY,VANILLA,very_highly_recommended,388
HONEY,walnuts,recommended,388
HONEY,whiskey,normal,388
HONEY,"wine: red, white",normal,388
"HONEY, BLUEBERRY","cheese, esp. cheddar",normal,388
"HONEY, CHESTNUT","cheese, esp. goat, ricotta, triple crème",recommended,388
"HONEY, RASPBERRY","cheese, esp. cheddar",normal,388
HONEYDEW,basil,normal,389
HONEYDEW,blackberries,normal,389
HONEYDEW,cardamom,normal,389
HONEYDEW,Champagne,normal,389
HONEYDEW,chiles,normal,389
HONEYDEW,coconut milk,normal,389
HONEYDEW,coriander,normal,389
HONEYDEW,cream,normal,389
HONEYDEW,cumin,normal,389
HONEYDEW,figs,normal,389
HONEYDEW,Honeydew-Mint Sorbet with Fresh Blackberries,recommended,389
HONEYDEW,ginger,normal,389
HONEYDEW,grapefruit,normal,389
HONEYDEW,honey,normal,389
HONEYDEW,"lemon, juice",recommended,389
HONEYDEW,lemon basil,normal,389
HONEYDEW,lime,normal,389
HONEYDEW,"melon, cantaloupe",normal,389
HONEYDEW,milk,normal,389
HONEYDEW,mint,recommended,389
HONEYDEW,nectarines,normal,389
HONEYDEW,peaches,normal,389
HONEYDEW,red pepper flakes,normal,389
HONEYDEW,"pepper: black, white",normal,389
HONEYDEW,prosciutto,normal,389
HONEYDEW,ricotta cheese,normal,389
HONEYDEW,salt (pinch),normal,389
HONEYDEW,scallions,normal,389
HONEYDEW,strawberries,normal,389
HONEYDEW,sugar,normal,389
HONEYDEW,tarragon,normal,389
HONEYDEW,"wine, sweet",normal,390
HONEYDEW,yogurt,normal,390
HORSERADISH,Heat diminishes the pungency of horseradish.,normal,390
HORSERADISH,"apples, esp. Golden Delicious",recommended,390
HORSERADISH,apricots,normal,390
HORSERADISH,Austrian cuisine,normal,390
HORSERADISH,avocados,normal,390
HORSERADISH,"BEEF, ESP. CORNED OR ROAST",very_highly_recommended,390
HORSERADISH,beets,recommended,390
HORSERADISH,celery,normal,390
HORSERADISH,chicken,normal,390
HORSERADISH,chives,recommended,390
HORSERADISH,cinnamon,normal,390
HORSERADISH,cloves,normal,390
HORSERADISH,corn,normal,390
HORSERADISH,CREAM,very_highly_recommended,390
HORSERADISH,cream cheese,normal,390
HORSERADISH,crème fraîche,recommended,390
HORSERADISH,dill,recommended,390
HORSERADISH,Eastern European cuisine,normal,390
HORSERADISH,eggs,normal,390
HORSERADISH,fennel,normal,390
HORSERADISH,"fish, esp. oily, smoked",recommended,390
HORSERADISH,garlic,normal,390
HORSERADISH,German cuisine,normal,390
HORSERADISH,ham,normal,390
HORSERADISH,ketchup,normal,390
HORSERADISH,"lemon, juice",recommended,390
HORSERADISH,"lime, juice",normal,390
HORSERADISH,lobster,normal,390
HORSERADISH,mascarpone,normal,390
HORSERADISH,mayonnaise,recommended,390
HORSERADISH,"meats, esp. cold",recommended,391
HORSERADISH,mustard,recommended,391
HORSERADISH,olive oil,normal,391
HORSERADISH,oxtails,normal,391
HORSERADISH,oysters,recommended,391
HORSERADISH,parsley,normal,391
HORSERADISH,pears,normal,391
HORSERADISH,"pepper, black",normal,391
HORSERADISH,pork,recommended,391
HORSERADISH,potatoes,recommended,391
HORSERADISH,Russian cuisine,normal,391
HORSERADISH,salads,normal,391
HORSERADISH,salmon,normal,391
HORSERADISH,"salmon, smoked",normal,391
HORSERADISH,"salt: kosher, sea",recommended,391
HORSERADISH,sauces,normal,391
HORSERADISH,sausage,recommended,391
HORSERADISH,shellfish,normal,391
HORSERADISH,sour cream,recommended,391
HORSERADISH,steak,normal,391
HORSERADISH,sugar,recommended,391
HORSERADISH,Tabasco sauce,recommended,391
HORSERADISH,tomatoes and tomato paste,recommended,391
HORSERADISH,trout,normal,391
HORSERADISH,vinegar,recommended,391
HORSERADISH,walnuts,normal,391
HORSERADISH,Worcestershire sauce,normal,391
HORSERADISH,yogurt,recommended,391
HUNGARIAN CUISINE,bacon,normal,392
HUNGARIAN CUISINE,beef,normal,392
HUNGARIAN CUISINE,"bell peppers, green",normal,392
HUNGARIAN CUISINE,caraway seeds,normal,392
HUNGARIAN CUISINE,chile peppers,normal,392
HUNGARIAN CUISINE,garlic,normal,392
HUNGARIAN CUISINE,ham,normal,392
HUNGARIAN CUISINE,lard,recommended,392
HUNGARIAN CUISINE,mushrooms,normal,392
HUNGARIAN CUISINE,ONIONS,very_highly_recommended,392
HUNGARIAN CUISINE,PAPRIKA,very_highly_recommended,392
HUNGARIAN CUISINE,pork,normal,392
HUNGARIAN CUISINE,pork fat,normal,392
HUNGARIAN CUISINE,potatoes,normal,392
HUNGARIAN CUISINE,sausage,normal,392
HUNGARIAN CUISINE,SOUR CREAM,very_highly_recommended,392
HUNGARIAN CUISINE,tomatoes,normal,392
HUNGARIAN CUISINE,wheat,normal,392
HUNGARIAN CUISINE,"wine, esp. Tokaji Aszu",normal,392
HYSSOP,"beans, green",normal,393
HYSSOP,beef,normal,393
HYSSOP,beets,normal,393
HYSSOP,cabbage,normal,393
HYSSOP,carrots,normal,393
HYSSOP,chicken,normal,393
HYSSOP,cranberries,normal,393
HYSSOP,eggs,normal,393
HYSSOP,fruits,normal,393
HYSSOP,lamb,normal,393
HYSSOP,meats,normal,393
HYSSOP,parsley,normal,393
HYSSOP,pork,normal,393
HYSSOP,rice,normal,393
HYSSOP,rosemary,normal,393
HYSSOP,"salads: fruit, green",recommended,393
HYSSOP,"soups, esp. chicken",recommended,393
HYSSOP,stews,normal,393
HYSSOP,thyme,normal,393
HYSSOP,tomatoes,normal,393
HYSSOP,"turkey, esp. stuffed and roasted",normal,393
HYSSOP,vegetables,normal,393
HYSSOP,venison,normal,393
HYSSOP,flavors I like.,normal,393
INDIAN CUISINE,allspice,normal,395
INDIAN CUISINE,"almonds, esp. in desserts",normal,395
INDIAN CUISINE,anise,normal,395
INDIAN CUISINE,"breads, in the north",normal,395
INDIAN CUISINE,cardamom,recommended,395
INDIAN CUISINE,cauliflower,normal,395
INDIAN CUISINE,chicken,normal,395
INDIAN CUISINE,chile peppers,recommended,395
INDIAN CUISINE,"cilantro, esp. in the south",normal,395
INDIAN CUISINE,cinnamon,normal,395
INDIAN CUISINE,cloves,normal,395
INDIAN CUISINE,"coconut, esp. in the south and/or in desserts",normal,395
INDIAN CUISINE,coriander,recommended,395
INDIAN CUISINE,"cumin, esp. in the north",recommended,395
INDIAN CUISINE,CURRIES,very_highly_recommended,395
INDIAN CUISINE,curry leaf,normal,395
INDIAN CUISINE,eggplant,normal,395
INDIAN CUISINE,fenugreek,normal,395
INDIAN CUISINE,"garlic, esp. in the north",recommended,395
INDIAN CUISINE,ghee (clarified butter),normal,395
INDIAN CUISINE,"ginger, esp. in the north",recommended,395
INDIAN CUISINE,herbs,normal,395
INDIAN CUISINE,lamb,normal,395
INDIAN CUISINE,lentils,normal,395
INDIAN CUISINE,mint,normal,395
INDIAN CUISINE,"mustard seeds, esp. in the south",normal,395
INDIAN CUISINE,nutmeg,normal,395
INDIAN CUISINE,"oil: canola, grapeseed",normal,395
INDIAN CUISINE,paprika,normal,395
INDIAN CUISINE,peas,normal,395
INDIAN CUISINE,"pepper: black, white",normal,395
INDIAN CUISINE,"pistachios, esp. in desserts",normal,395
INDIAN CUISINE,poppy seeds,normal,395
INDIAN CUISINE,potatoes,normal,395
INDIAN CUISINE,"rice, basmati, esp. in the south",normal,395
INDIAN CUISINE,saffron,normal,395
INDIAN CUISINE,sage,normal,395
INDIAN CUISINE,SPICES,very_highly_recommended,395
INDIAN CUISINE,spinach,normal,395
INDIAN CUISINE,"tamarind, esp. in the south",normal,395
INDIAN CUISINE,TOMATOES,very_highly_recommended,395
INDIAN CUISINE,turmeric,recommended,396
INDIAN CUISINE,"vegetables, esp. in the south",recommended,396
INDIAN CUISINE,"wheat, esp. in the north",normal,396
INDIAN CUISINE,yogurt,normal,396
INDIAN CUISINE,"beef, for religious reasons, say some",avoid,396
INDIAN CUISINE,"pork, for religious reasons, say some",avoid,396
INDONESIAN CUISINE,chicken,normal,396
INDONESIAN CUISINE,chile peppers,normal,396
INDONESIAN CUISINE,coconut,recommended,396
INDONESIAN CUISINE,coriander,normal,396
INDONESIAN CUISINE,fish,normal,396
INDONESIAN CUISINE,garlic,normal,396
INDONESIAN CUISINE,grilled dishes,normal,396
INDONESIAN CUISINE,lemongrass,normal,396
INDONESIAN CUISINE,molasses,normal,396
INDONESIAN CUISINE,noodles,normal,396
INDONESIAN CUISINE,peanuts,normal,396
INDONESIAN CUISINE,pepper,normal,396
INDONESIAN CUISINE,rice,recommended,396
INDONESIAN CUISINE,shellfish,normal,396
INDONESIAN CUISINE,shrimp paste,normal,396
INDONESIAN CUISINE,soy sauce,normal,396
INDONESIAN CUISINE,"spices, esp. clove, nutmeg, pepper",normal,396
INDONESIAN CUISINE,stir-fried dishes,normal,396
INDONESIAN CUISINE,"sugar, brown",normal,396
INDONESIAN CUISINE,vegetables,normal,396
IRANIAN CUISINE (aka Persian Cuisine),apricots,normal,397
IRANIAN CUISINE (aka Persian Cuisine),basil,normal,397
IRANIAN CUISINE (aka Persian Cuisine),beans,normal,397
IRANIAN CUISINE (aka Persian Cuisine),chicken,normal,397
IRANIAN CUISINE (aka Persian Cuisine),cinnamon,normal,397
IRANIAN CUISINE (aka Persian Cuisine),dates,normal,397
IRANIAN CUISINE (aka Persian Cuisine),dill,normal,397
IRANIAN CUISINE (aka Persian Cuisine),duck,normal,397
IRANIAN CUISINE (aka Persian Cuisine),fish,normal,397
IRANIAN CUISINE (aka Persian Cuisine),garlic,normal,397
IRANIAN CUISINE (aka Persian Cuisine),herbs,normal,397
IRANIAN CUISINE (aka Persian Cuisine),kebabs,normal,397
IRANIAN CUISINE (aka Persian Cuisine),lamb,normal,397
IRANIAN CUISINE (aka Persian Cuisine),lime,normal,397
IRANIAN CUISINE (aka Persian Cuisine),meats,normal,397
IRANIAN CUISINE (aka Persian Cuisine),mint,normal,397
IRANIAN CUISINE (aka Persian Cuisine),nuts,normal,397
IRANIAN CUISINE (aka Persian Cuisine),onions,normal,397
IRANIAN CUISINE (aka Persian Cuisine),parsley,normal,397
IRANIAN CUISINE (aka Persian Cuisine),plums,normal,397
IRANIAN CUISINE (aka Persian Cuisine),pomegranates,normal,397
IRANIAN CUISINE (aka Persian Cuisine),prunes,normal,397
IRANIAN CUISINE (aka Persian Cuisine),raisins,normal,397
IRANIAN CUISINE (aka Persian Cuisine),rice,recommended,397
IRANIAN CUISINE (aka Persian Cuisine),saffron,normal,397
IRANIAN CUISINE (aka Persian Cuisine),stews,recommended,397
ITALIAN CUISINE — IN GENERAL,anchovies,normal,397
ITALIAN CUISINE — IN GENERAL,artichokes,normal,397
ITALIAN CUISINE — IN GENERAL,basil,recommended,397
ITALIAN CUISINE — IN GENERAL,beef,normal,397
ITALIAN CUISINE — IN GENERAL,bell peppers,normal,397
ITALIAN CUISINE — IN GENERAL,capers,normal,397
ITALIAN CUISINE — IN GENERAL,"cheese: mozzarella, Parmesan, pecorino, ricotta",recommended,397
ITALIAN CUISINE — IN GENERAL,chicken,normal,398
ITALIAN CUISINE — IN GENERAL,eggplant,normal,398
ITALIAN CUISINE — IN GENERAL,fennel,normal,398
ITALIAN CUISINE — IN GENERAL,fish,normal,398
ITALIAN CUISINE — IN GENERAL,garlic,recommended,398
ITALIAN CUISINE — IN GENERAL,grappa,normal,398
ITALIAN CUISINE — IN GENERAL,greens,normal,398
ITALIAN CUISINE — IN GENERAL,"honey, esp. in desserts",normal,398
ITALIAN CUISINE — IN GENERAL,"lemon, esp. in desserts",normal,398
ITALIAN CUISINE — IN GENERAL,Marsala,normal,398
ITALIAN CUISINE — IN GENERAL,"mascarpone, esp. in desserts",normal,398
ITALIAN CUISINE — IN GENERAL,mushrooms,normal,398
ITALIAN CUISINE — IN GENERAL,nuts,normal,398
ITALIAN CUISINE — IN GENERAL,olive oil,recommended,398
ITALIAN CUISINE — IN GENERAL,olives,normal,398
ITALIAN CUISINE — IN GENERAL,"orange and orange zest, esp. in desserts",normal,398
ITALIAN CUISINE — IN GENERAL,oregano,recommended,398
ITALIAN CUISINE — IN GENERAL,pancetta,normal,398
ITALIAN CUISINE — IN GENERAL,parsley,normal,398
ITALIAN CUISINE — IN GENERAL,pasta,recommended,398
ITALIAN CUISINE — IN GENERAL,pork,normal,398
ITALIAN CUISINE — IN GENERAL,prosciutto,normal,398
ITALIAN CUISINE — IN GENERAL,red pepper flakes,normal,398
ITALIAN CUISINE — IN GENERAL,rosemary,normal,398
ITALIAN CUISINE — IN GENERAL,"rum, esp. in desserts",normal,398
ITALIAN CUISINE — IN GENERAL,saffron,normal,398
ITALIAN CUISINE — IN GENERAL,sage,normal,398
ITALIAN CUISINE — IN GENERAL,sausage,normal,398
ITALIAN CUISINE — IN GENERAL,shellfish,normal,398
ITALIAN CUISINE — IN GENERAL,spinach,normal,398
ITALIAN CUISINE — IN GENERAL,thyme,normal,398
ITALIAN CUISINE — IN GENERAL,tomatoes and tomato sauces,recommended,398
ITALIAN CUISINE — IN GENERAL,veal,normal,398
ITALIAN CUISINE — IN GENERAL,"vinegar: balsamic, red wine",normal,398
ITALIAN CUISINE — IN GENERAL,wine,normal,398
ITALIAN CUISINE — IN GENERAL,zucchini,normal,398
"ITALIAN CUISINE, NORTHERN",asparagus,normal,399
"ITALIAN CUISINE, NORTHERN",basil,recommended,399
"ITALIAN CUISINE, NORTHERN",beans,recommended,399
"ITALIAN CUISINE, NORTHERN",butter,normal,399
"ITALIAN CUISINE, NORTHERN","cheeses, creamy and rich",normal,399
"ITALIAN CUISINE, NORTHERN",cream and cream-based sauces,recommended,399
"ITALIAN CUISINE, NORTHERN",cured meats,normal,399
"ITALIAN CUISINE, NORTHERN",fish,normal,399
"ITALIAN CUISINE, NORTHERN",goat,normal,399
"ITALIAN CUISINE, NORTHERN",hazelnuts,normal,399
"ITALIAN CUISINE, NORTHERN","lemon, juice",recommended,399
"ITALIAN CUISINE, NORTHERN",Marsala,normal,399
"ITALIAN CUISINE, NORTHERN",nuts,normal,399
"ITALIAN CUISINE, NORTHERN",beans,normal,399
"ITALIAN CUISINE, NORTHERN",pine nuts,normal,399
"ITALIAN CUISINE, NORTHERN",polenta,recommended,399
"ITALIAN CUISINE, NORTHERN",potatoes,normal,399
"ITALIAN CUISINE, NORTHERN",rice and risotto,recommended,399
"ITALIAN CUISINE, NORTHERN","truffles, white",normal,399
"ITALIAN CUISINE, NORTHERN","vinegar, esp. wine",recommended,399
"ITALIAN CUISINE, NORTHERN",wine,normal,399
"ITALIAN CUISINE, SOUTHERN",bell peppers,recommended,399
"ITALIAN CUISINE, SOUTHERN",chile peppers,normal,399
"ITALIAN CUISINE, SOUTHERN",cinnamon,normal,399
"ITALIAN CUISINE, SOUTHERN",eggplant,recommended,399
"ITALIAN CUISINE, SOUTHERN",fennel,normal,399
"ITALIAN CUISINE, SOUTHERN",garlic,recommended,399
"ITALIAN CUISINE, SOUTHERN",marjoram,normal,399
"ITALIAN CUISINE, SOUTHERN",nutmeg,normal,399
"ITALIAN CUISINE, SOUTHERN","olive oil, heavy",recommended,399
"ITALIAN CUISINE, SOUTHERN",oregano,recommended,399
"ITALIAN CUISINE, SOUTHERN","pasta, esp. tube-shaped and with tomato sauce",recommended,399
"ITALIAN CUISINE, SOUTHERN",pizza,recommended,399
"ITALIAN CUISINE, SOUTHERN",pork,normal,399
"ITALIAN CUISINE, SOUTHERN",raisins,normal,400
"ITALIAN CUISINE, SOUTHERN",red pepper flakes,normal,400
"ITALIAN CUISINE, SOUTHERN",sardines,normal,400
"ITALIAN CUISINE, SOUTHERN",sausage,normal,400
"ITALIAN CUISINE, SOUTHERN",tomatoes and tomato sauces,recommended,400
"ITALIAN CUISINE, SOUTHERN",flavors in Italy.,normal,400
"ITALIAN CUISINE, SOUTHERN",shaving the truffles on top.,normal,400
"ITALIAN CUISINE, SOUTHERN","anything less, and they are [still tough].",normal,400
"ITALIAN CUISINE, SOUTHERN",cheese and hazelnuts is it for me.,normal,401
"ITALIAN CUISINE, SOUTHERN","olive oil, marjoram, mint, or rosemary is it.",normal,401
JAMAICAN CUISINE,"jerked dishes (e.g., chicken)",normal,402
JAPANESE CUISINE,"bonito: dried, flakes",normal,402
JAPANESE CUISINE,broiled dishes,normal,402
JAPANESE CUISINE,chile peppers,normal,402
JAPANESE CUISINE,daikon,normal,402
JAPANESE CUISINE,dashi (kelp-based stock),normal,402
JAPANESE CUISINE,"fish, cooked and raw",normal,402
JAPANESE CUISINE,ginger,recommended,402
JAPANESE CUISINE,kelp,normal,402
JAPANESE CUISINE,mirin (sweet rice wine),normal,402
JAPANESE CUISINE,noodles,normal,402
JAPANESE CUISINE,pickles,normal,402
JAPANESE CUISINE,poached dishes,normal,402
JAPANESE CUISINE,ponzu sauce,normal,402
JAPANESE CUISINE,rice,recommended,402
JAPANESE CUISINE,sake,normal,402
JAPANESE CUISINE,scallions,normal,402
JAPANESE CUISINE,"sesame: oil, seeds",recommended,402
JAPANESE CUISINE,shellfish,normal,402
JAPANESE CUISINE,SOY SAUCE,holy_grail,402
JAPANESE CUISINE,steamed dishes,normal,402
JAPANESE CUISINE,tea,normal,402
JAPANESE CUISINE,"vinegar, rice wine",normal,402
JAPANESE CUISINE,wasabi,normal,402
JAPANESE CUISINE,"wine, rice",normal,402
JAPANESE CUISINE,yuzu,normal,402
JICAMA,avocado,recommended,403
JICAMA,"cabbage, green",normal,403
JICAMA,carrots,normal,403
JICAMA,chicken,normal,403
JICAMA,CHILE PEPPERS,holy_grail,403
JICAMA,chili powder,recommended,403
JICAMA,Lime Vinaigrette and Fresh Limes to Squeeze On,recommended,403
JICAMA,Seeds,recommended,403
JICAMA,Seaweed and Jicama Salad with Ginger Dressing,recommended,403
JICAMA,cilantro,recommended,404
JICAMA,cloves,normal,404
JICAMA,cucumbers,recommended,404
JICAMA,cumin,normal,404
JICAMA,fish,normal,404
JICAMA,ginger,recommended,404
JICAMA,grapefruit,recommended,404
JICAMA,ketchup,normal,404
JICAMA,lemon,normal,404
JICAMA,"LIME, juice",holy_grail,404
JICAMA,Malaysian cuisine,normal,404
JICAMA,mangoes,normal,404
JICAMA,melon,normal,404
JICAMA,Mexican cuisine,recommended,404
JICAMA,"mustard, yellow",normal,404
JICAMA,"oil: canola, sesame",normal,404
JICAMA,"onions, red",normal,404
JICAMA,orange,recommended,404
JICAMA,papaya,normal,404
JICAMA,"peanuts, crushed",normal,404
JICAMA,"pepper, black",normal,404
JICAMA,pineapple,normal,404
JICAMA,pumpkin seeds,normal,404
JICAMA,radishes,normal,404
JICAMA,"salads (e.g., fruit)",normal,404
JICAMA,salsa,normal,404
JICAMA,"salt, kosher",recommended,404
JICAMA,sesame oil,normal,404
JICAMA,shrimp,normal,404
JICAMA,soy sauce,normal,404
JICAMA,spinach,normal,404
JICAMA,sugar,normal,404
JICAMA,"vinegar, white",normal,404
JUNIPER BERRIES,Character: refreshing,recommended,404
JUNIPER BERRIES,allspice,normal,405
JUNIPER BERRIES,Alsatian cuisine,normal,405
JUNIPER BERRIES,apples,normal,405
JUNIPER BERRIES,bay leaf,normal,405
JUNIPER BERRIES,beef,recommended,405
JUNIPER BERRIES,cabbage,recommended,405
JUNIPER BERRIES,caraway,normal,405
JUNIPER BERRIES,celery,normal,405
JUNIPER BERRIES,chicken,normal,405
JUNIPER BERRIES,choucroute,normal,405
JUNIPER BERRIES,duck,recommended,405
JUNIPER BERRIES,fennel,normal,405
JUNIPER BERRIES,fish,normal,405
JUNIPER BERRIES,GAME,very_highly_recommended,405
JUNIPER BERRIES,game birds,recommended,405
JUNIPER BERRIES,garlic,normal,405
JUNIPER BERRIES,German cuisine,normal,405
JUNIPER BERRIES,gin,normal,405
JUNIPER BERRIES,goose,normal,405
JUNIPER BERRIES,ham,normal,405
JUNIPER BERRIES,kidneys,normal,405
JUNIPER BERRIES,lamb,recommended,405
JUNIPER BERRIES,liver,normal,405
JUNIPER BERRIES,marinades,normal,405
JUNIPER BERRIES,marjoram,normal,405
JUNIPER BERRIES,Mediterranean cuisine,normal,405
JUNIPER BERRIES,onions,normal,405
JUNIPER BERRIES,oregano,normal,405
JUNIPER BERRIES,parsley,normal,405
JUNIPER BERRIES,pâtés,recommended,405
JUNIPER BERRIES,pepper,normal,405
JUNIPER BERRIES,pork,recommended,405
JUNIPER BERRIES,rosemary,normal,405
JUNIPER BERRIES,sage,normal,405
JUNIPER BERRIES,salmon,normal,405
JUNIPER BERRIES,sauces,normal,405
JUNIPER BERRIES,sauerkraut,recommended,405
JUNIPER BERRIES,savory,normal,405
JUNIPER BERRIES,Scandinavian cuisine,normal,405
JUNIPER BERRIES,"stuffings, esp. bread",normal,405
JUNIPER BERRIES,thyme,normal,405
JUNIPER BERRIES,veal,normal,405
JUNIPER BERRIES,VENISON,very_highly_recommended,406
JUNIPER BERRIES,"wine, red",recommended,406
KALE,bay leaf,normal,407
KALE,"bell peppers, red",normal,407
KALE,butter,normal,407
KALE,"cheese: cheddar, Parmesan",normal,407
KALE,"chicken, roasted",normal,407
KALE,cream,normal,407
KALE,GARLIC,very_highly_recommended,407
KALE,ginger,normal,407
KALE,lemon,normal,407
KALE,"meats, roasted",normal,407
KALE,nutmeg,normal,407
KALE,"OIL: grapeseed, vegetable",recommended,407
KALE,olive oil,recommended,407
KALE,"onions, esp. yellow",recommended,407
KALE,oregano,normal,407
KALE,pancetta,normal,407
KALE,pasta,normal,407
KALE,"pepper: black, white",normal,407
KALE,pork,normal,407
KALE,potatoes,normal,407
KALE,red pepper flakes,recommended,407
KALE,"salt, kosher",recommended,407
KALE,"sausage, chorizo",normal,407
KALE,shallots,normal,407
KALE,sour cream,normal,407
KALE,soy sauce,normal,407
KALE,"stock, chicken",recommended,408
KALE,sugar,normal,408
KALE,sweet potatoes,normal,408
KALE,thyme,recommended,408
KALE,tomatoes,normal,408
KALE,"vinegar, red wine",normal,408
KIWI FRUIT,bananas,normal,408
KIWI FRUIT,berries,normal,408
KIWI FRUIT,cherries,normal,408
KIWI FRUIT,"chocolate: dark, white",normal,408
KIWI FRUIT,coconut,recommended,408
KIWI FRUIT,cream and ice cream,normal,408
KIWI FRUIT,crust: pastry or pie,normal,408
KIWI FRUIT,custard,normal,408
KIWI FRUIT,grapefruit,normal,408
KIWI FRUIT,hazelnuts,normal,408
KIWI FRUIT,honey,recommended,408
KIWI FRUIT,Kirsch,normal,408
KIWI FRUIT,"lemon: juice, zest",recommended,408
KIWI FRUIT,lime,recommended,408
KIWI FRUIT,lychee,normal,408
KIWI FRUIT,macadamia nuts,normal,408
KIWI FRUIT,mangoes,normal,408
KIWI FRUIT,oranges,recommended,408
KIWI FRUIT,papaya,recommended,408
KIWI FRUIT,passion fruit,normal,408
KIWI FRUIT,pineapple,normal,408
KIWI FRUIT,rum,normal,408
KIWI FRUIT,"salad, esp. chicken or fruit",normal,408
KIWI FRUIT,strawberries,recommended,408
KIWI FRUIT,sugar,normal,408
KIWI FRUIT,"wine: Champagne, ice wine",normal,408
KOHLRABI,allspice,normal,409
KOHLRABI,basil,normal,409
KOHLRABI,"butter, unsalted",recommended,409
KOHLRABI,cabbage,normal,409
KOHLRABI,carrots,normal,409
KOHLRABI,celery,normal,409
KOHLRABI,celery leaves or seeds,normal,409
KOHLRABI,celery root,normal,409
KOHLRABI,"cheese, esp. Parmesan, Swiss",recommended,409
KOHLRABI,chervil,normal,409
KOHLRABI,cilantro,normal,409
KOHLRABI,coriander,normal,409
KOHLRABI,cream,recommended,409
KOHLRABI,dill,recommended,409
KOHLRABI,fennel leaves or seeds,normal,409
KOHLRABI,garlic,recommended,409
KOHLRABI,horseradish,normal,409
KOHLRABI,leeks,normal,409
KOHLRABI,"lemon, juice",normal,409
KOHLRABI,lovage,normal,409
KOHLRABI,mace,normal,409
KOHLRABI,"mustard (e.g., Dijon)",recommended,409
KOHLRABI,mustard seeds,recommended,409
KOHLRABI,onions,normal,409
KOHLRABI,"parsley, flat-leaf",normal,409
KOHLRABI,"pepper, black",normal,409
KOHLRABI,potatoes,recommended,409
KOHLRABI,rosemary,normal,409
KOHLRABI,"salt, esp. sea",recommended,409
KOHLRABI,"sesame oil, seeds",recommended,409
KOHLRABI,soups,normal,410
KOHLRABI,sour cream,normal,410
KOHLRABI,soy sauce,recommended,410
KOHLRABI,stews,normal,410
KOHLRABI,tamari,normal,410
KOHLRABI,turmeric,normal,410
KOHLRABI,"vinegar, red wine",normal,410
KOREAN CUISINE,chile peppers,normal,410
KOREAN CUISINE,fish,normal,410
KOREAN CUISINE,garlic,normal,410
KOREAN CUISINE,"noodles, esp. buckwheat",normal,410
KOREAN CUISINE,rice,normal,410
KOREAN CUISINE,sesame seeds,normal,410
KOREAN CUISINE,shellfish,normal,410
KOREAN CUISINE,soy sauce,recommended,410
KOREAN CUISINE,sugar,normal,410
KOREAN CUISINE,"vegetables, pickled (e.g., kimchi)",normal,410
KUMQUATS,Asian cuisines,normal,410
KUMQUATS,beef,normal,410
KUMQUATS,"berries: cranberries, strawberries",normal,410
KUMQUATS,brandy,normal,410
KUMQUATS,caramel,normal,410
KUMQUATS,cayenne,normal,410
KUMQUATS,chicken,recommended,410
KUMQUATS,"chocolate: dark, white",recommended,410
KUMQUATS,chutney,recommended,410
KUMQUATS,cinnamon,normal,411
KUMQUATS,citrus,normal,411
KUMQUATS,coconut,normal,411
KUMQUATS,cranberries,recommended,411
KUMQUATS,cream,normal,411
KUMQUATS,custard,normal,411
KUMQUATS,dates,normal,411
KUMQUATS,duck,recommended,411
KUMQUATS,East Asian cuisine,normal,411
KUMQUATS,endive (Belgian),normal,411
KUMQUATS,ginger,recommended,411
KUMQUATS,hazelnuts,normal,411
KUMQUATS,honey,normal,411
KUMQUATS,"lemon, juice",recommended,411
KUMQUATS,lime,normal,411
KUMQUATS,mace,normal,411
KUMQUATS,mango,normal,411
KUMQUATS,marinades,normal,411
KUMQUATS,meats,normal,411
KUMQUATS,mint,normal,411
KUMQUATS,nutmeg,normal,411
KUMQUATS,olive oil,normal,411
KUMQUATS,"onions, spring",normal,411
KUMQUATS,orange,recommended,411
KUMQUATS,papaya,recommended,411
KUMQUATS,pecans,normal,411
KUMQUATS,persimmons,normal,411
KUMQUATS,pineapple,normal,411
KUMQUATS,pistachios,normal,411
KUMQUATS,pomegranates,normal,411
KUMQUATS,poppy seeds,normal,411
KUMQUATS,pork,normal,411
KUMQUATS,pumpkin,normal,411
KUMQUATS,quince,normal,411
KUMQUATS,rum,recommended,411
KUMQUATS,"SALADS: FRUIT, GREEN",very_highly_recommended,411
KUMQUATS,salt,normal,411
KUMQUATS,strawberries,normal,411
KUMQUATS,sugar,normal,411
KUMQUATS,vanilla,normal,411
KUMQUATS,walnuts,normal,411
KUMQUATS,"wine, white",normal,411
LAMB — IN GENERAL,Sautéed Escarole,recommended,413
LAMB — IN GENERAL,"Beans, and Cardoon Puree, Niçoise Olive–Kumquat Tapenade",recommended,413
LAMB — IN GENERAL,"Beans, Perigord Truffle Jus",recommended,413
LAMB — IN GENERAL,Vegetables and Minted Yogurt,recommended,413
LAMB — IN GENERAL,Minted Sheep’s Milk Yogurt,recommended,413
LAMB — IN GENERAL,Pepper Jus,recommended,413
LAMB — IN GENERAL,Mashed Potatoes; Wild Mushroom–Red Wine Sauce,recommended,413
LAMB — IN GENERAL,Truffle and Almond-Crusted Rack of Lamb,recommended,413
LAMB — IN GENERAL,aioli,normal,414
LAMB — IN GENERAL,almonds,normal,414
LAMB — IN GENERAL,anchovies,normal,414
LAMB — IN GENERAL,apples,normal,414
LAMB — IN GENERAL,"apricots, dried",normal,414
LAMB — IN GENERAL,artichokes,normal,414
LAMB — IN GENERAL,asparagus,normal,414
LAMB — IN GENERAL,bacon,normal,414
LAMB — IN GENERAL,basil,recommended,414
LAMB — IN GENERAL,bay leaf,recommended,414
LAMB — IN GENERAL,"beans: cranberry, fava, FLAGEOLETS, green, WHITE",recommended,414
LAMB — IN GENERAL,beer,normal,414
LAMB — IN GENERAL,bell peppers,normal,414
LAMB — IN GENERAL,brandy,normal,414
LAMB — IN GENERAL,bread crumbs,recommended,414
LAMB — IN GENERAL,bulgur wheat,normal,414
LAMB — IN GENERAL,"butter: clarified, unsalted",recommended,414
LAMB — IN GENERAL,capers,normal,414
LAMB — IN GENERAL,cardamom,recommended,414
LAMB — IN GENERAL,carrots,recommended,414
LAMB — IN GENERAL,cayenne,normal,414
LAMB — IN GENERAL,celery,normal,414
LAMB — IN GENERAL,celery root,normal,414
LAMB — IN GENERAL,chard,normal,414
LAMB — IN GENERAL,"cheese: blue, feta, Parmesan, ricotta",recommended,414
LAMB — IN GENERAL,chickpeas,normal,414
LAMB — IN GENERAL,"chiles: jalapeño, red",normal,414
LAMB — IN GENERAL,chili powder,normal,414
LAMB — IN GENERAL,chives,normal,414
LAMB — IN GENERAL,"chocolate, dark",normal,414
LAMB — IN GENERAL,cilantro,normal,414
LAMB — IN GENERAL,cinnamon,recommended,414
LAMB — IN GENERAL,cloves,normal,414
LAMB — IN GENERAL,coconut,normal,414
LAMB — IN GENERAL,cognac,normal,415
LAMB — IN GENERAL,coriander,recommended,415
LAMB — IN GENERAL,couscous,normal,415
LAMB — IN GENERAL,cream,normal,415
LAMB — IN GENERAL,cumin,recommended,415
LAMB — IN GENERAL,curry powder,recommended,415
LAMB — IN GENERAL,dates,normal,415
LAMB — IN GENERAL,dill,normal,415
LAMB — IN GENERAL,"Eastern Mediterranean (e.g., Greek, Turkish) cuisine",normal,415
LAMB — IN GENERAL,eggplant,normal,415
LAMB — IN GENERAL,endive,normal,415
LAMB — IN GENERAL,escarole,normal,415
LAMB — IN GENERAL,fennel,recommended,415
LAMB — IN GENERAL,fennel seeds,recommended,415
LAMB — IN GENERAL,"fenugreek, esp. green",normal,415
LAMB — IN GENERAL,"figs, dried black",normal,415
LAMB — IN GENERAL,five-spice powder,normal,415
LAMB — IN GENERAL,FLAGEOLETS,very_highly_recommended,415
LAMB — IN GENERAL,garam masala,normal,415
LAMB — IN GENERAL,GARLIC and garlic paste,holy_grail,415
LAMB — IN GENERAL,ginger,recommended,415
LAMB — IN GENERAL,Greek cuisine,normal,415
LAMB — IN GENERAL,herbs,normal,415
LAMB — IN GENERAL,honey,normal,415
LAMB — IN GENERAL,Indian cuisine,normal,415
LAMB — IN GENERAL,"Irish cuisine (e.g., stews)",normal,415
LAMB — IN GENERAL,"Italian cuisine, esp. southern",normal,415
LAMB — IN GENERAL,lavender,normal,415
LAMB — IN GENERAL,leeks,normal,415
LAMB — IN GENERAL,"LEMON: juice, zest",recommended,415
LAMB — IN GENERAL,"lemon, preserved",recommended,415
LAMB — IN GENERAL,lentils,normal,415
LAMB — IN GENERAL,"lime, juice",normal,415
LAMB — IN GENERAL,mace,normal,415
LAMB — IN GENERAL,marjoram,normal,415
LAMB — IN GENERAL,Middle Eastern cuisine,normal,415
LAMB — IN GENERAL,"MINT, esp. spearmint, mint jelly",holy_grail,415
LAMB — IN GENERAL,mirepoix,normal,415
LAMB — IN GENERAL,Moroccan cuisine,normal,415
LAMB — IN GENERAL,mushrooms,normal,415
LAMB — IN GENERAL,"MUSTARD, Dijon",recommended,415
LAMB — IN GENERAL,nutmeg,normal,415
LAMB — IN GENERAL,"OIL: canola, peanut, vegetable",recommended,415
LAMB — IN GENERAL,olive oil,recommended,415
LAMB — IN GENERAL,"olives, esp. black, kalamata, niçoise",recommended,415
LAMB — IN GENERAL,"ONIONS: pearl, red, white, yellow",recommended,416
LAMB — IN GENERAL,"orange: juice, zest",recommended,416
LAMB — IN GENERAL,oregano,recommended,416
LAMB — IN GENERAL,paprika,normal,416
LAMB — IN GENERAL,"PARSLEY, flat-leaf",recommended,416
LAMB — IN GENERAL,"pasta, esp. pappardelle",normal,416
LAMB — IN GENERAL,"peas, esp. sweet",normal,416
LAMB — IN GENERAL,"PEPPER: black, white",recommended,416
LAMB — IN GENERAL,pesto,normal,416
LAMB — IN GENERAL,pine nuts,normal,416
LAMB — IN GENERAL,pistachios,normal,416
LAMB — IN GENERAL,polenta,normal,416
LAMB — IN GENERAL,pomegranates and pomegranate molasses,normal,416
LAMB — IN GENERAL,porcini mushrooms,normal,416
LAMB — IN GENERAL,"potatoes, esp. new or red",recommended,416
LAMB — IN GENERAL,prunes,normal,416
LAMB — IN GENERAL,raisins,normal,416
LAMB — IN GENERAL,red pepper flakes,normal,416
LAMB — IN GENERAL,"rice: basmati, white, wild",recommended,416
LAMB — IN GENERAL,risotto,normal,416
LAMB — IN GENERAL,ROSEMARY,holy_grail,416
LAMB — IN GENERAL,rutabaga,normal,416
LAMB — IN GENERAL,saffron,normal,416
LAMB — IN GENERAL,"sage, fresh",recommended,416
LAMB — IN GENERAL,"SALT:fleur de sel, kosher, sea",recommended,416
LAMB — IN GENERAL,savory,normal,416
LAMB — IN GENERAL,scallions,normal,416
LAMB — IN GENERAL,shallots,normal,416
LAMB — IN GENERAL,"sherry, oloroso",normal,416
LAMB — IN GENERAL,spinach,normal,416
LAMB — IN GENERAL,"stocks: beef, chicken, lamb, veal",recommended,416
LAMB — IN GENERAL,"sugar: brown, white",recommended,416
LAMB — IN GENERAL,tabbouleh,normal,416
LAMB — IN GENERAL,tamarind,normal,416
LAMB — IN GENERAL,tarragon,recommended,416
LAMB — IN GENERAL,"THYME, FRESH",very_highly_recommended,416
LAMB — IN GENERAL,TOMATOES and tomato sauces,recommended,416
LAMB — IN GENERAL,"truffles, black, and truffle oil",normal,416
LAMB — IN GENERAL,turmeric,normal,416
LAMB — IN GENERAL,turnips,normal,416
LAMB — IN GENERAL,vanilla,normal,416
LAMB — IN GENERAL,"vegetables, root",normal,416
LAMB — IN GENERAL,vermouth,normal,416
LAMB — IN GENERAL,vinaigrette,normal,416
LAMB — IN GENERAL,"vinegar: balsamic, red wine, rice wine, sherry, white",recommended,416
LAMB — IN GENERAL,watercress,normal,417
LAMB — IN GENERAL,"WINE: dry white, red (e.g., Petite Syrah)",recommended,417
LAMB — IN GENERAL,Worcestershire sauce,normal,417
LAMB — IN GENERAL,yogurt,normal,417
LAMB — IN GENERAL,zucchini,normal,417
"LAMB, CHOPS",anchovies,normal,417
"LAMB, CHOPS","beans (e.g., fava)",normal,417
"LAMB, CHOPS","bell peppers, red",normal,417
"LAMB, CHOPS","broccoli, rabe",normal,417
"LAMB, CHOPS","butter, unsalted",recommended,417
"LAMB, CHOPS",capers,normal,417
"LAMB, CHOPS",carrots,normal,417
"LAMB, CHOPS",cayenne,normal,417
"LAMB, CHOPS",chard,normal,418
"LAMB, CHOPS","cheese, feta",normal,418
"LAMB, CHOPS",cilantro,normal,418
"LAMB, CHOPS",cumin,normal,418
"LAMB, CHOPS",curry,normal,418
"LAMB, CHOPS",fennel,normal,418
"LAMB, CHOPS",garam masala,normal,418
"LAMB, CHOPS",garlic,recommended,418
"LAMB, CHOPS",ginger,normal,418
"LAMB, CHOPS",honey,normal,418
"LAMB, CHOPS",leeks,normal,418
"LAMB, CHOPS",lemon,recommended,418
"LAMB, CHOPS",lime,normal,418
"LAMB, CHOPS",mace,normal,418
"LAMB, CHOPS",mint,recommended,418
"LAMB, CHOPS",miso,normal,418
"LAMB, CHOPS",mushrooms,normal,418
"LAMB, CHOPS","mustard, Dijon",normal,418
"LAMB, CHOPS",nutmeg,normal,418
"LAMB, CHOPS","oil: canola, peanut",recommended,418
"LAMB, CHOPS",olive oil,normal,418
"LAMB, CHOPS","olives, black",normal,418
"LAMB, CHOPS","onions, esp. pearl",normal,418
"LAMB, CHOPS",oregano,normal,418
"LAMB, CHOPS",paprika,normal,418
"LAMB, CHOPS","parsley, flat-leaf",normal,418
"LAMB, CHOPS","pepper: black, white",recommended,418
"LAMB, CHOPS",pomegranates,normal,418
"LAMB, CHOPS",potatoes,normal,418
"LAMB, CHOPS",rosemary,recommended,418
"LAMB, CHOPS",salad,normal,418
"LAMB, CHOPS","salt: kosher, sea",recommended,418
"LAMB, CHOPS",savory,normal,418
"LAMB, CHOPS",shallots,normal,418
"LAMB, CHOPS","stock, chicken",recommended,418
"LAMB, CHOPS",sugar,normal,418
"LAMB, CHOPS",tarragon,normal,418
"LAMB, CHOPS",thyme,normal,418
"LAMB, CHOPS",tomatoes,normal,418
"LAMB, CHOPS",truffles,normal,418
"LAMB, CHOPS","vinegar: balsamic, malt",normal,418
"LAMB, CHOPS","wine, dry red",normal,418
"LAMB, CHOPS",yogurt,normal,418
LATIN AMERICAN CUISINE,"beans, black",normal,419
LATIN AMERICAN CUISINE,beef,recommended,419
LATIN AMERICAN CUISINE,café con leche,normal,419
LATIN AMERICAN CUISINE,chile peppers,normal,419
LATIN AMERICAN CUISINE,cilantro,normal,419
LATIN AMERICAN CUISINE,cinnamon,normal,419
LATIN AMERICAN CUISINE,cloves,normal,419
LATIN AMERICAN CUISINE,corn,normal,419
LATIN AMERICAN CUISINE,cumin,normal,419
LATIN AMERICAN CUISINE,fruits,normal,419
LATIN AMERICAN CUISINE,garlic,normal,419
LATIN AMERICAN CUISINE,greens,normal,419
LATIN AMERICAN CUISINE,"lime, juice",normal,419
LATIN AMERICAN CUISINE,meats,normal,419
LATIN AMERICAN CUISINE,mixed grilled meats,normal,419
LATIN AMERICAN CUISINE,onions,normal,419
LATIN AMERICAN CUISINE,orange,normal,419
LATIN AMERICAN CUISINE,oregano,normal,419
LATIN AMERICAN CUISINE,peppers,normal,419
LATIN AMERICAN CUISINE,pork,normal,419
LATIN AMERICAN CUISINE,potatoes,normal,419
LATIN AMERICAN CUISINE,rice,normal,419
LATIN AMERICAN CUISINE,rosemary,normal,419
LATIN AMERICAN CUISINE,sausages,normal,419
LATIN AMERICAN CUISINE,seafood,normal,419
LATIN AMERICAN CUISINE,tarragon,normal,419
LATIN AMERICAN CUISINE,thyme,normal,419
LATIN AMERICAN CUISINE,vegetables,normal,419
LAVENDER,almonds,normal,420
LAVENDER,apples,normal,420
LAVENDER,"baked goods: cakes, cookies, scones, shortbread",recommended,420
LAVENDER,berries,normal,420
LAVENDER,blackberries,normal,420
LAVENDER,blueberries,normal,420
LAVENDER,"cheese, ricotta",normal,420
LAVENDER,cherries,recommended,420
LAVENDER,CHICKEN,very_highly_recommended,420
LAVENDER,CREAM AND ICE CREAM,very_highly_recommended,420
LAVENDER,crème fraîche,normal,420
LAVENDER,"currants, black",normal,420
LAVENDER,custards,recommended,420
LAVENDER,desserts,normal,420
LAVENDER,duck,recommended,420
LAVENDER,figs,normal,420
LAVENDER,French cuisine,normal,420
LAVENDER,fruit and fruit preserves,recommended,420
LAVENDER,game birds,recommended,420
LAVENDER,ginger,normal,420
LAVENDER,herbes de Provence (occasional ingredient),normal,420
LAVENDER,HONEY,very_highly_recommended,420
LAVENDER,LAMB,very_highly_recommended,420
LAVENDER,lemon,recommended,420
LAVENDER,lemonade,normal,420
LAVENDER,marjoram,normal,420
LAVENDER,mascarpone,normal,420
LAVENDER,"meats (e.g., beef, lamb, steak)",recommended,420
LAVENDER,milk,normal,420
LAVENDER,mint,normal,420
LAVENDER,onions,normal,420
LAVENDER,orange,recommended,420
LAVENDER,oregano,normal,420
LAVENDER,parsley,normal,420
LAVENDER,peaches,recommended,420
LAVENDER,pistachios,normal,420
LAVENDER,plums,recommended,420
LAVENDER,pork,normal,421
LAVENDER,potatoes,recommended,421
LAVENDER,Provençal cuisine,normal,421
LAVENDER,Lavender works with plums or peaches.,recommended,421
LAVENDER,quail,normal,421
LAVENDER,rabbit,recommended,421
LAVENDER,ras el hanout (key ingredient),normal,421
LAVENDER,raspberries,recommended,421
LAVENDER,rhubarb,normal,421
LAVENDER,rice,normal,421
LAVENDER,rosemary,recommended,421
LAVENDER,savory,recommended,421
LAVENDER,spearmint,normal,421
LAVENDER,stews,normal,421
LAVENDER,strawberries,normal,421
LAVENDER,sugar,recommended,421
LAVENDER,"tea, esp. black",normal,421
LAVENDER,thyme,recommended,421
LAVENDER,vanilla,normal,421
LAVENDER,"vinegar, balsamic",recommended,421
LAVENDER,walnuts,recommended,421
LEEKS,anchovies,normal,422
LEEKS,bacon,normal,422
LEEKS,barley,normal,422
LEEKS,bay leaf,normal,422
LEEKS,beef,normal,422
LEEKS,bouillabaisse,normal,422
LEEKS,"butter, unsalted",recommended,422
LEEKS,capers,normal,422
LEEKS,caraway,normal,422
LEEKS,carrot,normal,422
LEEKS,cauliflower,normal,422
LEEKS,celery,normal,422
LEEKS,"cheese: cheddar, goat, Gruyère, Parmesan",recommended,422
LEEKS,chervil,normal,422
LEEKS,chicken,recommended,422
LEEKS,chile peppers,normal,422
LEEKS,chives,recommended,422
LEEKS,coriander,normal,422
LEEKS,cream,recommended,422
LEEKS,crème fraîche,normal,422
LEEKS,dill,normal,422
LEEKS,eggs (including hard-boiled) and egg dishes,recommended,422
LEEKS,fennel,normal,422
LEEKS,fish,recommended,422
LEEKS,French cuisine,normal,422
LEEKS,garlic,recommended,422
LEEKS,Greek cuisine,normal,422
LEEKS,"lemon, juice",normal,422
LEEKS,lovage,normal,422
LEEKS,"meats, white",normal,422
LEEKS,"mushrooms, esp. oyster",normal,422
LEEKS,mussels,normal,422
LEEKS,mustard,recommended,422
LEEKS,nutmeg,normal,422
LEEKS,"oil: corn, grapeseed, hazelnut, peanut, vegetable",recommended,422
LEEKS,olive oil,recommended,422
LEEKS,onions,normal,423
LEEKS,oregano,recommended,423
LEEKS,paprika,normal,423
LEEKS,parsley,normal,423
LEEKS,pasta,normal,423
LEEKS,"pepper: black, white",recommended,423
LEEKS,potatoes,recommended,423
LEEKS,rice,normal,423
LEEKS,sage,normal,423
LEEKS,salads,normal,423
LEEKS,"salt, kosher",recommended,423
LEEKS,"sauces, romesco",normal,423
LEEKS,scallions,normal,423
LEEKS,sea bass,normal,423
LEEKS,soups,normal,423
LEEKS,soy sauce,normal,423
LEEKS,stews,normal,423
LEEKS,"stocks: chicken, vegetable",recommended,423
LEEKS,tamari,normal,423
LEEKS,tarragon,recommended,423
LEEKS,thyme,recommended,423
LEEKS,tomatoes and tomato sauce,normal,423
LEEKS,"truffles, black",normal,423
LEEKS,vinaigrette,recommended,423
LEEKS,"vinegar, balsamic",normal,423
LEEKS,"wine: dry white, red",recommended,423
LEMONS,almonds,recommended,423
LEMONS,anise,normal,423
LEMONS,you use zest.,normal,424
LEMONS,apples,normal,424
LEMONS,apricots,normal,424
LEMONS,artichokes,normal,424
LEMONS,bananas,normal,424
LEMONS,basil,recommended,424
LEMONS,bay leaf,normal,424
LEMONS,beef,normal,424
LEMONS,berries,normal,424
LEMONS,beverages,normal,424
LEMONS,blackberries,recommended,424
LEMONS,blueberries,recommended,424
LEMONS,"butter, unsalted",normal,424
LEMONS,buttermilk,normal,424
LEMONS,capers,recommended,424
LEMONS,caramel,normal,424
LEMONS,cardamom,normal,424
LEMONS,Ricotta-Lemon Pancakes with Blackberries and Honeycomb Butter,recommended,425
LEMONS,cayenne,normal,425
LEMONS,"cheese: goat, ricotta",recommended,425
LEMONS,cherries,normal,425
LEMONS,chervil,normal,425
LEMONS,chestnuts,normal,425
LEMONS,chicken,recommended,425
LEMONS,chives,normal,425
LEMONS,"chocolate: dark, white",normal,425
LEMONS,cinnamon,normal,425
LEMONS,coconut,recommended,425
LEMONS,coffee,normal,425
LEMONS,crab,normal,425
LEMONS,cranberries,normal,425
LEMONS,cream / milk,normal,425
LEMONS,cream cheese,normal,425
LEMONS,crème fraîche,normal,425
LEMONS,custard,normal,425
LEMONS,dates,normal,425
LEMONS,desserts,normal,425
LEMONS,duck,normal,425
LEMONS,"figs: fresh, dried",normal,425
LEMONS,FISH,very_highly_recommended,425
LEMONS,GARLIC,very_highly_recommended,426
LEMONS,gin,normal,426
LEMONS,ginger,normal,426
LEMONS,gooseberries,normal,426
LEMONS,grapefruit,normal,426
LEMONS,grapes,normal,426
LEMONS,Greek cuisine,recommended,426
LEMONS,guava,normal,426
LEMONS,hazelnuts,normal,426
LEMONS,HONEY,very_highly_recommended,426
LEMONS,kiwi fruit,normal,426
LEMONS,lamb,recommended,426
LEMONS,lemongrass,normal,426
LEMONS,lemon verbena,normal,426
LEMONS,lime,normal,426
LEMONS,"liqueurs: nut, orange (e.g., Cointreau, curaçao, Grand Marnier)",normal,426
LEMONS,mango,normal,426
LEMONS,maple syrup,normal,426
LEMONS,mascarpone,normal,426
LEMONS,Mediterranean cuisines,normal,426
LEMONS,Middle Eastern cuisines,normal,426
LEMONS,mint (garnish),recommended,426
LEMONS,Moroccan cuisine,normal,426
LEMONS,"mustard, Dijon",normal,426
LEMONS,nectarines,normal,426
LEMONS,"nuts, esp. hazelnuts",recommended,426
LEMONS,oats,normal,426
LEMONS,olive oil,normal,426
LEMONS,"orange: juice, zest",recommended,426
LEMONS,oregano,normal,426
LEMONS,oysters,normal,426
LEMONS,papaya,normal,426
LEMONS,"parsley, flat-leaf",normal,426
LEMONS,passion fruit,normal,426
LEMONS,pasta and pasta sauces,normal,426
LEMONS,peaches,normal,426
LEMONS,pears,normal,426
LEMONS,pecans,normal,426
LEMONS,"pepper, black",normal,426
LEMONS,persimmons,normal,426
LEMONS,pine nuts,normal,426
LEMONS,pistachios,recommended,426
LEMONS,plums,normal,426
LEMONS,poppy seeds,recommended,426
LEMONS,pork and pork chops,normal,426
LEMONS,poultry,normal,427
LEMONS,prunes,normal,427
LEMONS,quince,normal,427
LEMONS,raisins,normal,427
LEMONS,raspberries,recommended,427
LEMONS,rhubarb,normal,427
LEMONS,rice,normal,427
LEMONS,rosemary,recommended,427
LEMONS,rum,normal,427
LEMONS,sage,normal,427
LEMONS,salads and salad dressings,normal,427
LEMONS,"salt, kosher",normal,427
LEMONS,"sauces: brown butter, parsley",normal,427
LEMONS,sesame oil,normal,427
LEMONS,shallots,normal,427
LEMONS,SHELLFISH,very_highly_recommended,427
LEMONS,sour cream,normal,427
LEMONS,"stock, chicken",normal,427
LEMONS,"SUGAR: brown, white",recommended,427
LEMONS,tangerine,normal,427
LEMONS,thyme,recommended,427
LEMONS,vanilla,recommended,427
LEMONS,veal,recommended,427
LEMONS,violets,normal,427
LEMONS,vodka,normal,427
LEMONS,walnuts,normal,427
LEMONS,"wine: red, sweet (e.g., Muscat), white",normal,427
LEMONS,yogurt,normal,427
"LEMONS, MEYER",cream,normal,427
"LEMONS, MEYER",grapefruit,normal,427
"LEMONS, MEYER",honey,normal,427
"LEMONS, MEYER",lemon,normal,427
"LEMONS, MEYER",lime,normal,427
"LEMONS, MEYER",orange,normal,427
"LEMONS, MEYER",sugar,normal,428
"LEMONS, MEYER",vanilla,normal,428
"LEMONS, PRESERVED",cinnamon,normal,428
"LEMONS, PRESERVED",cloves,normal,428
"LEMONS, PRESERVED",lamb,normal,428
"LEMONS, PRESERVED",MOROCCAN CUISINE,very_highly_recommended,428
"LEMONS, PRESERVED",nigella seeds,normal,428
"LEMONS, PRESERVED",saffron,normal,428
"LEMONS, PRESERVED",my life here!,normal,428
"LEMONS, PRESERVED",acidity and a little kick.,normal,428
"LEMONS, PRESERVED",to balance the Meyer lemon.,normal,428
LEMON BALM,apricots,normal,429
LEMON BALM,asparagus,normal,429
LEMON BALM,berries,normal,429
LEMON BALM,carrots,normal,429
LEMON BALM,chicken,normal,429
LEMON BALM,chives,normal,429
LEMON BALM,dill,normal,429
LEMON BALM,fennel bulb,normal,429
LEMON BALM,fish,normal,429
LEMON BALM,fruit,normal,429
LEMON BALM,ginger,normal,429
LEMON BALM,melon,normal,429
LEMON BALM,mint,normal,429
LEMON BALM,nectarines,normal,429
LEMON BALM,"parsley, flat-leaf",normal,429
LEMON BALM,peaches,normal,429
LEMON BALM,peas,normal,429
LEMON BALM,"salads, esp. fruit and green",normal,429
LEMON BALM,teas,normal,429
LEMON BASIL,apricots,normal,429
LEMON BASIL,berries,normal,429
LEMON BASIL,cinnamon,normal,429
LEMON BASIL,desserts,normal,429
LEMON BASIL,fish,normal,429
LEMON BASIL,peaches,normal,429
LEMON BASIL,seafood,normal,429
LEMON BASIL,shellfish,normal,429
LEMON BASIL,soups,normal,429
LEMON BASIL,vegetables,normal,429
LEMONGRASS,basil,normal,429
LEMONGRASS,beef,normal,430
LEMONGRASS,chicken,recommended,430
LEMONGRASS,"chile peppers: red, green",recommended,430
LEMONGRASS,chives,normal,430
LEMONGRASS,cilantro,recommended,430
LEMONGRASS,cinnamon,normal,430
LEMONGRASS,cloves,normal,430
LEMONGRASS,coconut and coconut milk,recommended,430
LEMONGRASS,coriander,normal,430
LEMONGRASS,crab,recommended,430
LEMONGRASS,cream,normal,430
LEMONGRASS,curries,recommended,430
LEMONGRASS,FISH,very_highly_recommended,430
LEMONGRASS,fruits,normal,430
LEMONGRASS,galangal,normal,430
LEMONGRASS,garlic,recommended,430
LEMONGRASS,ginger,normal,430
LEMONGRASS,honey,normal,430
LEMONGRASS,Indonesian cuisine,recommended,430
LEMONGRASS,"lime, juice",normal,430
LEMONGRASS,lobster,recommended,430
LEMONGRASS,Malaysian cuisine,normal,430
LEMONGRASS,meats,normal,430
LEMONGRASS,mint,normal,430
LEMONGRASS,"noodles, rice",normal,430
LEMONGRASS,offal,normal,430
LEMONGRASS,onions,normal,430
LEMONGRASS,parsley,normal,430
LEMONGRASS,peanuts,normal,430
LEMONGRASS,pork,recommended,430
LEMONGRASS,poultry,normal,430
LEMONGRASS,sage,normal,430
LEMONGRASS,salads and salad dressings,recommended,430
LEMONGRASS,scallions,normal,430
LEMONGRASS,shallots,recommended,430
LEMONGRASS,SHELLFISH,very_highly_recommended,430
LEMONGRASS,shrimp,recommended,430
LEMONGRASS,"soups, esp. chicken or turkey",recommended,430
LEMONGRASS,Southeast Asian cuisines,normal,430
LEMONGRASS,spring rolls,normal,430
LEMONGRASS,stews,recommended,430
LEMONGRASS,teas,normal,430
LEMONGRASS,THAI CUISINE,very_highly_recommended,430
LEMONGRASS,turmeric,normal,430
LEMONGRASS,vanilla,normal,430
LEMONGRASS,vegetables,normal,431
LEMONGRASS,Vietnamese cuisine,recommended,431
LEMONGRASS,vinaigrettes,normal,431
LEMON THYME,asparagus,normal,431
LEMON THYME,basil,normal,431
LEMON THYME,bay leaf,normal,431
LEMON THYME,beets,normal,431
LEMON THYME,"beverages (e.g., herbal teas)",normal,431
LEMON THYME,bouillabaisse,normal,431
LEMON THYME,carrots,recommended,431
LEMON THYME,"chicken, esp. roasted",normal,431
LEMON THYME,chives,normal,431
LEMON THYME,eggs,normal,431
LEMON THYME,fennel,normal,431
LEMON THYME,figs,normal,431
LEMON THYME,fish,normal,431
LEMON THYME,fruits,recommended,431
LEMON THYME,ginger,normal,431
LEMON THYME,halibut,normal,431
LEMON THYME,lamb,normal,431
LEMON THYME,marjoram,normal,431
LEMON THYME,meats,normal,431
LEMON THYME,mint,normal,431
LEMON THYME,orange,normal,431
LEMON THYME,parsley,normal,431
LEMON THYME,potatoes,normal,431
LEMON THYME,poultry,normal,431
LEMON THYME,rabbit,normal,431
LEMON THYME,rosemary,normal,431
LEMON THYME,sage,normal,431
LEMON THYME,"salads: fruit, green",recommended,431
LEMON THYME,seafood,recommended,431
LEMON THYME,shellfish,normal,431
LEMON THYME,sole,normal,431
LEMON THYME,spinach,normal,432
LEMON THYME,stews,normal,432
LEMON THYME,"stocks and broths: fish, seafood",normal,432
LEMON THYME,stuffings,normal,432
LEMON THYME,veal,recommended,432
LEMON THYME,"vegetables, esp. spring",normal,432
LEMON VERBENA,anise hyssop,normal,432
LEMON VERBENA,apricots,recommended,432
LEMON VERBENA,"baked goods (e.g., cakes, shortbread)",normal,432
LEMON VERBENA,basil,normal,432
LEMON VERBENA,beets,normal,432
LEMON VERBENA,berries,normal,432
LEMON VERBENA,beverages,normal,432
LEMON VERBENA,blueberries,normal,432
LEMON VERBENA,"butter, unsalted",normal,432
LEMON VERBENA,carrots,normal,432
LEMON VERBENA,cherries,normal,432
LEMON VERBENA,chicken,normal,432
LEMON VERBENA,chile peppers,normal,432
LEMON VERBENA,chives,normal,432
LEMON VERBENA,cilantro,normal,432
LEMON VERBENA,cinnamon,normal,432
LEMON VERBENA,cream and ice cream,normal,432
LEMON VERBENA,crème fraîche,normal,432
LEMON VERBENA,"currants, red",normal,432
LEMON VERBENA,custards,normal,432
LEMON VERBENA,desserts,normal,432
LEMON VERBENA,fish,normal,432
LEMON VERBENA,fruits,normal,432
LEMON VERBENA,garlic,normal,432
LEMON VERBENA,ginger,normal,432
LEMON VERBENA,grapes,normal,432
LEMON VERBENA,honey,normal,432
LEMON VERBENA,lamb,normal,432
LEMON VERBENA,lavender,normal,433
LEMON VERBENA,"lemon, juice",normal,433
LEMON VERBENA,lemonade,normal,433
LEMON VERBENA,lemongrass,normal,433
LEMON VERBENA,lemon thyme,normal,433
LEMON VERBENA,"lime, juice",normal,433
LEMON VERBENA,melon,normal,433
LEMON VERBENA,milk,normal,433
LEMON VERBENA,mint,normal,433
LEMON VERBENA,mushrooms,normal,433
LEMON VERBENA,nectarines,normal,433
LEMON VERBENA,peaches,normal,433
LEMON VERBENA,peas,normal,433
LEMON VERBENA,plums,normal,433
LEMON VERBENA,raspberries,normal,433
LEMON VERBENA,rice,normal,433
LEMON VERBENA,"salads, fruit and green",normal,433
LEMON VERBENA,salt,normal,433
LEMON VERBENA,sour cream,normal,433
LEMON VERBENA,strawberries,normal,433
LEMON VERBENA,sugar,normal,433
LEMON VERBENA,tamarind,normal,433
LEMON VERBENA,"tea, green",normal,433
LEMON VERBENA,zucchini,normal,433
LENTILS,"apples: cider, juice",normal,433
LENTILS,bacon,recommended,433
LENTILS,BAY LEAF,very_highly_recommended,433
LENTILS,"bell peppers, esp. red",normal,433
LENTILS,bouquet garni,normal,433
LENTILS,bread and croutons,normal,433
LENTILS,"butter, unsalted",recommended,434
LENTILS,cardamom,normal,434
LENTILS,CARROTS,very_highly_recommended,434
LENTILS,cayenne,normal,434
LENTILS,CELERY,very_highly_recommended,434
LENTILS,celery root,normal,434
LENTILS,"cheese, goat",normal,434
LENTILS,chervil,normal,434
LENTILS,"chile peppers: dried red, fresh green",normal,434
LENTILS,chives (garnish),normal,434
LENTILS,cilantro,normal,434
LENTILS,cinnamon,normal,434
LENTILS,cloves,normal,434
LENTILS,coconut,normal,434
LENTILS,cornichons,normal,434
LENTILS,cream,normal,434
LENTILS,"cumin, esp. seeds",recommended,434
LENTILS,"curry: leaves, powder, sauces",normal,434
LENTILS,dill,normal,434
LENTILS,eggplant,normal,434
LENTILS,French cuisine,normal,434
LENTILS,"game birds, roasted (e.g., quail)",normal,434
LENTILS,GARLIC,very_highly_recommended,434
LENTILS,ginger,recommended,434
LENTILS,ham and ham hocks,normal,434
LENTILS,honey,normal,434
LENTILS,Indian cuisine,normal,434
LENTILS,lamb,normal,434
LENTILS,leeks,recommended,434
LENTILS,"lemon, juice",normal,434
LENTILS,"lime, juice",normal,435
LENTILS,meats,normal,435
LENTILS,Mediterranean cuisine,normal,435
LENTILS,"mint, esp. spearmint",normal,435
LENTILS,mirepoix (esp. for soups),normal,435
LENTILS,"mustard, Dijon",normal,435
LENTILS,"mustard seeds, black",normal,435
LENTILS,"OIL: hazelnut, peanut, vegetable, walnut",recommended,435
LENTILS,olive oil,recommended,435
LENTILS,"ONIONS, esp. red, white, yellow",very_highly_recommended,435
LENTILS,oregano,normal,435
LENTILS,"PARSLEY, flat-leaf",recommended,435
LENTILS,"PEPPER: black, white",recommended,435
LENTILS,pineapple,normal,435
LENTILS,pork,recommended,435
LENTILS,"poultry, roasted (e.g., chicken)",normal,435
LENTILS,prosciutto,normal,435
LENTILS,SALMON,very_highly_recommended,435
LENTILS,SALT: kosher,recommended,435
LENTILS,"sausage, esp. smoked",recommended,435
LENTILS,scallions,normal,435
LENTILS,shallots,recommended,435
LENTILS,"sorrel, esp. with green lentils",recommended,435
LENTILS,soups,normal,435
LENTILS,soy sauce,normal,435
LENTILS,spinach,normal,435
LENTILS,"squash, winter (e.g., butternut)",normal,435
LENTILS,"STOCKS: chicken, vegetable",recommended,435
LENTILS,thyme,recommended,435
LENTILS,tomatoes,recommended,435
LENTILS,turmeric,normal,435
LENTILS,turnips,normal,435
LENTILS,"VINEGAR: balsamic, red wine, sherry",recommended,435
LENTILS,walnuts,normal,435
LENTILS,"wine, red",normal,435
LENTILS,zucchini,normal,435
LETTUCES — IN GENERAL,apples,normal,436
LETTUCES — IN GENERAL,bacon,normal,436
LETTUCES — IN GENERAL,basil,normal,436
LETTUCES — IN GENERAL,"bread, breadsticks, croutons, etc.",normal,436
LETTUCES — IN GENERAL,capers,normal,436
LETTUCES — IN GENERAL,"cheese (e.g., feta)",normal,436
LETTUCES — IN GENERAL,"chicories, aka bitter greens",normal,436
LETTUCES — IN GENERAL,dill,normal,436
LETTUCES — IN GENERAL,"eggs, esp. hard-boiled",normal,436
LETTUCES — IN GENERAL,fennel leaves,normal,436
LETTUCES — IN GENERAL,garlic,normal,436
LETTUCES — IN GENERAL,"lemon, juice",normal,436
LETTUCES — IN GENERAL,mint,normal,436
LETTUCES — IN GENERAL,mushrooms,normal,436
LETTUCES — IN GENERAL,"mustard, Dijon",normal,436
LETTUCES — IN GENERAL,nuts,normal,436
LETTUCES — IN GENERAL,"oil: hazelnut, peanut, walnut",recommended,436
LETTUCES — IN GENERAL,olive oil,recommended,436
LETTUCES — IN GENERAL,olives,normal,436
LETTUCES — IN GENERAL,orange,normal,436
LETTUCES — IN GENERAL,parsley,normal,436
LETTUCES — IN GENERAL,peaches,normal,436
LETTUCES — IN GENERAL,pears,normal,436
LETTUCES — IN GENERAL,"pepper, black",recommended,436
LETTUCES — IN GENERAL,raisins,normal,436
LETTUCES — IN GENERAL,salt,recommended,436
LETTUCES — IN GENERAL,shallots,normal,436
LETTUCES — IN GENERAL,sprouts,normal,436
LETTUCES — IN GENERAL,tarragon,normal,436
LETTUCES — IN GENERAL,"vegetables, esp. raw",normal,436
LETTUCES — IN GENERAL,vinaigrette,normal,436
LETTUCES — IN GENERAL,"vinegar: balsamic, cider, red wine",recommended,436
LETTUCES — IN GENERAL,watercress,normal,436
"LETTUCE, BIBB (aka Boston or butter lettuce)",arugula,normal,437
"LETTUCE, BIBB (aka Boston or butter lettuce)",avocados,normal,437
"LETTUCE, BIBB (aka Boston or butter lettuce)",basil,normal,437
"LETTUCE, BIBB (aka Boston or butter lettuce)",chervil,normal,437
"LETTUCE, BIBB (aka Boston or butter lettuce)",chives,normal,437
"LETTUCE, BIBB (aka Boston or butter lettuce)",cucumbers,normal,437
"LETTUCE, BIBB (aka Boston or butter lettuce)",fines herbes,normal,437
"LETTUCE, BIBB (aka Boston or butter lettuce)",lemon,recommended,437
"LETTUCE, BIBB (aka Boston or butter lettuce)",orange,recommended,437
"LETTUCE, BIBB (aka Boston or butter lettuce)",parsley,normal,437
"LETTUCE, BIBB (aka Boston or butter lettuce)","pepper, black",normal,437
"LETTUCE, BIBB (aka Boston or butter lettuce)",radishes,normal,437
"LETTUCE, BIBB (aka Boston or butter lettuce)",salt,normal,437
"LETTUCE, BIBB (aka Boston or butter lettuce)",sesame seeds,normal,437
"LETTUCE, BIBB (aka Boston or butter lettuce)","freshness, crunch, and spicy heat from radishes.",normal,437
"LETTUCE, BIBB (aka Boston or butter lettuce)",shallots,recommended,437
"LETTUCE, BIBB (aka Boston or butter lettuce)",tarragon,normal,437
"LETTUCE, BIBB (aka Boston or butter lettuce)",vinaigrette,normal,437
"LETTUCE, BIBB (aka Boston or butter lettuce)",watercress,normal,437
"LETTUCE, BIBB (aka Boston or butter lettuce)",yogurt,normal,437
"LETTUCE, BIBB (aka Boston or butter lettuce)","Arugula, Escarole, Frisée, Radicchio)",recommended,437
"LETTUCE, BIBB (aka Boston or butter lettuce)",bacon,normal,438
"LETTUCE, BIBB (aka Boston or butter lettuce)",basil,normal,438
"LETTUCE, BIBB (aka Boston or butter lettuce)","beans, esp. “fresh shell”",normal,438
"LETTUCE, BIBB (aka Boston or butter lettuce)",butter,normal,438
"LETTUCE, BIBB (aka Boston or butter lettuce)","cheese: Asiago, Gruyère, Parmesan",recommended,438
"LETTUCE, BIBB (aka Boston or butter lettuce)",cilantro,normal,438
"LETTUCE, BIBB (aka Boston or butter lettuce)",cream,normal,438
"LETTUCE, BIBB (aka Boston or butter lettuce)","eggs, hard-boiled",normal,438
"LETTUCE, BIBB (aka Boston or butter lettuce)",garlic,normal,438
"LETTUCE, BIBB (aka Boston or butter lettuce)","lemon, juice",normal,438
"LETTUCE, BIBB (aka Boston or butter lettuce)",lemon balm,normal,438
"LETTUCE, BIBB (aka Boston or butter lettuce)",nuts,normal,438
"LETTUCE, BIBB (aka Boston or butter lettuce)",olives,normal,438
"LETTUCE, BIBB (aka Boston or butter lettuce)",olive oil,recommended,438
"LETTUCE, BIBB (aka Boston or butter lettuce)","onions, yellow",normal,438
"LETTUCE, BIBB (aka Boston or butter lettuce)",pancetta,normal,438
"LETTUCE, BIBB (aka Boston or butter lettuce)",parsley,normal,438
"LETTUCE, BIBB (aka Boston or butter lettuce)",pasta,normal,438
"LETTUCE, BIBB (aka Boston or butter lettuce)",red pepper flakes,normal,438
"LETTUCE, BIBB (aka Boston or butter lettuce)",rices,normal,438
"LETTUCE, BIBB (aka Boston or butter lettuce)","salt, kosher",normal,438
"LETTUCE, BIBB (aka Boston or butter lettuce)",scallions,normal,438
"LETTUCE, BIBB (aka Boston or butter lettuce)",shallots,normal,438
"LETTUCE, BIBB (aka Boston or butter lettuce)",sugar,normal,438
"LETTUCE, BIBB (aka Boston or butter lettuce)",thyme,normal,438
"LETTUCE, BIBB (aka Boston or butter lettuce)","vinegar: balsamic, red wine, white",recommended,438
"LETTUCE, BIBB (aka Boston or butter lettuce)",walnuts,normal,438
"LETTUCES — MESCLUN GREENS (i.e., mixed baby lettuces)","Cheese, White Anchovies, Fire-Roasted Peppers, and Crisp Capers",recommended,438
"LETTUCES — MESCLUN GREENS (i.e., mixed baby lettuces)",basil,normal,439
"LETTUCES — MESCLUN GREENS (i.e., mixed baby lettuces)","cheese, goat",normal,439
"LETTUCES — MESCLUN GREENS (i.e., mixed baby lettuces)",chervil,normal,439
"LETTUCES — MESCLUN GREENS (i.e., mixed baby lettuces)",chives,normal,439
"LETTUCES — MESCLUN GREENS (i.e., mixed baby lettuces)","confit (e.g., duck)",normal,439
"LETTUCES — MESCLUN GREENS (i.e., mixed baby lettuces)",French cuisine,normal,439
"LETTUCES — MESCLUN GREENS (i.e., mixed baby lettuces)",hazelnuts,normal,439
"LETTUCES — MESCLUN GREENS (i.e., mixed baby lettuces)","lemon, juice",normal,439
"LETTUCES — MESCLUN GREENS (i.e., mixed baby lettuces)","mushrooms, wild (e.g., morels)",normal,439
"LETTUCES — MESCLUN GREENS (i.e., mixed baby lettuces)",olive oil,normal,439
"LETTUCES — MESCLUN GREENS (i.e., mixed baby lettuces)","parsley, flat-leaf",normal,439
"LETTUCES — MESCLUN GREENS (i.e., mixed baby lettuces)",pecan,normal,439
"LETTUCES — MESCLUN GREENS (i.e., mixed baby lettuces)","pepper, black",normal,439
"LETTUCES — MESCLUN GREENS (i.e., mixed baby lettuces)",salt,normal,439
"LETTUCES — MESCLUN GREENS (i.e., mixed baby lettuces)",shallots,normal,439
"LETTUCES — MESCLUN GREENS (i.e., mixed baby lettuces)",tarragon,normal,439
"LETTUCES — MESCLUN GREENS (i.e., mixed baby lettuces)",vinaigrettes,normal,439
"LETTUCE, ROMAINE",anchovies,recommended,439
"LETTUCE, ROMAINE",avocados,recommended,439
"LETTUCE, ROMAINE","bell peppers: green, red",normal,439
"LETTUCE, ROMAINE",butter,normal,439
"LETTUCE, ROMAINE",Caesar salad,normal,439
"LETTUCE, ROMAINE",capers,normal,439
"LETTUCE, ROMAINE",cayenne,normal,439
"LETTUCE, ROMAINE","CHEESE: feta, dry Jack, Monterey Jack, Parmesan, Stilton",recommended,439
"LETTUCE, ROMAINE",chervil,normal,439
"LETTUCE, ROMAINE","chile peppers: jalapeño, serrano",normal,439
"LETTUCE, ROMAINE",chives,normal,439
"LETTUCE, ROMAINE",cilantro,normal,439
"LETTUCE, ROMAINE",cream,normal,440
"LETTUCE, ROMAINE",crème fraîche,normal,440
"LETTUCE, ROMAINE",croutons,normal,440
"LETTUCE, ROMAINE",cucumbers,normal,440
"LETTUCE, ROMAINE","eggs, yolk",recommended,440
"LETTUCE, ROMAINE",GARLIC,very_highly_recommended,440
"LETTUCE, ROMAINE",grapefruit,normal,440
"LETTUCE, ROMAINE",ham,normal,440
"LETTUCE, ROMAINE",leeks,normal,440
"LETTUCE, ROMAINE","lemon, juice",recommended,440
"LETTUCE, ROMAINE","lime: juice, zest",normal,440
"LETTUCE, ROMAINE",lovage,normal,440
"LETTUCE, ROMAINE",mayonnaise,normal,440
"LETTUCE, ROMAINE","mustard, Dijon",recommended,440
"LETTUCE, ROMAINE","OIL: canola, vegetable",recommended,440
"LETTUCE, ROMAINE",OLIVE OIL,very_highly_recommended,440
"LETTUCE, ROMAINE","olives, kalamata",normal,440
"LETTUCE, ROMAINE","onions, esp. red",normal,440
"LETTUCE, ROMAINE","parsley, flat-leaf",normal,440
"LETTUCE, ROMAINE","pepper: black, white",recommended,440
"LETTUCE, ROMAINE","salt: kosher, sea",recommended,440
"LETTUCE, ROMAINE",shallots,recommended,440
"LETTUCE, ROMAINE",sour cream,normal,440
"LETTUCE, ROMAINE","stocks: chicken, vegetable",normal,440
"LETTUCE, ROMAINE",tarragon,normal,440
"LETTUCE, ROMAINE",tomatoes,normal,440
"LETTUCE, ROMAINE",vinaigrette,normal,440
"LETTUCE, ROMAINE",walnuts,normal,440
"LETTUCE, ROMAINE",Worcestershire sauce,normal,440
LIMES,apricots,normal,440
LIMES,avocados,recommended,440
LIMES,"berries: blueberries, gooseberries, raspberries, strawberries",normal,440
LIMES,butter,normal,440
LIMES,buttermilk,normal,441
LIMES,capers,normal,441
LIMES,caramel,recommended,441
LIMES,ceviche,normal,441
LIMES,chicken,normal,441
LIMES,"chile peppers, esp. jalapeño or serrano",recommended,441
LIMES,"chocolate, white",normal,441
LIMES,cilantro,recommended,441
LIMES,coconut and coconut milk,recommended,441
LIMES,cream,normal,441
LIMES,cream cheese,normal,441
LIMES,crème fraîche,normal,441
LIMES,dates,normal,441
LIMES,duck,normal,441
LIMES,"figs, dried",normal,441
LIMES,"fish, esp. grilled",recommended,441
LIMES,"fruits, esp. tropical",recommended,441
LIMES,gin,normal,441
LIMES,ginger,recommended,441
LIMES,gooseberries,normal,441
LIMES,grapefruit,normal,441
LIMES,green tea,normal,441
LIMES,guacamole,normal,441
LIMES,guava,normal,441
LIMES,hazelnuts,normal,441
LIMES,"honey: raw, burnt",recommended,441
LIMES,jicama,normal,441
LIMES,kiwi fruit,normal,441
LIMES,Latin American cuisine,normal,441
LIMES,lemon,normal,441
LIMES,lemongrass,recommended,441
LIMES,"lime: juice, zest",normal,441
LIMES,lobster,normal,442
LIMES,macadamia nuts,recommended,442
LIMES,mangoes,recommended,442
LIMES,maple syrup,normal,442
LIMES,margaritas,normal,442
LIMES,mascarpone,normal,442
LIMES,"meats, esp. grilled",normal,442
LIMES,"melon, esp. honeydew",normal,442
LIMES,Mexican cuisine,recommended,442
LIMES,mint,recommended,442
LIMES,"orange, juice",normal,442
LIMES,papayas,recommended,442
LIMES,passion fruit,normal,442
LIMES,peanuts,normal,442
LIMES,pecans,normal,442
LIMES,"pie, esp. with Key limes",normal,442
LIMES,raspberries,normal,442
LIMES,rum,normal,442
LIMES,salt,normal,442
LIMES,scallops,normal,442
LIMES,sea bass,normal,442
LIMES,shellfish,normal,442
LIMES,shrimp,normal,442
LIMES,Southwestern cuisine,normal,442
LIMES,strawberries,recommended,442
LIMES,"sugar: brown, white",recommended,442
LIMES,sweet potatoes,normal,442
LIMES,tequila,normal,442
LIMES,Thai cuisine,normal,442
LIMES,tomatoes,normal,442
LIMES,tuna,normal,442
LIMES,vanilla,normal,442
LIMES,Vietnamese cuisine,normal,442
LIMES,vodka,normal,442
LIMES,yogurt,normal,442
"LIVER, CALF’S",apples,normal,443
"LIVER, CALF’S",arugula,normal,443
"LIVER, CALF’S",avocado,normal,443
"LIVER, CALF’S",bacon,normal,443
"LIVER, CALF’S",bay leaf,normal,443
"LIVER, CALF’S",bouquet garni,normal,443
"LIVER, CALF’S","butter, unsalted",normal,443
"LIVER, CALF’S",carrots,normal,443
"LIVER, CALF’S",celery,normal,443
"LIVER, CALF’S","cheese, Parmesan",normal,443
"LIVER, CALF’S",chervil,normal,443
"LIVER, CALF’S",chives,normal,443
"LIVER, CALF’S",cream,normal,443
"LIVER, CALF’S",figs,normal,443
"LIVER, CALF’S",French cuisine,normal,443
"LIVER, CALF’S",garlic,normal,443
"LIVER, CALF’S",jasmine,normal,443
"LIVER, CALF’S","lemon, juice",normal,443
"LIVER, CALF’S",milk,normal,443
"LIVER, CALF’S",mushrooms,recommended,443
"LIVER, CALF’S","mustard, Dijon",normal,443
"LIVER, CALF’S","oil, canola",recommended,443
"LIVER, CALF’S",olive oil,normal,443
"LIVER, CALF’S","olives, green",normal,443
"LIVER, CALF’S","ONIONS: fried, red, Vidalia, white",recommended,443
"LIVER, CALF’S","orange, zest",normal,443
"LIVER, CALF’S",pancetta,normal,443
"LIVER, CALF’S","parsley, flat-leaf",normal,443
"LIVER, CALF’S",pears,normal,443
"LIVER, CALF’S","pepper: black, white",normal,443
"LIVER, CALF’S",polenta,normal,443
"LIVER, CALF’S","potatoes, mashed",normal,443
"LIVER, CALF’S",prunes,normal,443
"LIVER, CALF’S",rhubarb,normal,443
"LIVER, CALF’S",sage,normal,443
"LIVER, CALF’S","salt, kosher",normal,443
"LIVER, CALF’S","sauce, brown butter",normal,444
"LIVER, CALF’S",sausages,normal,444
"LIVER, CALF’S",shallots,normal,444
"LIVER, CALF’S",spinach,normal,444
"LIVER, CALF’S","stock, chicken",normal,444
"LIVER, CALF’S","sugar, brown",normal,444
"LIVER, CALF’S",thyme,normal,444
"LIVER, CALF’S",tomatoes,normal,444
"LIVER, CALF’S",turnips,normal,444
"LIVER, CALF’S","VINEGAR: balsamic, cider, red wine, sherry",recommended,444
"LIVER, CALF’S",wine: dry red or white,normal,444
"LIVER, CHICKEN",anchovies,normal,444
"LIVER, CHICKEN",apples,normal,444
"LIVER, CHICKEN",bacon,normal,444
"LIVER, CHICKEN",bay leaf,normal,444
"LIVER, CHICKEN","butter, unsalted",normal,444
"LIVER, CHICKEN",capers,normal,444
"LIVER, CHICKEN",chicken fat,normal,444
"LIVER, CHICKEN",chives,normal,444
"LIVER, CHICKEN",cilantro,normal,444
"LIVER, CHICKEN","eggs, hard-boiled",normal,444
"LIVER, CHICKEN",garlic,recommended,444
"LIVER, CHICKEN",kale,normal,444
"LIVER, CHICKEN","lemon, juice",normal,444
"LIVER, CHICKEN","lime, juice",normal,444
"LIVER, CHICKEN","oil, peanut",normal,444
"LIVER, CHICKEN",olive oil,normal,444
"LIVER, CHICKEN","ONIONS: fried, red, sweet (e.g., Vidalia)",recommended,444
"LIVER, CHICKEN","parsley, flat-leaf",recommended,444
"LIVER, CHICKEN",peanuts,normal,444
"LIVER, CHICKEN","pepper: black, white",normal,444
"LIVER, CHICKEN",radishes,normal,444
"LIVER, CHICKEN",red pepper flakes,normal,444
"LIVER, CHICKEN",rosemary,normal,444
"LIVER, CHICKEN",sage,normal,444
"LIVER, CHICKEN","salt, kosher",normal,445
"LIVER, CHICKEN",shallots,normal,445
"LIVER, CHICKEN","sherry, dry (e.g., fino)",normal,445
"LIVER, CHICKEN",soy sauce,normal,445
"LIVER, CHICKEN",sugar,normal,445
"LIVER, CHICKEN",thyme,normal,445
"LIVER, CHICKEN","vinegar: balsamic, sherry",normal,445
"LIVER, CHICKEN","wine, dry red",normal,445
LOBSTER,anchovies,normal,445
LOBSTER,apples,normal,445
LOBSTER,artichokes,normal,445
LOBSTER,asparagus,normal,445
LOBSTER,avocado,recommended,445
LOBSTER,bacon,normal,445
LOBSTER,basil,recommended,445
LOBSTER,bay leaf,recommended,445
LOBSTER,"beans: green, flageolets, white",normal,445
LOBSTER,beets,normal,445
LOBSTER,"bell peppers, esp. red, yellow, and/or roasted",normal,445
LOBSTER,brandy,normal,445
LOBSTER,"BUTTER, unsalted",recommended,445
LOBSTER,"cabbage, esp. savoy",normal,445
LOBSTER,capers,normal,445
LOBSTER,carrots,recommended,445
LOBSTER,caviar,recommended,445
LOBSTER,cayenne,recommended,445
LOBSTER,celery,recommended,445
LOBSTER,celery root,normal,445
LOBSTER,Champagne,normal,445
LOBSTER,"cheese: Gruyère, Parmesan",normal,446
LOBSTER,chervil,recommended,446
LOBSTER,"chile peppers, jalapeño",normal,446
LOBSTER,chili paste,normal,446
LOBSTER,Chinese cuisine,normal,446
LOBSTER,chives,recommended,446
LOBSTER,cilantro,recommended,446
LOBSTER,cinnamon,normal,446
LOBSTER,clams,normal,446
LOBSTER,clove,normal,446
LOBSTER,coconut and coconut milk,recommended,446
LOBSTER,cognac,recommended,446
LOBSTER,coriander,normal,446
LOBSTER,corn,recommended,446
LOBSTER,crab,normal,446
LOBSTER,cream,recommended,446
LOBSTER,crème fraîche,normal,446
LOBSTER,cucumbers,normal,446
LOBSTER,cumin,normal,446
LOBSTER,"curry: paste (red), powder",recommended,446
LOBSTER,curry leaf,normal,446
LOBSTER,daikon,normal,446
LOBSTER,dill,normal,446
LOBSTER,eggs and egg yolks,normal,446
LOBSTER,endive,normal,446
LOBSTER,fennel,recommended,446
LOBSTER,fennel seeds,normal,446
LOBSTER,fenugreek seeds,normal,446
LOBSTER,figs,normal,446
LOBSTER,"fish sauce, Thai",normal,446
LOBSTER,foie gras,normal,446
LOBSTER,frisée,normal,446
LOBSTER,GARLIC,very_highly_recommended,446
LOBSTER,"ginger, fresh",recommended,446
LOBSTER,grapefruit,normal,446
LOBSTER,grapes,normal,446
LOBSTER,guacamole,normal,446
LOBSTER,haricots verts,normal,446
LOBSTER,honey,normal,446
LOBSTER,horseradish,normal,446
LOBSTER,kiwi fruit,normal,446
LOBSTER,kumquats,normal,446
LOBSTER,leeks,recommended,446
LOBSTER,"LEMON: juice, zest",recommended,446
LOBSTER,"lemon, Meyer",normal,446
LOBSTER,soy sauce instead.,normal,447
LOBSTER,Puree,recommended,447
LOBSTER,Butter-Poached Lobster with Sweet Carrot Emulsion,recommended,447
LOBSTER,Briny Lobster with Wasabi Mayo,recommended,447
LOBSTER,Fava Beans,recommended,448
LOBSTER,Bourbon–Black Pepper Sauce,recommended,448
LOBSTER,lemongrass,recommended,448
LOBSTER,lentils,normal,448
LOBSTER,"lime: leaf (kaffir), juice",recommended,448
LOBSTER,lobster roe,normal,448
LOBSTER,macaroni and cheese,normal,448
LOBSTER,mace,normal,448
LOBSTER,mâche,normal,448
LOBSTER,mangoes,normal,448
LOBSTER,mascarpone,normal,448
LOBSTER,mayonnaise,recommended,448
LOBSTER,Mediterranean cuisine,normal,448
LOBSTER,mint,normal,448
LOBSTER,mirepoix,normal,448
LOBSTER,"miso, white",normal,448
LOBSTER,mussels,normal,448
LOBSTER,"mustard: dry, seeds",normal,448
LOBSTER,New England cuisine,normal,448
LOBSTER,nutmeg,normal,448
LOBSTER,olive oil,recommended,448
LOBSTER,"onions, esp. pearl, red, Spanish",recommended,448
LOBSTER,"orange (juice, zest) and clementine",recommended,448
LOBSTER,oyster sauce,normal,448
LOBSTER,papaya,normal,448
LOBSTER,"paprika, sweet",normal,448
LOBSTER,"parsley, flat-leaf",recommended,448
LOBSTER,parsnips,normal,448
LOBSTER,"pasta (e.g., macaroni)",normal,448
LOBSTER,passion fruit,normal,448
LOBSTER,peanuts,normal,448
LOBSTER,peas,recommended,448
LOBSTER,"peas, snow",normal,449
LOBSTER,"pepper: black, white",recommended,449
LOBSTER,Pernod,normal,449
LOBSTER,pineapple,recommended,449
LOBSTER,port,normal,449
LOBSTER,"potatoes, esp. fingerling or new",recommended,449
LOBSTER,pumpkin,normal,449
LOBSTER,radicchio,normal,449
LOBSTER,red pepper flakes,normal,449
LOBSTER,rhubarb,normal,449
LOBSTER,"rice, esp. sticky, and risotto",recommended,449
LOBSTER,rosemary,normal,449
LOBSTER,saffron,normal,449
LOBSTER,"SALT: kosher, sea, sel gris",recommended,449
LOBSTER,"sauces, béchamel",normal,449
LOBSTER,scallions,recommended,449
LOBSTER,scallops,normal,449
LOBSTER,sea urchin,normal,449
LOBSTER,shallots,recommended,449
LOBSTER,shrimp,normal,449
LOBSTER,snow peas,normal,449
LOBSTER,Southern cuisine,normal,449
LOBSTER,soy sauce,recommended,449
LOBSTER,spinach,normal,449
LOBSTER,squid,normal,449
LOBSTER,star anise,normal,449
LOBSTER,"stocks: chicken, fish, lobster, shellfish, veal, vegetable",recommended,449
LOBSTER,Tabasco sauce,normal,449
LOBSTER,"tamarind, puree",normal,449
LOBSTER,tarragon,recommended,449
LOBSTER,thyme,normal,449
LOBSTER,"TOMATOES: juice, paste, pulp",recommended,449
LOBSTER,"truffles: black, juice",normal,449
LOBSTER,vanilla,recommended,449
LOBSTER,"vermouth, dry",normal,449
LOBSTER,"vinaigrette, esp. citrus",normal,449
LOBSTER,"VINEGAR: red wine, rice wine, sherry, white wine",recommended,449
LOBSTER,vodka,normal,449
LOBSTER,wasabi,normal,449
LOBSTER,water chestnuts,normal,449
LOBSTER,watermelon,normal,449
LOBSTER,whiskey,normal,449
LOBSTER,Worcestershire sauce,normal,449
LOBSTER,yuzu juice,normal,449
LOTUS ROOT,ginger,normal,450
LOTUS ROOT,lemon,normal,450
LOTUS ROOT,lime,normal,450
LOTUS ROOT,"oil, vegetable",normal,450
LOTUS ROOT,salads,normal,450
LOTUS ROOT,soups,normal,450
LOTUS ROOT,soy sauce,normal,450
LOTUS ROOT,stir-fried dishes,normal,450
LOTUS ROOT,tempura,normal,450
LOTUS ROOT,"vinegar, rice",normal,450
LOTUS ROOT,"wine, rice",normal,450
LOVAGE,apples,normal,451
LOVAGE,bay leaf,normal,451
LOVAGE,"beans, green",normal,451
LOVAGE,bell peppers,normal,451
LOVAGE,caraway,normal,451
LOVAGE,carrots,normal,451
LOVAGE,chard,normal,451
LOVAGE,cheese,normal,451
LOVAGE,chervil,normal,451
LOVAGE,chicken,normal,451
LOVAGE,chile peppers,normal,451
LOVAGE,chives,normal,451
LOVAGE,clams,normal,451
LOVAGE,corn,recommended,451
LOVAGE,"crab, Dungeness",normal,451
LOVAGE,cream cheese,normal,451
LOVAGE,dill,normal,451
LOVAGE,eggs and egg dishes,normal,451
LOVAGE,fennel,normal,451
LOVAGE,"fish, e.g., halibut, skate, smoked, tuna",recommended,451
LOVAGE,garlic,normal,451
LOVAGE,greens,normal,451
LOVAGE,ham,normal,451
LOVAGE,juniper berries,normal,451
LOVAGE,lamb,normal,451
LOVAGE,marjoram,normal,451
LOVAGE,mint,normal,451
LOVAGE,mushrooms,normal,451
LOVAGE,mussels,normal,451
LOVAGE,mustard,normal,451
LOVAGE,"nettles, stinging",normal,451
LOVAGE,onions,normal,451
LOVAGE,oregano,normal,451
LOVAGE,parsley,normal,451
LOVAGE,pork,recommended,451
LOVAGE,potatoes,recommended,451
LOVAGE,rabbit,normal,452
LOVAGE,rice,normal,452
LOVAGE,"salads, green",normal,452
LOVAGE,sauces,normal,452
LOVAGE,shellfish,normal,452
LOVAGE,sorrel,normal,452
LOVAGE,"soups, esp. fish",normal,452
LOVAGE,spinach,recommended,452
LOVAGE,stews,normal,452
LOVAGE,tarragon,normal,452
LOVAGE,thyme,normal,452
LOVAGE,tomatoes and tomato juice,recommended,452
LOVAGE,veal,normal,452
LOVAGE,"vegetables, esp. root",normal,452
LOVAGE,zucchini,normal,452
LUXURIOUS,"caviar, esp. Beluga",normal,452
LUXURIOUS,Champagne,normal,452
LUXURIOUS,foie gras,normal,452
LUXURIOUS,Ibérico ham,normal,452
LUXURIOUS,Kobe beef,normal,452
LUXURIOUS,saffron,normal,452
LUXURIOUS,smoked fish,normal,452
LUXURIOUS,vanilla,normal,452
LUXURIOUS,"truffles: black, white",normal,452
LUXURIOUS,wine,normal,452
LYCHEES,anise hyssop,normal,452
LYCHEES,berries,normal,452
LYCHEES,blackberries,normal,452
LYCHEES,chicken,normal,453
LYCHEES,chile peppers,normal,453
LYCHEES,cilantro,normal,453
LYCHEES,coconut and coconut milk,recommended,453
LYCHEES,cream,normal,453
LYCHEES,cream cheese,normal,453
LYCHEES,curry,normal,453
LYCHEES,duck,normal,453
LYCHEES,foie gras,normal,453
LYCHEES,ginger,recommended,453
LYCHEES,honey,normal,453
LYCHEES,kiwi fruit,normal,453
LYCHEES,"lemon, juice",normal,453
LYCHEES,lemongrass,normal,453
LYCHEES,"lime, juice",recommended,453
LYCHEES,mangoes,normal,453
LYCHEES,"melon, esp. honeydew",normal,453
LYCHEES,nuts,normal,453
LYCHEES,"orange, tangerine",recommended,453
LYCHEES,passion fruit,normal,453
LYCHEES,pears,normal,453
LYCHEES,pineapple,normal,453
LYCHEES,plums,normal,453
LYCHEES,pork,normal,453
LYCHEES,raspberries,recommended,453
LYCHEES,rice,normal,453
LYCHEES,rose (French cuisine),normal,453
LYCHEES,rum,recommended,453
LYCHEES,sake,normal,453
LYCHEES,"salads, fruit",normal,453
LYCHEES,"shellfish: scallops, shrimp",normal,453
LYCHEES,strawberries,normal,453
LYCHEES,"sugar, esp. palm",recommended,453
LYCHEES,vodka,normal,453
LYCHEES,"wine: plum, sparkling",normal,453
LYCHEES,yogurt,normal,453
MACADAMIA NUTS,apricots,normal,454
MACADAMIA NUTS,bananas,normal,454
MACADAMIA NUTS,beets,normal,454
MACADAMIA NUTS,bourbon,normal,454
MACADAMIA NUTS,brandy,normal,454
MACADAMIA NUTS,caramel,normal,454
MACADAMIA NUTS,cashews,normal,454
MACADAMIA NUTS,chicken,normal,454
MACADAMIA NUTS,"chocolate, esp. dark or white",recommended,454
MACADAMIA NUTS,coconut,normal,454
MACADAMIA NUTS,coffee,normal,454
MACADAMIA NUTS,crab,normal,454
MACADAMIA NUTS,cream,normal,454
MACADAMIA NUTS,dates,normal,454
MACADAMIA NUTS,desserts,recommended,454
MACADAMIA NUTS,"figs, dried",normal,454
MACADAMIA NUTS,Summer Raspberry-Lychee Macaroon with Lemon Sorbet,recommended,454
MACADAMIA NUTS,"fish (e.g., cod, halibut, mahi mahi)",normal,454
MACADAMIA NUTS,ginger,normal,454
MACADAMIA NUTS,goat cheese,normal,454
MACADAMIA NUTS,grapefruit,normal,454
MACADAMIA NUTS,guava,normal,455
MACADAMIA NUTS,Hawaiian cuisine,normal,455
MACADAMIA NUTS,honey,normal,455
MACADAMIA NUTS,kumquats,normal,455
MACADAMIA NUTS,lamb,normal,455
MACADAMIA NUTS,lemon,normal,455
MACADAMIA NUTS,lime,normal,455
MACADAMIA NUTS,mango,normal,455
MACADAMIA NUTS,maple syrup,normal,455
MACADAMIA NUTS,mint,normal,455
MACADAMIA NUTS,orange,normal,455
MACADAMIA NUTS,papaya,normal,455
MACADAMIA NUTS,passion fruit,normal,455
MACADAMIA NUTS,peaches,normal,455
MACADAMIA NUTS,pineapple,normal,455
MACADAMIA NUTS,prunes,normal,455
MACADAMIA NUTS,raspberries,normal,455
MACADAMIA NUTS,rum,normal,455
MACADAMIA NUTS,scallops,normal,455
MACADAMIA NUTS,"sugar, brown",normal,455
MACADAMIA NUTS,vanilla,normal,455
MACE,allspice,normal,455
MACE,Asian cuisine,normal,455
MACE,"baked goods (e.g., doughnuts)",normal,455
MACE,beans,normal,455
MACE,broccoli,normal,455
MACE,butter,normal,455
MACE,cabbage,normal,455
MACE,cardamom,normal,455
MACE,carrots,normal,455
MACE,"cheese and cheese dishes, esp. creamy",recommended,455
MACE,cherry pie,normal,455
MACE,chicken,recommended,456
MACE,chocolate,normal,456
MACE,"chowders (e.g., fish)",normal,456
MACE,cinnamon,normal,456
MACE,cloves,normal,456
MACE,coriander,normal,456
MACE,cream / milk,recommended,456
MACE,cumin,normal,456
MACE,curry (ingredient),normal,456
MACE,eggs,normal,456
MACE,English cuisine,normal,456
MACE,fish,recommended,456
MACE,French cuisine,normal,456
MACE,garam masala (ingredient),normal,456
MACE,ginger,normal,456
MACE,hazelnuts,normal,456
MACE,Indian cuisine,normal,456
MACE,ketchup (ingredient),normal,456
MACE,lamb,normal,456
MACE,meats,recommended,456
MACE,New England cuisine,normal,456
MACE,NUTMEG,very_highly_recommended,456
MACE,onions,normal,456
MACE,paprika,normal,456
MACE,pastries,recommended,456
MACE,pepper,normal,456
MACE,potatoes,normal,456
MACE,pound cake,normal,456
MACE,puddings,normal,456
MACE,pumpkin,normal,456
MACE,"salads, fruit",normal,456
MACE,"sauces: béchamel, cream, onion",recommended,456
MACE,sausages,normal,456
MACE,"shellfish, shrimp",recommended,456
MACE,soups and consommés,recommended,456
MACE,spinach,normal,456
MACE,stuffing,normal,456
MACE,sweet potatoes,normal,456
MACE,thyme,normal,456
MACE,veal,recommended,456
MACE,vegetables,normal,456
MACE,West Indian cuisine,normal,456
MâCHE,apples,recommended,457
MâCHE,bacon,normal,457
MâCHE,beets,recommended,457
MâCHE,butter,normal,457
MâCHE,"cheese, goat",recommended,457
MâCHE,cream,normal,457
MâCHE,"eggs, quail",normal,457
MâCHE,endive,normal,457
MâCHE,"lemon, juice",recommended,457
MâCHE,"mustard, Dijon",normal,457
MâCHE,"nuts: pistachios, walnuts",normal,457
MâCHE,"oil: grapeseed, nut",normal,457
MâCHE,olive oil,normal,457
MâCHE,orange,normal,457
MâCHE,pomegranates,normal,457
MâCHE,potatoes,normal,457
MâCHE,scallops,normal,457
MâCHE,shallots,normal,457
MâCHE,"vinegar: champagne, sherry",recommended,457
MACKEREL,apples,normal,457
MACKEREL,artichokes,normal,457
MACKEREL,bay leaf,normal,457
MACKEREL,beets,normal,457
MACKEREL,"bell peppers: red, yellow",normal,458
MACKEREL,butter,normal,458
MACKEREL,capers,normal,458
MACKEREL,caraway seeds,normal,458
MACKEREL,caviar,normal,458
MACKEREL,ceviche,normal,458
MACKEREL,chile peppers,normal,458
MACKEREL,chives,recommended,458
MACKEREL,cilantro,normal,458
MACKEREL,cinnamon,normal,458
MACKEREL,cloves,normal,458
MACKEREL,coriander,normal,458
MACKEREL,cornichons,normal,458
MACKEREL,cream,normal,458
MACKEREL,crème fraîche,normal,458
MACKEREL,cucumber,normal,458
MACKEREL,cumin,normal,458
MACKEREL,dill,normal,458
MACKEREL,fennel,normal,458
MACKEREL,French cuisine,normal,458
MACKEREL,garlic,recommended,458
MACKEREL,ginger,recommended,458
MACKEREL,gooseberries,normal,458
MACKEREL,horseradish,normal,458
MACKEREL,"LEMON, juice",recommended,458
MACKEREL,lemon thyme,recommended,458
MACKEREL,lentils,normal,458
MACKEREL,"lime, juice",normal,458
MACKEREL,mint (garnish),normal,458
MACKEREL,miso,normal,458
MACKEREL,mushrooms,normal,458
MACKEREL,"mustard, Dijon",recommended,458
MACKEREL,mustard seeds,normal,458
MACKEREL,"OIL: canola, corn, peanut, sesame, vegetable",recommended,458
MACKEREL,olive oil,recommended,458
MACKEREL,onions,recommended,458
MACKEREL,"orange, juice",normal,458
MACKEREL,pancetta,normal,458
MACKEREL,"parsley, flat-leaf",recommended,458
MACKEREL,"PEPPER: black, green, white",recommended,458
MACKEREL,red pepper flakes,normal,458
MACKEREL,rosemary,normal,458
MACKEREL,saffron,normal,458
MACKEREL,sake,normal,458
MACKEREL,salmon caviar,normal,458
MACKEREL,"salt, sea",recommended,459
MACKEREL,scallions,recommended,459
MACKEREL,sesame seeds,normal,459
MACKEREL,shallots,recommended,459
MACKEREL,sorrel,normal,459
MACKEREL,soy sauce,normal,459
MACKEREL,"stocks: chicken, fish",normal,459
MACKEREL,sugar,normal,459
MACKEREL,thyme,recommended,459
MACKEREL,"VINEGAR: champagne, red wine, sherry, white wine",recommended,459
MACKEREL,"wine, dry white",recommended,459
MAHI MAHI,avocado,normal,459
MAHI MAHI,cabbage,normal,459
MAHI MAHI,cilantro,normal,459
MAHI MAHI,coriander,normal,459
MAHI MAHI,dill,normal,459
MAHI MAHI,"fruits, esp. tropical",normal,459
MAHI MAHI,gin,normal,459
MAHI MAHI,juniper berries,normal,459
MAHI MAHI,"lemon: juice, zest",normal,459
MAHI MAHI,"orange: juice, zest",normal,459
MAHI MAHI,"pepper, white",normal,459
MAHI MAHI,"salt, sea",normal,459
MAHI MAHI,sugar,normal,459
MALT,bananas,normal,460
MALT,caramel,normal,460
MALT,chocolate,recommended,460
MALT,cinnamon,normal,460
MALT,coffee,normal,460
MALT,cream and ice cream,recommended,460
MALT,nuts,normal,460
MALT,sugar,normal,460
MALT,vanilla,recommended,460
MALT,"Pecan Syrup, Shortbread Cookies",recommended,460
MALT,Brittle,recommended,460
MALT,"chocolate, vanilla, and caramel.",normal,460
MALT,"Mango Mousse, Pineapple Soufflé, Roasted Pineapple, Swiss Meringue",recommended,460
MALT,"Organic Strawberry and Grapefruit Granitas, Mango “Salad,” Mascarpone",recommended,460
MALT,"Mango, Pistachio, and Banana Strudel with Coconut-Curry Sauce",recommended,460
MANGOES,almonds,normal,461
MANGOES,amaretto,normal,461
MANGOES,anise,normal,461
MANGOES,avocados,normal,461
MANGOES,BANANAS (compatible fruit),very_highly_recommended,461
MANGOES,basil,normal,461
MANGOES,"bell peppers, esp. red and green",normal,461
MANGOES,"beverages (e.g., cocktails, smoothies)",normal,461
MANGOES,blackberries,normal,461
MANGOES,blueberries,normal,461
MANGOES,buttermilk,normal,461
MANGOES,butterscotch,normal,461
MANGOES,"cabbage, green",normal,461
MANGOES,caramel,normal,461
MANGOES,cashews,normal,461
MANGOES,cayenne,normal,461
MANGOES,ceviche,normal,461
MANGOES,Champagne,normal,461
MANGOES,"CHILE PEPPERS, esp. jalapeño, serrano, red, green",very_highly_recommended,461
MANGOES,"chocolate, white",normal,461
MANGOES,chutneys,normal,461
MANGOES,cilantro,recommended,461
MANGOES,cinnamon,normal,461
MANGOES,cloves,normal,461
MANGOES,COCONUT AND COCONUT MILK,very_highly_recommended,461
MANGOES,coffee,normal,461
MANGOES,"cream (e.g., heavy, whipped)",recommended,461
MANGOES,crème fraîche,normal,461
MANGOES,curry powder,normal,461
MANGOES,custard,normal,461
MANGOES,fish,normal,461
MANGOES,game,normal,461
MANGOES,garlic,normal,461
MANGOES,"ginger, fresh",recommended,461
MANGOES,grapefruit,normal,461
MANGOES,honey,normal,461
MANGOES,Indian cuisine,normal,461
MANGOES,Kirsch,recommended,462
MANGOES,kiwi fruit,normal,462
MANGOES,kumquats,normal,462
MANGOES,"lemon, juice",recommended,462
MANGOES,"LIME, juice",recommended,462
MANGOES,macadamia nuts,normal,462
MANGOES,mascarpone,normal,462
MANGOES,Mexican cuisine,normal,462
MANGOES,"milk (e.g., evaporated)",normal,462
MANGOES,mint,recommended,462
MANGOES,nutmeg,normal,462
MANGOES,"oil, vegetable",normal,462
MANGOES,olive oil,normal,462
MANGOES,"ONIONS: red, sweet",recommended,462
MANGOES,"ORANGE: juice, zest",recommended,462
MANGOES,orange liqueur,normal,462
MANGOES,papaya,recommended,462
MANGOES,passion fruit,recommended,462
MANGOES,"pepper, white",normal,462
MANGOES,pineapple,recommended,462
MANGOES,"pork, esp. roasted",recommended,462
MANGOES,"poultry: chicken, duck",normal,462
MANGOES,prosciutto,normal,462
MANGOES,raspberries,recommended,462
MANGOES,rice,normal,462
MANGOES,RUM,very_highly_recommended,462
MANGOES,sake,normal,462
MANGOES,"salads, fruit",normal,462
MANGOES,salmon,normal,462
MANGOES,salt,recommended,462
MANGOES,Sauternes,recommended,462
MANGOES,scallions,normal,462
MANGOES,sesame seeds,normal,462
MANGOES,"shellfish, shrimp",recommended,462
MANGOES,sorbet,normal,462
MANGOES,squab,normal,462
MANGOES,star anise,normal,462
MANGOES,strawberries,normal,462
MANGOES,"SUGAR: LIGHT BROWN, WHITE",very_highly_recommended,462
MANGOES,Tabasco sauce,normal,462
MANGOES,Thai cuisine,normal,462
MANGOES,"tuna, esp. grilled",normal,462
MANGOES,vanilla,normal,462
MANGOES,"vinegar: balsamic, red wine",normal,462
MANGOES,violets,normal,462
MANGOES,vodka,normal,463
MANGOES,"wine: Chardonnay, sweet (e.g., ice wine)",normal,463
MANGOES,yogurt,normal,463
MANGOES,soy sauce,avoid,463
MANGOES,wasabi,avoid,463
MAPLE SYRUP,almonds,normal,463
MAPLE SYRUP,anise,normal,463
MAPLE SYRUP,apples,normal,463
MAPLE SYRUP,apricots,normal,463
MAPLE SYRUP,bacon,normal,463
MAPLE SYRUP,"baked goods, e.g., gingerbread",normal,463
MAPLE SYRUP,everything from duck breast to foie gras.,normal,464
MAPLE SYRUP,Maple and Anise French Toast with Lavender Custard,recommended,464
MAPLE SYRUP,Milk Chocolate and Maple Caramel Cake,recommended,464
MAPLE SYRUP,BANANAS,very_highly_recommended,464
MAPLE SYRUP,BLUEBERRIES,very_highly_recommended,464
MAPLE SYRUP,breakfast / brunch,normal,464
MAPLE SYRUP,butter,normal,464
MAPLE SYRUP,buttermilk,normal,464
MAPLE SYRUP,Canadian cuisine,normal,464
MAPLE SYRUP,caramel,normal,464
MAPLE SYRUP,carrots,normal,465
MAPLE SYRUP,chestnuts,normal,465
MAPLE SYRUP,"chocolate, esp. dark, white",normal,465
MAPLE SYRUP,cinnamon,normal,465
MAPLE SYRUP,coffee,normal,465
MAPLE SYRUP,corn syrup,normal,465
MAPLE SYRUP,cream,normal,465
MAPLE SYRUP,cream cheese,normal,465
MAPLE SYRUP,custard,normal,465
MAPLE SYRUP,dates,normal,465
MAPLE SYRUP,desserts,normal,465
MAPLE SYRUP,duck,normal,465
MAPLE SYRUP,"figs, esp. dried",normal,465
MAPLE SYRUP,foie gras,normal,465
MAPLE SYRUP,French toast,normal,465
MAPLE SYRUP,fruit,normal,465
MAPLE SYRUP,ginger,normal,465
MAPLE SYRUP,ham,normal,465
MAPLE SYRUP,hazelnuts,normal,465
MAPLE SYRUP,"ice cream: coffee, vanilla",normal,465
MAPLE SYRUP,"lemon, juice",normal,465
MAPLE SYRUP,"lime, juice",normal,465
MAPLE SYRUP,macadamia nuts,normal,465
MAPLE SYRUP,mascarpone,recommended,465
MAPLE SYRUP,nectarines,normal,465
MAPLE SYRUP,New England cuisine,normal,465
MAPLE SYRUP,nutmeg,normal,465
MAPLE SYRUP,nuts,recommended,465
MAPLE SYRUP,oats,normal,465
MAPLE SYRUP,onions,normal,465
MAPLE SYRUP,orange,normal,465
MAPLE SYRUP,pancakes,normal,465
MAPLE SYRUP,peaches,normal,465
MAPLE SYRUP,PEARS,very_highly_recommended,465
MAPLE SYRUP,PECANS,very_highly_recommended,465
MAPLE SYRUP,persimmons,normal,465
MAPLE SYRUP,pineapple,normal,465
MAPLE SYRUP,plums,normal,465
MAPLE SYRUP,pork ribs,normal,465
MAPLE SYRUP,prunes,normal,465
MAPLE SYRUP,pumpkin,recommended,465
MAPLE SYRUP,quince,normal,465
MAPLE SYRUP,raisins,normal,465
MAPLE SYRUP,raspberries,normal,465
MAPLE SYRUP,rhubarb,normal,465
MAPLE SYRUP,"rum: dark, light",recommended,466
MAPLE SYRUP,star anise,normal,466
MAPLE SYRUP,strawberries,normal,466
MAPLE SYRUP,sweet potatoes,normal,466
MAPLE SYRUP,"sugar: light brown, raw, white",recommended,466
MAPLE SYRUP,tea,normal,466
MAPLE SYRUP,turkey,normal,466
MAPLE SYRUP,vanilla,normal,466
MAPLE SYRUP,waffles,normal,466
MAPLE SYRUP,WALNUTS,very_highly_recommended,466
MAPLE SYRUP,whiskey,normal,466
MAPLE SYRUP,yogurt,normal,466
MARJORAM,artichokes,normal,466
MARJORAM,asparagus,normal,466
MARJORAM,basil,recommended,466
MARJORAM,bay leaf,normal,466
MARJORAM,"beans, esp. green",normal,466
MARJORAM,beef,normal,466
MARJORAM,beets,normal,466
MARJORAM,bouquet garni (ingredient),normal,466
MARJORAM,bread,normal,466
MARJORAM,butter,normal,466
MARJORAM,carrots,normal,466
MARJORAM,chard,normal,466
MARJORAM,"cheese: fresh goat, mozzarella",recommended,466
MARJORAM,chicken,recommended,466
MARJORAM,chives,normal,467
MARJORAM,chowders,normal,467
MARJORAM,clams,normal,467
MARJORAM,corn,normal,467
MARJORAM,cucumber,normal,467
MARJORAM,"delicate-flavored foods (e.g., those “quiet” in Volume)",normal,467
MARJORAM,duck,normal,467
MARJORAM,"eggs and egg dishes (e.g., omelets)",recommended,467
MARJORAM,fish,recommended,467
MARJORAM,French cuisine,normal,467
MARJORAM,fines herbes (ingredient),normal,467
MARJORAM,garlic,normal,467
MARJORAM,halibut,normal,467
MARJORAM,Italian cuisine,normal,467
MARJORAM,lamb,normal,467
MARJORAM,"lemon, juice",recommended,467
MARJORAM,lima beans,normal,467
MARJORAM,"meats, esp. grilled",recommended,467
MARJORAM,Mediterranean cuisine,normal,467
MARJORAM,Middle Eastern cuisine,normal,467
MARJORAM,mint,normal,467
MARJORAM,"mushrooms, esp. wild",recommended,467
MARJORAM,North African cuisine,normal,467
MARJORAM,North American cuisine,normal,467
MARJORAM,"oil, peanut",normal,467
MARJORAM,olive oil,normal,467
MARJORAM,olives,normal,467
MARJORAM,onions,normal,467
MARJORAM,oregano,recommended,467
MARJORAM,parsley,recommended,467
MARJORAM,"pasta, esp. macaroni or ravioli",recommended,467
MARJORAM,peas,normal,467
MARJORAM,pizza,normal,467
MARJORAM,pork,normal,467
MARJORAM,potatoes,recommended,467
MARJORAM,poultry,normal,467
MARJORAM,rabbit,normal,467
MARJORAM,risotto,normal,467
MARJORAM,rosemary,recommended,467
MARJORAM,sage,normal,467
MARJORAM,"SALADS, esp. green, and salad dressings",very_highly_recommended,467
MARJORAM,sauces,normal,467
MARJORAM,sausages,normal,467
MARJORAM,savory,normal,467
MARJORAM,shellfish,normal,467
MARJORAM,"soups, esp. bean, onion",recommended,468
MARJORAM,spinach,recommended,468
MARJORAM,"squash, summer",recommended,468
MARJORAM,stews,normal,468
MARJORAM,stuffing,recommended,468
MARJORAM,thyme,recommended,468
MARJORAM,tomatoes and tomato sauce,recommended,468
MARJORAM,tuna,normal,468
MARJORAM,veal,normal,468
MARJORAM,"vegetables, esp. summer",normal,468
MARJORAM,vinaigrettes,normal,468
MARJORAM,"wine, red",normal,468
MARJORAM,zucchini,normal,468
MASCARPONE,almonds,normal,468
MASCARPONE,anchovies,normal,468
MASCARPONE,apricots,normal,468
MASCARPONE,arugula,normal,468
MASCARPONE,berries,normal,468
MASCARPONE,biscotti,normal,468
MASCARPONE,blackberries,normal,468
MASCARPONE,blueberries,recommended,468
MASCARPONE,brandy,normal,468
MASCARPONE,butter,normal,468
MASCARPONE,caramel,normal,468
MASCARPONE,"cheese, ricotta",normal,468
MASCARPONE,cherries,normal,468
MASCARPONE,chives,normal,468
MASCARPONE,"chocolate, esp. dark",recommended,468
MASCARPONE,cinnamon,normal,468
MASCARPONE,cloves,normal,468
MASCARPONE,coffee/espresso,normal,468
MASCARPONE,cream,recommended,469
MASCARPONE,cream cheese,normal,469
MASCARPONE,crème fraîche,normal,469
MASCARPONE,"currants, red",normal,469
MASCARPONE,dates,normal,469
MASCARPONE,figs,recommended,469
MASCARPONE,"fruits, tropical",normal,469
MASCARPONE,ginger,normal,469
MASCARPONE,guava,normal,469
MASCARPONE,hazelnuts,normal,469
MASCARPONE,honey,normal,469
MASCARPONE,Italian cuisine,recommended,469
MASCARPONE,Kirsch,normal,469
MASCARPONE,ladyfingers,normal,469
MASCARPONE,"lemon: juice, zest",recommended,469
MASCARPONE,lime,normal,469
MASCARPONE,maple syrup,recommended,469
MASCARPONE,mushrooms,normal,469
MASCARPONE,mustard,normal,469
MASCARPONE,nectarines,normal,469
MASCARPONE,nutmeg,normal,469
MASCARPONE,oats,normal,469
MASCARPONE,orange,normal,469
MASCARPONE,pasta,normal,469
MASCARPONE,peaches,normal,469
MASCARPONE,pears,normal,469
MASCARPONE,"pepper, black",normal,469
MASCARPONE,pesto,normal,469
MASCARPONE,pine nuts,normal,469
MASCARPONE,pistachios,normal,469
MASCARPONE,prosciutto,normal,469
MASCARPONE,pumpkin,normal,469
MASCARPONE,quince,normal,469
MASCARPONE,raisins,normal,469
MASCARPONE,raspberries,normal,469
MASCARPONE,rhubarb,normal,469
MASCARPONE,rum,normal,469
MASCARPONE,strawberries,recommended,469
MASCARPONE,"sugar: raw, white",recommended,469
MASCARPONE,truffle oil,normal,469
MASCARPONE,vanilla,recommended,469
MASCARPONE,"vinegar, balsamic",normal,469
MASCARPONE,walnuts,normal,469
MASCARPONE,"wine: red, sweet",normal,469
MEATS,"MEDITERRANEAN CUISINES (See also French [southern],",recommended,470
MEATS,"Italian, Middle Eastern, Moroccan, and Spanish Cuisines)",recommended,470
MEATS,basil,recommended,470
MEATS,citrus,normal,470
MEATS,garlic,normal,470
MEATS,herbs,normal,470
MEATS,"lemon, juice",normal,470
MEATS,marjoram,normal,470
MEATS,olive oil,recommended,470
MEATS,oregano,normal,470
MEATS,parsley,normal,470
MEATS,rosemary,normal,470
MEATS,sage,recommended,470
MEATS,savory,normal,470
MEATS,thyme,normal,470
MEATS,tomatoes,normal,470
MEATS,"vinegar: balsamic, red wine",normal,470
MERLOT,beef,normal,474
MERLOT,"cheese, esp. blue and other full-flavored",normal,474
MERLOT,chicken,normal,474
MERLOT,duck,normal,474
MERLOT,lamb,normal,474
MERLOT,"meat, red",normal,474
MERLOT,mushrooms,normal,474
MERLOT,pork,normal,474
MERLOT,steak,normal,474
MERLOT,turkey,normal,474
MERLOT,veal,normal,474
MEXICAN CUISINE,avocados,normal,474
MEXICAN CUISINE,beans,recommended,474
MEXICAN CUISINE,beef,normal,474
MEXICAN CUISINE,chicken,normal,474
MEXICAN CUISINE,CHILE PEPPERS,holy_grail,474
MEXICAN CUISINE,chili powder,normal,474
MEXICAN CUISINE,chocolate,normal,474
MEXICAN CUISINE,cilantro,normal,474
MEXICAN CUISINE,cinnamon,normal,474
MEXICAN CUISINE,corn,recommended,474
MEXICAN CUISINE,cumin,normal,474
MEXICAN CUISINE,epazote,normal,474
MEXICAN CUISINE,fried dishes,normal,474
MEXICAN CUISINE,garlic,normal,474
MEXICAN CUISINE,lemon,normal,474
MEXICAN CUISINE,"lime, juice",normal,474
MEXICAN CUISINE,nuts,normal,474
MEXICAN CUISINE,onions,normal,474
MEXICAN CUISINE,orange,normal,474
MEXICAN CUISINE,oregano,normal,474
MEXICAN CUISINE,pork,normal,474
MEXICAN CUISINE,rice,normal,474
MEXICAN CUISINE,saffron,normal,474
MEXICAN CUISINE,salsas,normal,474
MEXICAN CUISINE,scallions,normal,474
MEXICAN CUISINE,seeds,normal,474
MEXICAN CUISINE,squash,normal,475
MEXICAN CUISINE,tomatoes,normal,475
MEXICAN CUISINE,tortillas,normal,475
MEXICAN CUISINE,turkey,normal,475
MEXICAN CUISINE,vanilla,normal,475
MEXICAN CUISINE,wheat,normal,475
MIDDLE EASTERN CUISINE,almonds,normal,475
MIDDLE EASTERN CUISINE,"beans, fava",normal,475
MIDDLE EASTERN CUISINE,"cheese, feta",normal,475
MIDDLE EASTERN CUISINE,chicken,normal,475
MIDDLE EASTERN CUISINE,chickpeas,normal,475
MIDDLE EASTERN CUISINE,cinnamon,normal,475
MIDDLE EASTERN CUISINE,cloves,normal,475
MIDDLE EASTERN CUISINE,coriander,normal,475
MIDDLE EASTERN CUISINE,cumin,normal,475
MIDDLE EASTERN CUISINE,dill,normal,475
MIDDLE EASTERN CUISINE,eggplant,normal,475
MIDDLE EASTERN CUISINE,fish,normal,475
MIDDLE EASTERN CUISINE,"fruits, dried",normal,475
MIDDLE EASTERN CUISINE,garlic,normal,475
MIDDLE EASTERN CUISINE,ginger,normal,475
MIDDLE EASTERN CUISINE,goat,normal,475
MIDDLE EASTERN CUISINE,honey,normal,475
MIDDLE EASTERN CUISINE,lamb,normal,475
MIDDLE EASTERN CUISINE,lemons,normal,475
MIDDLE EASTERN CUISINE,"lemons, preserved",recommended,475
MIDDLE EASTERN CUISINE,lentils,normal,475
MIDDLE EASTERN CUISINE,"meats, esp. roasted",normal,475
MIDDLE EASTERN CUISINE,mint,normal,475
MIDDLE EASTERN CUISINE,nutmeg,normal,475
MIDDLE EASTERN CUISINE,nuts,normal,475
MIDDLE EASTERN CUISINE,olive oil,normal,475
MIDDLE EASTERN CUISINE,olives,normal,475
MIDDLE EASTERN CUISINE,onions,normal,475
MIDDLE EASTERN CUISINE,oregano,normal,475
MIDDLE EASTERN CUISINE,parsley,normal,475
MIDDLE EASTERN CUISINE,"pepper, black",normal,476
MIDDLE EASTERN CUISINE,pine nuts,normal,476
MIDDLE EASTERN CUISINE,pistachios,normal,476
MIDDLE EASTERN CUISINE,pomegranates,normal,476
MIDDLE EASTERN CUISINE,poppy seeds,normal,476
MIDDLE EASTERN CUISINE,raisins,normal,476
MIDDLE EASTERN CUISINE,ras el hanout (spice blend),normal,476
MIDDLE EASTERN CUISINE,rice,normal,476
MIDDLE EASTERN CUISINE,roasted dishes,normal,476
MIDDLE EASTERN CUISINE,"sesame: oil, seeds",normal,476
MIDDLE EASTERN CUISINE,sumac,recommended,476
MIDDLE EASTERN CUISINE,tahini,normal,476
MIDDLE EASTERN CUISINE,tomatoes,normal,476
MIDDLE EASTERN CUISINE,walnuts,normal,476
MIDDLE EASTERN CUISINE,yogurt,recommended,476
MINT — IN GENERAL,Afghan cuisine,normal,477
MINT — IN GENERAL,apples,normal,477
MINT — IN GENERAL,Asian cuisines,normal,477
MINT — IN GENERAL,asparagus,normal,477
MINT — IN GENERAL,balance of the entire dessert.,normal,477
MINT — IN GENERAL,"natural combination, as is mint and yogurt.",normal,477
MINT — IN GENERAL,basil,recommended,477
MINT — IN GENERAL,"BEANS: black, fresh, white",recommended,477
MINT — IN GENERAL,beef,normal,477
MINT — IN GENERAL,beets,normal,477
MINT — IN GENERAL,bell peppers,normal,477
MINT — IN GENERAL,berries,normal,477
MINT — IN GENERAL,beverages,normal,477
MINT — IN GENERAL,blackberries,normal,477
MINT — IN GENERAL,bourbon,normal,477
MINT — IN GENERAL,buttermilk,normal,477
MINT — IN GENERAL,cardamom,normal,477
MINT — IN GENERAL,"carrots, esp. baby",recommended,477
MINT — IN GENERAL,cashews,normal,477
MINT — IN GENERAL,Champagne,normal,478
MINT — IN GENERAL,"cheese: feta, ricotta",recommended,478
MINT — IN GENERAL,chicken,normal,478
MINT — IN GENERAL,"chile peppers (e.g., jalapeño)",normal,478
MINT — IN GENERAL,chives,normal,478
MINT — IN GENERAL,"CHOCOLATE, ESP. DARK, white",recommended,478
MINT — IN GENERAL,chutneys,normal,478
MINT — IN GENERAL,cilantro,normal,478
MINT — IN GENERAL,cinnamon,normal,478
MINT — IN GENERAL,citrus,normal,478
MINT — IN GENERAL,cloves,normal,478
MINT — IN GENERAL,coconut,normal,478
MINT — IN GENERAL,CREAM AND ICE CREAM,very_highly_recommended,478
MINT — IN GENERAL,crème fraîche,normal,478
MINT — IN GENERAL,CUCUMBERS,very_highly_recommended,478
MINT — IN GENERAL,cumin,normal,478
MINT — IN GENERAL,curries,normal,478
MINT — IN GENERAL,desserts,recommended,478
MINT — IN GENERAL,dill,normal,478
MINT — IN GENERAL,duck,normal,478
MINT — IN GENERAL,eggplant,recommended,478
MINT — IN GENERAL,Egyptian cuisine,normal,478
MINT — IN GENERAL,endive,normal,478
MINT — IN GENERAL,fenugreek,normal,478
MINT — IN GENERAL,fish,recommended,478
MINT — IN GENERAL,FRUITS,very_highly_recommended,478
MINT — IN GENERAL,"fruits, tropical",normal,478
MINT — IN GENERAL,garlic,normal,478
MINT — IN GENERAL,ginger,recommended,478
MINT — IN GENERAL,grapefruit,normal,478
MINT — IN GENERAL,grapes,normal,478
MINT — IN GENERAL,Greek cuisine,normal,478
MINT — IN GENERAL,halibut,normal,478
MINT — IN GENERAL,honey,normal,478
MINT — IN GENERAL,Indian cuisine,recommended,478
MINT — IN GENERAL,jellies,normal,478
MINT — IN GENERAL,kumquats,normal,478
MINT — IN GENERAL,LAMB,holy_grail,478
MINT — IN GENERAL,lavender,normal,478
MINT — IN GENERAL,lemon,recommended,478
MINT — IN GENERAL,lemongrass,normal,478
MINT — IN GENERAL,lemon verbena,normal,478
MINT — IN GENERAL,lentils,normal,478
MINT — IN GENERAL,lettuce,normal,478
MINT — IN GENERAL,lime,normal,479
MINT — IN GENERAL,mango,normal,479
MINT — IN GENERAL,marinades,normal,479
MINT — IN GENERAL,marjoram,normal,479
MINT — IN GENERAL,meats,normal,479
MINT — IN GENERAL,Mediterranean cuisine,recommended,479
MINT — IN GENERAL,melon,recommended,479
MINT — IN GENERAL,Mexican cuisine,normal,479
MINT — IN GENERAL,Middle Eastern cuisine,recommended,479
MINT — IN GENERAL,milk,normal,479
MINT — IN GENERAL,Moroccan cuisine,recommended,479
MINT — IN GENERAL,mushrooms,normal,479
MINT — IN GENERAL,mussels,normal,479
MINT — IN GENERAL,nectarines,normal,479
MINT — IN GENERAL,"olives, black",normal,479
MINT — IN GENERAL,"onions, esp. red",normal,479
MINT — IN GENERAL,orange,normal,479
MINT — IN GENERAL,oregano (say some),normal,479
MINT — IN GENERAL,papaya,normal,479
MINT — IN GENERAL,paprika,normal,479
MINT — IN GENERAL,parsley,normal,479
MINT — IN GENERAL,pasta,normal,479
MINT — IN GENERAL,"peaches, esp. cooked",normal,479
MINT — IN GENERAL,pears,normal,479
MINT — IN GENERAL,"peas, esp. young",recommended,479
MINT — IN GENERAL,pepper,normal,479
MINT — IN GENERAL,pineapple,normal,479
MINT — IN GENERAL,"plums, esp. cooked",normal,479
MINT — IN GENERAL,pork,normal,479
MINT — IN GENERAL,"potatoes, esp. new",recommended,479
MINT — IN GENERAL,poultry,normal,479
MINT — IN GENERAL,pumpkin,normal,479
MINT — IN GENERAL,"punches, fruit",normal,479
MINT — IN GENERAL,radishes,normal,479
MINT — IN GENERAL,raitas,normal,479
MINT — IN GENERAL,raspberries,normal,479
MINT — IN GENERAL,rice and rice dishes,normal,479
MINT — IN GENERAL,rosemary,normal,479
MINT — IN GENERAL,sage,normal,479
MINT — IN GENERAL,"SALADS: bean, fruit, green, vegetable",recommended,479
MINT — IN GENERAL,salsas,normal,479
MINT — IN GENERAL,sea bass,normal,479
MINT — IN GENERAL,shellfish,normal,479
MINT — IN GENERAL,shrimp,normal,479
MINT — IN GENERAL,skate,normal,479
MINT — IN GENERAL,"soups, esp. bean, cold, and/or fish",normal,480
MINT — IN GENERAL,soy sauce,normal,480
MINT — IN GENERAL,spinach,normal,480
MINT — IN GENERAL,"spring rolls, esp. Vietnamese",normal,480
MINT — IN GENERAL,"squash, summer",normal,480
MINT — IN GENERAL,"stews, esp. seafood",normal,480
MINT — IN GENERAL,strawberries,normal,480
MINT — IN GENERAL,SUGAR,very_highly_recommended,480
MINT — IN GENERAL,sumac,normal,480
MINT — IN GENERAL,tabbouleh (key ingredient),recommended,480
MINT — IN GENERAL,"tea, esp. Earl Grey, green",recommended,480
MINT — IN GENERAL,"Thai cuisine (e.g., green curries)",normal,480
MINT — IN GENERAL,thyme,normal,480
MINT — IN GENERAL,tomatoes,recommended,480
MINT — IN GENERAL,trout,normal,480
MINT — IN GENERAL,tuna,normal,480
MINT — IN GENERAL,Turkish cuisine,normal,480
MINT — IN GENERAL,vanilla,normal,480
MINT — IN GENERAL,veal,normal,480
MINT — IN GENERAL,vegetables,recommended,480
MINT — IN GENERAL,Vietnamese cuisine,normal,480
MINT — IN GENERAL,"vinegar: cider, rice wine",normal,480
MINT — IN GENERAL,watermelon,normal,480
MINT — IN GENERAL,YOGURT,very_highly_recommended,480
MINT — IN GENERAL,zucchini,normal,480
MINT — IN GENERAL,oregano (say some),avoid,480
"MINT, DRIED",beef,normal,480
"MINT, DRIED",bell peppers,normal,480
"MINT, DRIED",bold-flavored foods,normal,480
"MINT, DRIED","cheese, feta",normal,480
"MINT, DRIED",chicken,normal,481
"MINT, DRIED",cucumbers,normal,481
"MINT, DRIED",duck,normal,481
"MINT, DRIED",Eastern Mediterranean cuisine,normal,481
"MINT, DRIED",garlic,normal,481
"MINT, DRIED",Greek cuisine,normal,481
"MINT, DRIED",hummus,normal,481
"MINT, DRIED",kebabs,normal,481
"MINT, DRIED",lamb,normal,481
"MINT, DRIED",leeks,normal,481
"MINT, DRIED",lemon,normal,481
"MINT, DRIED",lentils,normal,481
"MINT, DRIED","meats, esp. grilled",normal,481
"MINT, DRIED",olive oil,normal,481
"MINT, DRIED",olives,normal,481
"MINT, DRIED","onions, red",normal,481
"MINT, DRIED",oregano,normal,481
"MINT, DRIED",pasta,normal,481
"MINT, DRIED",pork,normal,481
"MINT, DRIED",rice,normal,481
"MINT, DRIED","soups: chicken, vegetable",normal,481
"MINT, DRIED",tomatoes,normal,481
"MINT, DRIED",Turkish cuisine,normal,481
"MINT, DRIED",yogurt,normal,481
"MINT, DRIED",zucchini,normal,481
"MINT, PEPPERMINT",apples,normal,481
"MINT, PEPPERMINT",berries,normal,481
"MINT, PEPPERMINT",beverages,recommended,481
"MINT, PEPPERMINT",candies,normal,481
"MINT, PEPPERMINT",carrots,normal,481
"MINT, PEPPERMINT",chocolate,recommended,481
"MINT, PEPPERMINT",citrus,normal,481
"MINT, PEPPERMINT",cream and ice cream,recommended,481
"MINT, PEPPERMINT",DESSERTS,very_highly_recommended,481
"MINT, PEPPERMINT","iced desserts (e.g., granita, sorbet)",recommended,481
"MINT, PEPPERMINT",mangoes,normal,481
"MINT, PEPPERMINT",Mediterranean cuisine,normal,482
"MINT, PEPPERMINT",milk,normal,482
"MINT, PEPPERMINT",strawberries,normal,482
"MINT, PEPPERMINT",teas,recommended,482
"MINT, PEPPERMINT",savory foods,avoid,482
MIREPOIX,French cuisine,recommended,482
MISO AND MISO SOUP,beef,normal,482
MISO AND MISO SOUP,chicken,normal,482
MISO AND MISO SOUP,"huitlacoche soup with tofu, mushrooms, or corn.",normal,482
MISO AND MISO SOUP,Miso Broth,recommended,483
MISO AND MISO SOUP,duck,normal,483
MISO AND MISO SOUP,"fish: cod, salmon",normal,483
MISO AND MISO SOUP,garlic,normal,483
MISO AND MISO SOUP,ginger,normal,483
MISO AND MISO SOUP,honey,normal,483
MISO AND MISO SOUP,Japanese cuisine,normal,483
MISO AND MISO SOUP,legumes,normal,483
MISO AND MISO SOUP,lemongrass,normal,483
MISO AND MISO SOUP,marinades,normal,483
MISO AND MISO SOUP,mirin,normal,483
MISO AND MISO SOUP,mushrooms,normal,483
MISO AND MISO SOUP,mustard,normal,483
MISO AND MISO SOUP,oysters,recommended,483
MISO AND MISO SOUP,pineapple,normal,483
MISO AND MISO SOUP,"rice, brown",normal,483
MISO AND MISO SOUP,sake,recommended,483
MISO AND MISO SOUP,salad dressings,normal,483
MISO AND MISO SOUP,sauces,normal,483
MISO AND MISO SOUP,sesame oil,normal,483
MISO AND MISO SOUP,soups,normal,483
MISO AND MISO SOUP,soy sauce,normal,483
MISO AND MISO SOUP,steak,normal,483
MISO AND MISO SOUP,stews,normal,483
MISO AND MISO SOUP,"stock, chicken",normal,483
MISO AND MISO SOUP,sugar,normal,483
MISO AND MISO SOUP,tofu,normal,483
MISO AND MISO SOUP,"vinegar, rice",normal,483
MISO AND MISO SOUP,walnuts,normal,483
MOLASSES,apples,normal,484
MOLASSES,"baked goods (e.g., cookies, pies)",normal,484
MOLASSES,barbecue sauce,recommended,484
MOLASSES,"beans, baked",recommended,484
MOLASSES,"bread, esp. brown",normal,484
MOLASSES,"butter, unsalted",normal,484
MOLASSES,cinnamon,normal,484
MOLASSES,cream,normal,484
MOLASSES,ginger,recommended,484
MOLASSES,gingerbread,recommended,484
MOLASSES,Grand Marnier,normal,484
MOLASSES,"lemon, juice",normal,484
MOLASSES,marinades,normal,484
MOLASSES,"New England cuisine (e.g., Indian pudding)",normal,484
MOLASSES,orange,normal,484
MOLASSES,pancakes,normal,484
MOLASSES,plums,normal,484
MOLASSES,popcorn,normal,484
MOLASSES,raspberries,normal,484
MOLASSES,"sugar, brown",normal,484
MOLASSES,vanilla,normal,484
MOLASSES,walnuts,normal,484
MONKFISH,aioli,normal,484
MONKFISH,apples,normal,484
MONKFISH,"apricots, dried",normal,484
MONKFISH,"artichokes, Jerusalem",normal,484
MONKFISH,arugula,normal,484
MONKFISH,asparagus,normal,484
MONKFISH,bacon,recommended,484
MONKFISH,basil,normal,484
MONKFISH,bay leaf,recommended,484
MONKFISH,"beans, white",normal,484
MONKFISH,"beer, wheat",normal,484
MONKFISH,brandy,normal,484
MONKFISH,bread crumbs,normal,484
MONKFISH,"butter: clarified, unsalted",recommended,485
MONKFISH,"cabbage: green, red, savoy",recommended,485
MONKFISH,caperberries,normal,485
MONKFISH,capers,normal,485
MONKFISH,cardamom,normal,485
MONKFISH,carrots,recommended,485
MONKFISH,cayenne,normal,485
MONKFISH,celery,normal,485
MONKFISH,chard,normal,485
MONKFISH,chervil,normal,485
MONKFISH,chile peppers,normal,485
MONKFISH,chili powder,normal,485
MONKFISH,chives,recommended,485
MONKFISH,"cider, hard",normal,485
MONKFISH,cilantro,normal,485
MONKFISH,cinnamon,normal,485
MONKFISH,clams,normal,485
MONKFISH,coriander,recommended,485
MONKFISH,couscous,normal,485
MONKFISH,cream,normal,485
MONKFISH,cumin,normal,485
MONKFISH,curry powder,normal,485
MONKFISH,Monkfish is great with garlic!,recommended,485
MONKFISH,"Roasted Monkfish with Spinach, Oyster Ravioli, Watercress Sauce",recommended,485
MONKFISH,fennel,recommended,485
MONKFISH,fennel seeds,recommended,485
MONKFISH,GARLIC,very_highly_recommended,485
MONKFISH,"ginger, fresh",normal,485
MONKFISH,leeks,recommended,485
MONKFISH,"LEMON: juice, zest",recommended,485
MONKFISH,"lemon, preserved",normal,485
MONKFISH,lemongrass,normal,485
MONKFISH,lemon thyme,normal,486
MONKFISH,lobster,normal,486
MONKFISH,Mediterranean cuisine,normal,486
MONKFISH,"mushrooms, esp. chanterelles, portobello",normal,486
MONKFISH,mussels,normal,486
MONKFISH,"OIL: canola, corn, peanut, vegetable",recommended,486
MONKFISH,olive oil,recommended,486
MONKFISH,"olives, esp. green",normal,486
MONKFISH,"onions, esp. yellow",recommended,486
MONKFISH,"orange, zest",normal,486
MONKFISH,oregano,normal,486
MONKFISH,pancetta,normal,486
MONKFISH,"paprika, sweet",recommended,486
MONKFISH,Parmesan cheese,normal,486
MONKFISH,"parsley, flat-leaf",recommended,486
MONKFISH,pesto,normal,486
MONKFISH,"pepper: black, green, white",recommended,486
MONKFISH,Pernod,normal,486
MONKFISH,pine nuts,normal,486
MONKFISH,"pork: bacon, pork belly",normal,486
MONKFISH,"potatoes, esp. new",recommended,486
MONKFISH,red pepper flakes,normal,486
MONKFISH,romesco sauce,normal,486
MONKFISH,rosemary,recommended,486
MONKFISH,saffron,recommended,486
MONKFISH,sage,normal,486
MONKFISH,salmon,normal,486
MONKFISH,"salmon, smoked",normal,486
MONKFISH,"salt: kosher, sea",recommended,486
MONKFISH,sausage,normal,486
MONKFISH,shallots,recommended,486
MONKFISH,"sherry, dry (e.g., fino)",normal,486
MONKFISH,soy sauce,normal,486
MONKFISH,spinach,normal,486
MONKFISH,squid,normal,486
MONKFISH,star anise,normal,486
MONKFISH,"STOCKS AND BROTHS: chicken, clam, fish, shellfish, veal",recommended,486
MONKFISH,striped bass,normal,486
MONKFISH,Swiss chard,normal,486
MONKFISH,tarragon,normal,486
MONKFISH,thyme,recommended,486
MONKFISH,tomatoes,recommended,486
MONKFISH,turmeric,normal,486
MONKFISH,vinaigrette,normal,486
MONKFISH,"vinegar, white wine",normal,486
MONKFISH,walnuts,normal,487
MONKFISH,watercress,normal,487
MOROCCAN CUISINE,almonds,normal,487
MOROCCAN CUISINE,apricots,normal,487
MOROCCAN CUISINE,"bell peppers, green",normal,487
MOROCCAN CUISINE,chile peppers,normal,487
MOROCCAN CUISINE,cilantro,normal,487
MOROCCAN CUISINE,cinnamon,normal,487
MOROCCAN CUISINE,couscous,normal,487
MOROCCAN CUISINE,coriander,normal,487
MOROCCAN CUISINE,cucumbers,normal,487
MOROCCAN CUISINE,cumin,normal,487
MOROCCAN CUISINE,dates,normal,487
MOROCCAN CUISINE,figs,normal,487
MOROCCAN CUISINE,fruits,normal,487
MOROCCAN CUISINE,ginger,normal,487
MOROCCAN CUISINE,lamb,normal,487
MOROCCAN CUISINE,"lemon, juice",normal,487
MOROCCAN CUISINE,"LEMONS, PRESERVED",very_highly_recommended,487
MOROCCAN CUISINE,nuts,normal,487
MOROCCAN CUISINE,olive oil,normal,487
MOROCCAN CUISINE,olives,normal,487
MOROCCAN CUISINE,onions,normal,487
MOROCCAN CUISINE,paprika,normal,487
MOROCCAN CUISINE,pepper,normal,487
MOROCCAN CUISINE,pine nuts,normal,487
MOROCCAN CUISINE,pistachios,normal,487
MOROCCAN CUISINE,raisins,normal,487
MOROCCAN CUISINE,ras el hanout,recommended,488
MOROCCAN CUISINE,saffron,normal,488
MOROCCAN CUISINE,salads,normal,488
MOROCCAN CUISINE,"stews, aka tagines",normal,488
MOROCCAN CUISINE,suggests the flavors of Morocco.,normal,488
MOROCCAN CUISINE,sumac,normal,488
MOROCCAN CUISINE,tomatoes,normal,488
MOROCCAN CUISINE,turmeric,normal,488
MUSHROOMS — IN GENERAL,stew,normal,488
MUSHROOMS — IN GENERAL,almonds,normal,488
MUSHROOMS — IN GENERAL,asparagus,normal,488
MUSHROOMS — IN GENERAL,bacon,recommended,489
MUSHROOMS — IN GENERAL,barley,normal,489
MUSHROOMS — IN GENERAL,basil,normal,489
MUSHROOMS — IN GENERAL,bay leaf,normal,489
MUSHROOMS — IN GENERAL,"beans: green, lima",normal,489
MUSHROOMS — IN GENERAL,beef,normal,489
MUSHROOMS — IN GENERAL,"bell peppers, esp. red",normal,489
MUSHROOMS — IN GENERAL,bread crumbs,normal,489
MUSHROOMS — IN GENERAL,"BUTTER, unsalted",recommended,489
MUSHROOMS — IN GENERAL,capers,normal,489
MUSHROOMS — IN GENERAL,carrots,normal,489
MUSHROOMS — IN GENERAL,cayenne,normal,489
MUSHROOMS — IN GENERAL,Anejo and Red Onion,recommended,489
MUSHROOMS — IN GENERAL,"Risotto with Wild Rice, Squash, and Wild Mushrooms",recommended,489
MUSHROOMS — IN GENERAL,Mushroom and Asparagus Risotto with Lemon Thyme,recommended,489
MUSHROOMS — IN GENERAL,celery,normal,489
MUSHROOMS — IN GENERAL,"cheese: Comté, Emmental, Gruyère, Parmesan, Swiss",normal,489
MUSHROOMS — IN GENERAL,chervil,normal,489
MUSHROOMS — IN GENERAL,chestnuts,normal,489
MUSHROOMS — IN GENERAL,chicken,normal,489
MUSHROOMS — IN GENERAL,"chile peppers: dried red, fresh green",normal,490
MUSHROOMS — IN GENERAL,chives,recommended,490
MUSHROOMS — IN GENERAL,cilantro,normal,490
MUSHROOMS — IN GENERAL,cloves,normal,490
MUSHROOMS — IN GENERAL,cognac,normal,490
MUSHROOMS — IN GENERAL,coriander,normal,490
MUSHROOMS — IN GENERAL,crab,normal,490
MUSHROOMS — IN GENERAL,CREAM,very_highly_recommended,490
MUSHROOMS — IN GENERAL,crème fraîche,normal,490
MUSHROOMS — IN GENERAL,cumin,normal,490
MUSHROOMS — IN GENERAL,dill,normal,490
MUSHROOMS — IN GENERAL,eggs,normal,490
MUSHROOMS — IN GENERAL,fennel,normal,490
MUSHROOMS — IN GENERAL,fish,normal,490
MUSHROOMS — IN GENERAL,French cuisine,normal,490
MUSHROOMS — IN GENERAL,frisée lettuce,normal,490
MUSHROOMS — IN GENERAL,game,normal,490
MUSHROOMS — IN GENERAL,garam masala,normal,490
MUSHROOMS — IN GENERAL,GARLIC,holy_grail,490
MUSHROOMS — IN GENERAL,garlic chives,normal,490
MUSHROOMS — IN GENERAL,ginger,normal,490
MUSHROOMS — IN GENERAL,grappa,normal,490
MUSHROOMS — IN GENERAL,ham,recommended,490
MUSHROOMS — IN GENERAL,herbs,normal,490
MUSHROOMS — IN GENERAL,juniper berries,normal,490
MUSHROOMS — IN GENERAL,leeks,recommended,490
MUSHROOMS — IN GENERAL,"lemon: juice, zest",recommended,490
MUSHROOMS — IN GENERAL,Madeira,normal,490
MUSHROOMS — IN GENERAL,marjoram,recommended,490
MUSHROOMS — IN GENERAL,meats,normal,490
MUSHROOMS — IN GENERAL,milk,normal,490
MUSHROOMS — IN GENERAL,mirepoix,normal,490
MUSHROOMS — IN GENERAL,"mustard, Dijon",normal,490
MUSHROOMS — IN GENERAL,nutmeg,normal,490
MUSHROOMS — IN GENERAL,"OIL: canola, grapeseed, peanut, vegetable",recommended,490
MUSHROOMS — IN GENERAL,OLIVE OIL,very_highly_recommended,490
MUSHROOMS — IN GENERAL,"onions: green, pearl, red, yellow",recommended,490
MUSHROOMS — IN GENERAL,oregano,normal,490
MUSHROOMS — IN GENERAL,"paprika, esp. sweet",normal,490
MUSHROOMS — IN GENERAL,Parmesan cheese,normal,490
MUSHROOMS — IN GENERAL,"PARSLEY, flat-leaf",recommended,490
MUSHROOMS — IN GENERAL,pasta,normal,490
MUSHROOMS — IN GENERAL,peas,normal,490
MUSHROOMS — IN GENERAL,"PEPPER: black, white",recommended,490
MUSHROOMS — IN GENERAL,pine nuts,normal,490
MUSHROOMS — IN GENERAL,pork,normal,491
MUSHROOMS — IN GENERAL,potatoes,normal,491
MUSHROOMS — IN GENERAL,poultry,normal,491
MUSHROOMS — IN GENERAL,prosciutto,normal,491
MUSHROOMS — IN GENERAL,radicchio,normal,491
MUSHROOMS — IN GENERAL,rice,normal,491
MUSHROOMS — IN GENERAL,risotto,normal,491
MUSHROOMS — IN GENERAL,rosemary,recommended,491
MUSHROOMS — IN GENERAL,sage,normal,491
MUSHROOMS — IN GENERAL,sake,normal,491
MUSHROOMS — IN GENERAL,"SALT: fleur de sel, kosher, sea",recommended,491
MUSHROOMS — IN GENERAL,scallions,normal,491
MUSHROOMS — IN GENERAL,seafood,normal,491
MUSHROOMS — IN GENERAL,sesame oil,normal,491
MUSHROOMS — IN GENERAL,SHALLOTS,very_highly_recommended,491
MUSHROOMS — IN GENERAL,"sherry, dry (e.g., manzanilla)",recommended,491
MUSHROOMS — IN GENERAL,sour cream,normal,491
MUSHROOMS — IN GENERAL,soy sauce,normal,491
MUSHROOMS — IN GENERAL,spinach,normal,491
MUSHROOMS — IN GENERAL,"stocks: chicken, dashi, mushroom, veal",recommended,491
MUSHROOMS — IN GENERAL,sugar,normal,491
MUSHROOMS — IN GENERAL,tarragon,recommended,491
MUSHROOMS — IN GENERAL,"thyme, fresh",recommended,491
MUSHROOMS — IN GENERAL,tomatoes,normal,491
MUSHROOMS — IN GENERAL,truffle oil,normal,491
MUSHROOMS — IN GENERAL,veal,normal,491
MUSHROOMS — IN GENERAL,"vinegar, esp. balsamic, red wine, sherry",recommended,491
MUSHROOMS — IN GENERAL,walnuts,normal,491
MUSHROOMS — IN GENERAL,"WINE: dry red, white, vermouth",recommended,491
MUSHROOMS — IN GENERAL,yogurt,normal,491
MUSHROOMS — CHANTERELLES,bay leaf,normal,492
MUSHROOMS — CHANTERELLES,"butter, unsalted",recommended,492
MUSHROOMS — CHANTERELLES,chard,normal,492
MUSHROOMS — CHANTERELLES,"cheese, Parmesan",normal,492
MUSHROOMS — CHANTERELLES,chives (garnish),normal,492
MUSHROOMS — CHANTERELLES,cream,recommended,492
MUSHROOMS — CHANTERELLES,"eggs and egg dishes (e.g., omelets)",normal,492
MUSHROOMS — CHANTERELLES,game,normal,492
MUSHROOMS — CHANTERELLES,garlic,recommended,492
MUSHROOMS — CHANTERELLES,lentils,normal,492
MUSHROOMS — CHANTERELLES,mussels,normal,492
MUSHROOMS — CHANTERELLES,"oil, peanut",recommended,492
MUSHROOMS — CHANTERELLES,olive oil,recommended,492
MUSHROOMS — CHANTERELLES,"onions, esp. green",normal,492
MUSHROOMS — CHANTERELLES,parsley,normal,492
MUSHROOMS — CHANTERELLES,pasta,normal,492
MUSHROOMS — CHANTERELLES,"pepper: black, white",recommended,492
MUSHROOMS — CHANTERELLES,poultry,normal,492
MUSHROOMS — CHANTERELLES,radicchio,normal,492
MUSHROOMS — CHANTERELLES,"salt, kosher",recommended,492
MUSHROOMS — CHANTERELLES,sauces,normal,492
MUSHROOMS — CHANTERELLES,shallots,recommended,492
MUSHROOMS — CHANTERELLES,soups,normal,492
MUSHROOMS — CHANTERELLES,"STOCKS: BEEF, CHICKEN",very_highly_recommended,492
MUSHROOMS — CHANTERELLES,sweet potatoes,normal,492
MUSHROOMS — CHANTERELLES,"thyme, fresh",recommended,492
MUSHROOMS — CHANTERELLES,"vinegar, sherry",normal,492
MUSHROOMS — CHANTERELLES,"wine, dry white",normal,492
MUSHROOMS — CREMINI,arugula,normal,492
MUSHROOMS — CREMINI,butter,normal,493
MUSHROOMS — CREMINI,"cheese: goat, Parmesan",normal,493
MUSHROOMS — CREMINI,chives,normal,493
MUSHROOMS — CREMINI,garlic,normal,493
MUSHROOMS — CREMINI,mascarpone,normal,493
MUSHROOMS — CREMINI,olive oil,normal,493
MUSHROOMS — CREMINI,"parsley, flat-leaf",normal,493
MUSHROOMS — CREMINI,"pepper, white",normal,493
MUSHROOMS — CREMINI,salt,normal,493
MUSHROOMS — CREMINI,shallots,normal,493
MUSHROOMS — CREMINI,"stock, chicken",normal,493
MUSHROOMS — CREMINI,thyme,normal,493
MUSHROOMS — CREMINI,truffle oil,normal,493
MUSHROOMS — MATSUTAKE,butter,normal,493
MUSHROOMS — MATSUTAKE,"cabbage, savoy",normal,493
MUSHROOMS — MATSUTAKE,chicken,normal,493
MUSHROOMS — MATSUTAKE,"cod, black",normal,493
MUSHROOMS — MATSUTAKE,cream,normal,493
MUSHROOMS — MATSUTAKE,custard,normal,493
MUSHROOMS — MATSUTAKE,dashi,normal,493
MUSHROOMS — MATSUTAKE,fish,normal,493
MUSHROOMS — MATSUTAKE,"herbs: chervil, chives, flat-leaf parsley, tarragon",normal,493
MUSHROOMS — MATSUTAKE,Japanese cuisine,normal,493
MUSHROOMS — MATSUTAKE,"lemon, juice",normal,493
MUSHROOMS — MATSUTAKE,mirin,normal,493
MUSHROOMS — MATSUTAKE,"mushrooms, wild",normal,493
MUSHROOMS — MATSUTAKE,olive oil,normal,493
MUSHROOMS — MATSUTAKE,"pepper, black",normal,493
MUSHROOMS — MATSUTAKE,rice,normal,493
MUSHROOMS — MATSUTAKE,sake,normal,493
MUSHROOMS — MATSUTAKE,salt,normal,493
MUSHROOMS — MATSUTAKE,shallots,normal,493
MUSHROOMS — MATSUTAKE,shrimp,normal,493
MUSHROOMS — MATSUTAKE,soup,normal,493
MUSHROOMS — MATSUTAKE,soy sauce,normal,493
MUSHROOMS — MATSUTAKE,"stock, chicken",normal,493
MUSHROOMS — MATSUTAKE,tempura,normal,493
MUSHROOMS — MATSUTAKE,tofu,normal,494
MUSHROOMS — MATSUTAKE,"vinegar, rice wine",normal,494
MUSHROOMS — MORELS,"Techniques/Tips: Always serve cooked: boil, stew",recommended,494
MUSHROOMS — MORELS,"ASPARAGUS: green, white",recommended,494
MUSHROOMS — MORELS,bacon,normal,494
MUSHROOMS — MORELS,basil,normal,494
MUSHROOMS — MORELS,bay leaf,normal,494
MUSHROOMS — MORELS,"BUTTER, unsalted",recommended,494
MUSHROOMS — MORELS,caraway seeds,recommended,494
MUSHROOMS — MORELS,"cheese: Fontina, goat, Parmesan",normal,494
MUSHROOMS — MORELS,chervil,normal,494
MUSHROOMS — MORELS,chicken mousse,normal,494
MUSHROOMS — MORELS,chives,normal,494
MUSHROOMS — MORELS,"CREAM, heavy",recommended,494
MUSHROOMS — MORELS,crème fraîche,normal,494
MUSHROOMS — MORELS,"eggs, yolks",normal,494
MUSHROOMS — MORELS,faro,normal,494
MUSHROOMS — MORELS,fava beans,normal,494
MUSHROOMS — MORELS,"serve it with cabbage, cream, and the matsutake.",normal,494
MUSHROOMS — MORELS,"Garlic and Spinach, Parmigiano-Reggiano, and Umbrian Olive Oil",recommended,494
MUSHROOMS — MORELS,fiddlehead ferns,normal,494
MUSHROOMS — MORELS,"GARLIC: regular, spring",recommended,494
MUSHROOMS — MORELS,"ham: Virginia, Serrano",normal,494
MUSHROOMS — MORELS,herbs,normal,495
MUSHROOMS — MORELS,lamb,recommended,495
MUSHROOMS — MORELS,leeks,normal,495
MUSHROOMS — MORELS,lemon,normal,495
MUSHROOMS — MORELS,Madeira,normal,495
MUSHROOMS — MORELS,marjoram,normal,495
MUSHROOMS — MORELS,mirepoix,normal,495
MUSHROOMS — MORELS,"oil, peanut",recommended,495
MUSHROOMS — MORELS,olive oil,recommended,495
MUSHROOMS — MORELS,"onions, esp. spring",normal,495
MUSHROOMS — MORELS,pancetta,normal,495
MUSHROOMS — MORELS,"paprika, sweet",normal,495
MUSHROOMS — MORELS,"parsley, flat-leaf",normal,495
MUSHROOMS — MORELS,pasta,normal,495
MUSHROOMS — MORELS,peas,normal,495
MUSHROOMS — MORELS,"PEPPER: black, white",recommended,495
MUSHROOMS — MORELS,pork,normal,495
MUSHROOMS — MORELS,port,normal,495
MUSHROOMS — MORELS,"potatoes, esp. new",normal,495
MUSHROOMS — MORELS,ramps,normal,495
MUSHROOMS — MORELS,rosemary,normal,495
MUSHROOMS — MORELS,"SALT, kosher",recommended,495
MUSHROOMS — MORELS,sauces,normal,495
MUSHROOMS — MORELS,savory,normal,495
MUSHROOMS — MORELS,shallots,recommended,495
MUSHROOMS — MORELS,"soufflés (e.g., goat cheese)",normal,495
MUSHROOMS — MORELS,soy sauce,normal,495
MUSHROOMS — MORELS,"stocks: chicken, mushroom, vegetable",recommended,495
MUSHROOMS — MORELS,sweetbreads,normal,495
MUSHROOMS — MORELS,tarragon,normal,495
MUSHROOMS — MORELS,thyme,recommended,495
MUSHROOMS — MORELS,"truffles, black",normal,495
MUSHROOMS — MORELS,vinaigrette,normal,495
MUSHROOMS — MORELS,"vinegar, sherry",normal,495
MUSHROOMS — MORELS,"wine, Champagne",normal,495
MUSHROOMS — PORCINI / CEPES / KING BOLETE,almonds,normal,496
MUSHROOMS — PORCINI / CEPES / KING BOLETE,arugula,normal,496
MUSHROOMS — PORCINI / CEPES / KING BOLETE,bacon,normal,496
MUSHROOMS — PORCINI / CEPES / KING BOLETE,brandy,normal,496
MUSHROOMS — PORCINI / CEPES / KING BOLETE,bread crumbs,normal,496
MUSHROOMS — PORCINI / CEPES / KING BOLETE,"butter, unsalted",normal,496
MUSHROOMS — PORCINI / CEPES / KING BOLETE,carrots,normal,496
MUSHROOMS — PORCINI / CEPES / KING BOLETE,"cheese: Fontina, Garrotxa, Parmesan",recommended,496
MUSHROOMS — PORCINI / CEPES / KING BOLETE,chervil,normal,496
MUSHROOMS — PORCINI / CEPES / KING BOLETE,"chicken, esp. roasted",normal,496
MUSHROOMS — PORCINI / CEPES / KING BOLETE,chives,normal,496
MUSHROOMS — PORCINI / CEPES / KING BOLETE,coffee,normal,496
MUSHROOMS — PORCINI / CEPES / KING BOLETE,cream / milk,recommended,496
MUSHROOMS — PORCINI / CEPES / KING BOLETE,crème fraîche,normal,496
MUSHROOMS — PORCINI / CEPES / KING BOLETE,eggs,recommended,496
MUSHROOMS — PORCINI / CEPES / KING BOLETE,fennel,normal,496
MUSHROOMS — PORCINI / CEPES / KING BOLETE,"fish: grilled, white",normal,496
MUSHROOMS — PORCINI / CEPES / KING BOLETE,French cuisine,normal,496
MUSHROOMS — PORCINI / CEPES / KING BOLETE,garlic,recommended,496
MUSHROOMS — PORCINI / CEPES / KING BOLETE,hazelnuts,normal,496
MUSHROOMS — PORCINI / CEPES / KING BOLETE,Italian cuisine,normal,496
MUSHROOMS — PORCINI / CEPES / KING BOLETE,"lemon, juice",recommended,496
MUSHROOMS — PORCINI / CEPES / KING BOLETE,Madeira,normal,496
MUSHROOMS — PORCINI / CEPES / KING BOLETE,marjoram,normal,496
MUSHROOMS — PORCINI / CEPES / KING BOLETE,mascarpone,normal,496
MUSHROOMS — PORCINI / CEPES / KING BOLETE,mint,normal,496
MUSHROOMS — PORCINI / CEPES / KING BOLETE,"mushrooms, button or cremini",normal,496
MUSHROOMS — PORCINI / CEPES / KING BOLETE,"OIL, PORCINI",very_highly_recommended,496
MUSHROOMS — PORCINI / CEPES / KING BOLETE,OLIVE OIL,very_highly_recommended,496
MUSHROOMS — PORCINI / CEPES / KING BOLETE,onions,recommended,496
MUSHROOMS — PORCINI / CEPES / KING BOLETE,"parsley, flat-leaf",recommended,496
MUSHROOMS — PORCINI / CEPES / KING BOLETE,pasta,recommended,496
MUSHROOMS — PORCINI / CEPES / KING BOLETE,"Raw Porcini with Arugula, Parmigiano, and Aceto Manadori",recommended,496
MUSHROOMS — PORCINI / CEPES / KING BOLETE,Vinaigrette,recommended,496
MUSHROOMS — PORCINI / CEPES / KING BOLETE,Vegetarian Sushi: Sun-Dried Tomato and Portobello Roll,recommended,497
MUSHROOMS — PORCINI / CEPES / KING BOLETE,Chile Sauce,recommended,497
MUSHROOMS — PORCINI / CEPES / KING BOLETE,Portobello Mushrooms in Porcini Cream Curry,recommended,497
MUSHROOMS — PORCINI / CEPES / KING BOLETE,"pepper, black",recommended,497
MUSHROOMS — PORCINI / CEPES / KING BOLETE,polenta,normal,497
MUSHROOMS — PORCINI / CEPES / KING BOLETE,potatoes,normal,497
MUSHROOMS — PORCINI / CEPES / KING BOLETE,prosciutto,normal,497
MUSHROOMS — PORCINI / CEPES / KING BOLETE,radicchio,normal,497
MUSHROOMS — PORCINI / CEPES / KING BOLETE,"rice, arborio",normal,497
MUSHROOMS — PORCINI / CEPES / KING BOLETE,sage,normal,497
MUSHROOMS — PORCINI / CEPES / KING BOLETE,sake,normal,497
MUSHROOMS — PORCINI / CEPES / KING BOLETE,"salt: kosher, sea",recommended,497
MUSHROOMS — PORCINI / CEPES / KING BOLETE,shallots,recommended,497
MUSHROOMS — PORCINI / CEPES / KING BOLETE,spinach,normal,497
MUSHROOMS — PORCINI / CEPES / KING BOLETE,steak,normal,497
MUSHROOMS — PORCINI / CEPES / KING BOLETE,"stocks: chicken, mushroom,",normal,497
MUSHROOMS — PORCINI / CEPES / KING BOLETE,vegetable,normal,497
MUSHROOMS — PORCINI / CEPES / KING BOLETE,tamari,normal,497
MUSHROOMS — PORCINI / CEPES / KING BOLETE,tarragon,normal,497
MUSHROOMS — PORCINI / CEPES / KING BOLETE,thyme,normal,497
MUSHROOMS — PORCINI / CEPES / KING BOLETE,tomatoes,normal,497
MUSHROOMS — PORCINI / CEPES / KING BOLETE,"truffles, esp. white",normal,497
MUSHROOMS — PORCINI / CEPES / KING BOLETE,veal,normal,497
MUSHROOMS — PORCINI / CEPES / KING BOLETE,"vinegar, esp. balsamic",recommended,497
MUSHROOMS — PORCINI / CEPES / KING BOLETE,walnuts,normal,497
MUSHROOMS — PORCINI / CEPES / KING BOLETE,"wine, dry white",normal,498
MUSHROOMS — PORTOBELLO,"cheese: manchego, Parmesan, ricotta",recommended,498
MUSHROOMS — PORTOBELLO,crème fraîche,normal,498
MUSHROOMS — PORTOBELLO,garlic,normal,498
MUSHROOMS — PORTOBELLO,lemon,normal,498
MUSHROOMS — PORTOBELLO,mint,normal,498
MUSHROOMS — PORTOBELLO,olive oil,normal,498
MUSHROOMS — PORTOBELLO,pasta,normal,498
MUSHROOMS — PORTOBELLO,polenta,normal,498
MUSHROOMS — PORTOBELLO,spinach,normal,498
MUSHROOMS — PORTOBELLO,thyme,normal,498
MUSHROOMS — PORTOBELLO,"tomatoes, sun-dried",normal,498
MUSHROOMS — SHIITAKE,anchovies,normal,498
MUSHROOMS — SHIITAKE,asparagus,normal,498
MUSHROOMS — SHIITAKE,bacon,recommended,498
MUSHROOMS — SHIITAKE,basil,recommended,499
MUSHROOMS — SHIITAKE,"bell peppers, roasted",normal,499
MUSHROOMS — SHIITAKE,brandy,recommended,499
MUSHROOMS — SHIITAKE,"butter: clarified, unsalted",recommended,499
MUSHROOMS — SHIITAKE,"cabbage, savoy",normal,499
MUSHROOMS — SHIITAKE,celery root,normal,499
MUSHROOMS — SHIITAKE,chicken,normal,499
MUSHROOMS — SHIITAKE,chile peppers,normal,499
MUSHROOMS — SHIITAKE,chives,normal,499
MUSHROOMS — SHIITAKE,cod,normal,499
MUSHROOMS — SHIITAKE,coriander,normal,499
MUSHROOMS — SHIITAKE,cream,normal,499
MUSHROOMS — SHIITAKE,cream cheese,normal,499
MUSHROOMS — SHIITAKE,eggplant,normal,499
MUSHROOMS — SHIITAKE,"eggs, esp. hard-boiled",recommended,499
MUSHROOMS — SHIITAKE,fish sauce,normal,499
MUSHROOMS — SHIITAKE,GARLIC,very_highly_recommended,499
MUSHROOMS — SHIITAKE,Japanese cuisine,recommended,499
MUSHROOMS — SHIITAKE,leeks,normal,499
MUSHROOMS — SHIITAKE,"lemon, juice",normal,499
MUSHROOMS — SHIITAKE,lemongrass,normal,499
MUSHROOMS — SHIITAKE,lime,normal,499
MUSHROOMS — SHIITAKE,"mushrooms, oyster",normal,499
MUSHROOMS — SHIITAKE,"OIL: canola, hazelnut, vegetable",recommended,499
MUSHROOMS — SHIITAKE,olive oil,recommended,499
MUSHROOMS — SHIITAKE,"ONIONS, esp. red, white",very_highly_recommended,499
MUSHROOMS — SHIITAKE,"parsley, flat-leaf",normal,499
MUSHROOMS — SHIITAKE,"pepper, black",normal,499
MUSHROOMS — SHIITAKE,pizza,normal,499
MUSHROOMS — SHIITAKE,polenta,normal,499
MUSHROOMS — SHIITAKE,pork,normal,499
MUSHROOMS — SHIITAKE,potatoes,normal,499
MUSHROOMS — SHIITAKE,"rice, basmati",normal,499
MUSHROOMS — SHIITAKE,rosemary,recommended,499
MUSHROOMS — SHIITAKE,sage,recommended,499
MUSHROOMS — SHIITAKE,"salt, kosher",normal,499
MUSHROOMS — SHIITAKE,shallots,normal,499
MUSHROOMS — SHIITAKE,soups,normal,499
MUSHROOMS — SHIITAKE,sorrel,normal,499
MUSHROOMS — SHIITAKE,soy sauce,normal,499
MUSHROOMS — SHIITAKE,spinach,recommended,499
MUSHROOMS — SHIITAKE,stews,normal,499
MUSHROOMS — SHIITAKE,"stock, chicken",recommended,499
MUSHROOMS — SHIITAKE,tarragon,normal,499
MUSHROOMS — SHIITAKE,thyme,normal,499
MUSHROOMS — SHIITAKE,"vinegar, balsamic",recommended,500
MUSHROOMS — SHIITAKE,walnuts,normal,500
MUSHROOMS — SHIITAKE,"wine, dry white",normal,500
MUSHROOMS — SHIITAKE,Mushrooms Year-Round,normal,500
MUSHROOMS — SHIITAKE,it that said “Oregon.”,normal,500
MUSHROOMS — SHIITAKE,summer is golden and white chanterelle season.,normal,500
MUSHROOMS — SHIITAKE,not to mention a lot less expensive.,normal,500
MUSHROOMS — SHIITAKE,though they are a little ‘70s.,normal,500
MUSHROOMS — SHIITAKE,Buying and Cleaning Mushrooms,normal,500
MUSHROOMS — SHIITAKE,Seasoning Mushrooms,normal,500
MUSHROOMS — SHIITAKE,all a mushroom needs most of the time!,normal,500
MUSHROOMS — SHIITAKE,thyme for extra flavor.,normal,500
MUSSELS,bacon,normal,501
MUSSELS,basil,recommended,501
MUSSELS,bass,normal,501
MUSSELS,bay leaf,recommended,501
MUSSELS,"beans: green, navy",normal,501
MUSSELS,"bell peppers, esp. red and/or roasted",normal,501
MUSSELS,bread crumbs,normal,501
MUSSELS,"butter, unsalted",recommended,501
MUSSELS,capers,normal,501
MUSSELS,carrots,normal,501
MUSSELS,cayenne,recommended,501
MUSSELS,celery,normal,501
MUSSELS,celery seeds,normal,501
MUSSELS,chanterelles,normal,501
MUSSELS,chervil,normal,501
MUSSELS,"chile peppers, esp. jalapeño",normal,501
MUSSELS,Chinese cuisine,normal,501
MUSSELS,chives,recommended,501
MUSSELS,cilantro,normal,501
MUSSELS,CLAMS and clam juice,recommended,501
MUSSELS,cod,normal,501
MUSSELS,cognac,normal,501
MUSSELS,CREAM,very_highly_recommended,501
MUSSELS,curry powder,recommended,501
MUSSELS,egg yolks,normal,501
MUSSELS,fennel,recommended,501
MUSSELS,fennel seeds,normal,501
MUSSELS,French cuisine,normal,501
MUSSELS,GARLIC,very_highly_recommended,501
MUSSELS,ginger,normal,501
MUSSELS,ham,normal,501
MUSSELS,Italian cuisine,normal,501
MUSSELS,leeks,normal,501
MUSSELS,"LEMON, juice",recommended,501
MUSSELS,lemon thyme,normal,501
MUSSELS,lovage,normal,501
MUSSELS,Mussel Soup with Cilantro and Serrano Chile Cream,recommended,502
MUSSELS,"Spaghetti with Mussels, Pine Nuts, Nutmeg, and Parsley",recommended,502
MUSSELS,marjoram,normal,502
MUSSELS,"mayonnaise, garlic",normal,502
MUSSELS,Mediterranean cuisine,normal,502
MUSSELS,mint,normal,502
MUSSELS,monkfish,normal,502
MUSSELS,mushrooms,normal,502
MUSSELS,"mustard, Dijon",recommended,502
MUSSELS,nutmeg,normal,502
MUSSELS,OLIVE OIL,very_highly_recommended,502
MUSSELS,"olives, black",normal,502
MUSSELS,"ONIONS, esp. red, spring, white",very_highly_recommended,502
MUSSELS,"orange: juice, zest",recommended,502
MUSSELS,oregano,normal,502
MUSSELS,oysters,normal,502
MUSSELS,paella (key ingredient),normal,502
MUSSELS,"paprika: smoked, sweet",normal,502
MUSSELS,Parmesan cheese,normal,502
MUSSELS,"PARSLEY: flat-leaf, curly",recommended,502
MUSSELS,pasta,normal,502
MUSSELS,"PEPPER: black, white",recommended,502
MUSSELS,Pernod,recommended,502
MUSSELS,pesto,normal,502
MUSSELS,pine nuts,normal,502
MUSSELS,potatoes,normal,502
MUSSELS,radicchio,normal,502
MUSSELS,red pepper flakes,normal,502
MUSSELS,rice and risotto,normal,502
MUSSELS,rosemary,recommended,502
MUSSELS,SAFFRON,very_highly_recommended,503
MUSSELS,"SALT: kosher, sea",recommended,503
MUSSELS,scallions,normal,503
MUSSELS,SHALLOTS,very_highly_recommended,503
MUSSELS,shrimp,normal,503
MUSSELS,snapper,normal,503
MUSSELS,sole,normal,503
MUSSELS,squid,normal,503
MUSSELS,stews,normal,503
MUSSELS,"stocks: chicken, clam, fish",recommended,503
MUSSELS,tarragon,recommended,503
MUSSELS,THYME,very_highly_recommended,503
MUSSELS,TOMATOES,very_highly_recommended,503
MUSSELS,vermouth,normal,503
MUSSELS,vinaigrette,normal,503
MUSSELS,"vinegar: red wine, sherry",recommended,503
MUSSELS,watercress,normal,503
MUSSELS,wild rice,normal,503
MUSSELS,zucchini,normal,503
MUSTARD,"apples: fruit, juice",normal,503
MUSTARD,avocados,normal,503
MUSTARD,bay leaf,normal,503
MUSTARD,"beef, esp. corned, grilled, or roasted",recommended,503
MUSTARD,beets,normal,504
MUSTARD,cabbage,recommended,504
MUSTARD,capers,normal,504
MUSTARD,"cheese, soufflé)",normal,504
MUSTARD,chicken,recommended,504
MUSTARD,chile peppers,normal,504
MUSTARD,cold cuts,normal,504
MUSTARD,coriander,normal,504
MUSTARD,crab,normal,504
MUSTARD,cream and sour cream,recommended,504
MUSTARD,cucumbers,recommended,504
MUSTARD,cumin,recommended,504
MUSTARD,cured meats,recommended,504
MUSTARD,curries,normal,504
MUSTARD,curry leaves,normal,504
MUSTARD,dill,normal,504
MUSTARD,egg dishes,normal,504
MUSTARD,fennel,normal,504
MUSTARD,fenugreek,normal,504
MUSTARD,fish,recommended,504
MUSTARD,"French cuisine, esp. southern",normal,504
MUSTARD,fruits,recommended,504
MUSTARD,garlic,normal,504
MUSTARD,German cuisine,normal,504
MUSTARD,gingerbread,normal,504
MUSTARD,green beans,normal,504
MUSTARD,ham,recommended,504
MUSTARD,herbs,normal,504
MUSTARD,honey,recommended,504
MUSTARD,"Indian cuisine, as mustard seeds",normal,504
MUSTARD,Irish cuisine,normal,504
MUSTARD,"Italian cuisine, esp. southern",normal,504
MUSTARD,lamb,recommended,504
MUSTARD,leeks,normal,504
MUSTARD,"lemon, juice",normal,504
MUSTARD,mayonnaise,normal,504
MUSTARD,"meats, cold or hot",recommended,504
MUSTARD,Mediterranean cuisine,normal,504
MUSTARD,"mint, esp. peppermint",normal,504
MUSTARD,mostarda (mustard fruits),normal,504
MUSTARD,mussels,normal,504
MUSTARD,"oil, canola",normal,504
MUSTARD,olive oil,normal,504
MUSTARD,onions,recommended,504
MUSTARD,oregano,normal,505
MUSTARD,paprika,normal,505
MUSTARD,parsley,normal,505
MUSTARD,pastrami,normal,505
MUSTARD,"pepper: black, green, white",recommended,505
MUSTARD,pork,recommended,505
MUSTARD,potatoes,recommended,505
MUSTARD,poultry,normal,505
MUSTARD,rabbit,normal,505
MUSTARD,salads and salad dressings,recommended,505
MUSTARD,salmon,recommended,505
MUSTARD,salt: kosher,normal,505
MUSTARD,sauces,normal,505
MUSTARD,sauerkraut,normal,505
MUSTARD,sausages,recommended,505
MUSTARD,Scandinavian cuisine,normal,505
MUSTARD,seafood,normal,505
MUSTARD,smoked fish,normal,505
MUSTARD,soy sauce,normal,505
MUSTARD,steaks,normal,505
MUSTARD,sumac,normal,505
MUSTARD,tarragon,normal,505
MUSTARD,tomatoes,normal,505
MUSTARD,turmeric,normal,505
MUSTARD,vegetable-based dishes,normal,505
MUSTARD,vinaigrettes,normal,505
MUSTARD,"vinegar: balsamic, red wine, white wine",recommended,505
MUSTARD,"walnuts: nuts, oil",normal,505
MUSTARD GREENS,combination of the three is delicious.,normal,506
NECTARINES,allspice,normal,507
NECTARINES,"almonds, esp. toasted",recommended,507
NECTARINES,apricots,normal,507
NECTARINES,"beverages, esp. cocktails",normal,507
NECTARINES,blackberries,normal,507
NECTARINES,blueberries,recommended,507
NECTARINES,brandy,normal,507
NECTARINES,"butter, unsalted",normal,507
NECTARINES,buttermilk,normal,507
NECTARINES,caramel,normal,507
NECTARINES,Champagne,normal,507
NECTARINES,cherries,normal,507
NECTARINES,chicken,normal,507
NECTARINES,chocolate,normal,507
NECTARINES,cinnamon,normal,507
NECTARINES,cranberries,normal,507
NECTARINES,cream and ice cream,recommended,507
NECTARINES,custard,normal,507
NECTARINES,desserts and dessert sauces,normal,507
NECTARINES,figs,normal,507
NECTARINES,"ginger, esp. fresh",recommended,507
NECTARINES,hazelnuts,normal,507
NECTARINES,honey,normal,507
NECTARINES,Kirsch,normal,507
NECTARINES,"lemon: juice, zest",recommended,507
NECTARINES,maple syrup,normal,507
NECTARINES,mascarpone,normal,507
NECTARINES,"milk, sweetened condensed",normal,507
NECTARINES,mint (garnish),normal,507
NECTARINES,nutmeg,normal,508
NECTARINES,oatmeal,normal,508
NECTARINES,onions,normal,508
NECTARINES,"orange, juice",normal,508
NECTARINES,orange liqueur,normal,508
NECTARINES,peaches,normal,508
NECTARINES,"peach liqueur (e.g., schnapps)",normal,508
NECTARINES,pecans,normal,508
NECTARINES,"pepper, black",normal,508
NECTARINES,pistachios,normal,508
NECTARINES,plums (compatible fruit),recommended,508
NECTARINES,pork,normal,508
NECTARINES,raspberries,recommended,508
NECTARINES,"salads, fruit",normal,508
NECTARINES,"salsas, fruit",normal,508
NECTARINES,"soups, esp. chilled",normal,508
NECTARINES,sour cream,normal,508
NECTARINES,strawberries,normal,508
NECTARINES,"SUGAR: brown, white",recommended,508
NECTARINES,vanilla,recommended,508
NECTARINES,"vinegar, cider",normal,508
NECTARINES,Zinfandel,normal,508
NECTARINES,yogurt,normal,508
NORTH AFRICAN CUISINE,allspice,normal,508
NORTH AFRICAN CUISINE,cinnamon,normal,508
NORTH AFRICAN CUISINE,coriander,normal,508
NORTH AFRICAN CUISINE,couscous,recommended,508
NORTH AFRICAN CUISINE,cumin,recommended,508
NORTH AFRICAN CUISINE,"garlic, esp. in Egypt",normal,508
NORTH AFRICAN CUISINE,ginger,normal,508
NORTH AFRICAN CUISINE,"lemons, preserved",normal,508
NORTH AFRICAN CUISINE,"meats, esp. grilled",normal,508
NORTH AFRICAN CUISINE,onions,normal,508
NORTH AFRICAN CUISINE,paprika,normal,508
NORTH AFRICAN CUISINE,"pepper, black",normal,508
NORTH AFRICAN CUISINE,saffron,normal,508
NORTH AFRICAN CUISINE,salads,normal,508
NORTH AFRICAN CUISINE,"spices, esp. in Morocco",normal,508
NORTH AFRICAN CUISINE,turmeric,normal,508
NORTH AFRICAN CUISINE,vegetables,normal,508
NUTMEG,Botanical relative: mace,recommended,509
NUTMEG,allspice,normal,509
NUTMEG,apples,recommended,509
NUTMEG,"baked dishes (e.g., biscuits, cakes, pies)",normal,509
NUTMEG,"beef: braised, raw",normal,509
NUTMEG,berries,normal,509
NUTMEG,"beverages (e.g., chocolate, eggnog)",normal,509
NUTMEG,broccoli,normal,509
NUTMEG,butter,normal,509
NUTMEG,cabbage,normal,509
NUTMEG,cakes,normal,509
NUTMEG,cardamom,normal,509
NUTMEG,Caribbean cuisine,normal,509
NUTMEG,carrots,normal,509
NUTMEG,cauliflower,normal,509
NUTMEG,CHEESE (ESP. RICOTTA) AND CHEESE DISHES,very_highly_recommended,509
NUTMEG,chicken,recommended,509
NUTMEG,chickpeas,normal,509
NUTMEG,Chinese cuisine,normal,509
NUTMEG,chocolate,normal,509
NUTMEG,"chowders (e.g., fish)",normal,509
NUTMEG,cinnamon,recommended,509
NUTMEG,cloves,recommended,509
NUTMEG,cookies,normal,509
NUTMEG,coriander,normal,509
NUTMEG,CREAM / MILK,very_highly_recommended,509
NUTMEG,cumin,normal,509
NUTMEG,custards,recommended,510
NUTMEG,DESSERTS,very_highly_recommended,510
NUTMEG,EGGNOG,very_highly_recommended,510
NUTMEG,eggs,normal,510
NUTMEG,fish,normal,510
NUTMEG,French cuisine,normal,510
NUTMEG,"fruits: dried, fresh",recommended,510
NUTMEG,German cuisine,normal,510
NUTMEG,ginger,recommended,510
NUTMEG,goat,normal,510
NUTMEG,Greek cuisine,normal,510
NUTMEG,green beans,normal,510
NUTMEG,hazelnuts,normal,510
NUTMEG,honey,normal,510
NUTMEG,Indian cuisine,recommended,510
NUTMEG,"Italian cuisine, esp. sauces",recommended,510
NUTMEG,"jerk pastes, e.g., Caribbean",normal,510
NUTMEG,"lamb, esp. braised",recommended,510
NUTMEG,Latin American cuisine,normal,510
NUTMEG,"lemon, juice",normal,510
NUTMEG,MACE,very_highly_recommended,510
NUTMEG,"meats (e.g., meatballs)",normal,510
NUTMEG,Middle Eastern cuisine,normal,510
NUTMEG,milk-based dishes,normal,510
NUTMEG,mushrooms,recommended,510
NUTMEG,nuts,normal,510
NUTMEG,onions,normal,510
NUTMEG,oranges,normal,510
NUTMEG,parsnips,normal,510
NUTMEG,pasta and pasta sauces,recommended,510
NUTMEG,pastries,normal,510
NUTMEG,pâtés,normal,510
NUTMEG,pears,normal,510
NUTMEG,pepper,normal,510
NUTMEG,pork,normal,510
NUTMEG,potatoes,recommended,510
NUTMEG,puddings,recommended,510
NUTMEG,pumpkin,recommended,510
NUTMEG,raisins,normal,510
NUTMEG,RICE,very_highly_recommended,510
NUTMEG,"sauces: béchamel, white",normal,510
NUTMEG,sausages,normal,510
NUTMEG,Scandinavian cuisine,normal,510
NUTMEG,seafood,normal,510
NUTMEG,"shellfish, shrimp",normal,511
NUTMEG,soufflés,recommended,511
NUTMEG,soups,normal,511
NUTMEG,sour cream,normal,511
NUTMEG,Southeast Asian cuisine,normal,511
NUTMEG,SPINACH,very_highly_recommended,511
NUTMEG,"squash, winter",recommended,511
NUTMEG,stuffing,normal,511
NUTMEG,succotash,normal,511
NUTMEG,"sugar, esp. brown",normal,511
NUTMEG,sweet potatoes,normal,511
NUTMEG,thyme,normal,511
NUTMEG,tomatoes and tomato sauces,normal,511
NUTMEG,vanilla,normal,511
NUTMEG,veal,recommended,511
NUTMEG,"wine (e.g., mulled)",normal,511
NUTMEG,yogurt,normal,511
NUTS — IN GENERAL,"Marcel Desaulniers of The Trellis in Williamsburg, Virginia,",recommended,511
NUTS — IN GENERAL,work in both sweet and savory dishes.,normal,511
NUTS — IN GENERAL,Dishes from The Trellis in Williamsburg Featuring Nuts,recommended,512
NUTS — IN GENERAL,Sauce,normal,512
NUTS — IN GENERAL,"Shallots, and Pecan-Studded Basmati Rice",normal,512
NUTS — IN GENERAL,"Herbs, Toasted Pine Nuts, and Black Pepper Butter",normal,512
NUTS — IN GENERAL,balance out richness is with some phyllo dough.,normal,512
NUTS — IN GENERAL,Cherry-Almond Granola with Greek Yogurt and Vanilla Honey,recommended,513
OATMEAL / OATS,almonds,normal,513
OATMEAL / OATS,apples,recommended,513
OATMEAL / OATS,apricots,normal,513
OATMEAL / OATS,bananas,normal,513
OATMEAL / OATS,blueberries,normal,513
OATMEAL / OATS,brandy,normal,513
OATMEAL / OATS,breakfast,normal,513
OATMEAL / OATS,"butter, unsalted",recommended,513
OATMEAL / OATS,buttermilk,normal,513
OATMEAL / OATS,caramel,normal,513
OATMEAL / OATS,cherries,normal,513
OATMEAL / OATS,"chocolate, esp. dark, white",normal,513
OATMEAL / OATS,cider,normal,513
OATMEAL / OATS,cinnamon,recommended,513
OATMEAL / OATS,coconut,normal,513
OATMEAL / OATS,coffee,normal,513
OATMEAL / OATS,cranberries,normal,513
OATMEAL / OATS,cream,normal,513
OATMEAL / OATS,currants,normal,513
OATMEAL / OATS,dates,normal,513
OATMEAL / OATS,"figs, dried",normal,513
OATMEAL / OATS,ginger,normal,513
OATMEAL / OATS,hazelnuts,normal,513
OATMEAL / OATS,honey,normal,514
OATMEAL / OATS,lemon,normal,514
OATMEAL / OATS,maple syrup,recommended,514
OATMEAL / OATS,mascarpone,normal,514
OATMEAL / OATS,milk,normal,514
OATMEAL / OATS,nectarines,normal,514
OATMEAL / OATS,orange,normal,514
OATMEAL / OATS,peaches,normal,514
OATMEAL / OATS,peanuts,normal,514
OATMEAL / OATS,pears,normal,514
OATMEAL / OATS,pecans,normal,514
OATMEAL / OATS,persimmons,normal,514
OATMEAL / OATS,pine nuts,normal,514
OATMEAL / OATS,plums,normal,514
OATMEAL / OATS,prunes,normal,514
OATMEAL / OATS,pumpkin,normal,514
OATMEAL / OATS,raisins,normal,514
OATMEAL / OATS,raspberries,normal,514
OATMEAL / OATS,rhubarb,normal,514
OATMEAL / OATS,"rum, dark",normal,514
OATMEAL / OATS,salt (pinch),normal,514
OATMEAL / OATS,strawberries,normal,514
OATMEAL / OATS,"SUGAR: brown, white",recommended,514
OATMEAL / OATS,sweet potatoes,normal,514
OATMEAL / OATS,vanilla,normal,514
OATMEAL / OATS,walnuts,normal,514
OATMEAL / OATS,yogurt,recommended,514
OCTOPUS,"chile peppers, jalapeño",normal,514
OCTOPUS,chives,normal,514
OCTOPUS,chorizo,normal,514
OCTOPUS,dashi,normal,514
OCTOPUS,garlic,normal,514
OCTOPUS,ginger,normal,514
OCTOPUS,"lemon, juice",normal,514
OCTOPUS,mint,normal,514
OCTOPUS,olive oil,normal,515
OCTOPUS,"onions, red",normal,515
OCTOPUS,"orange, juice",normal,515
OCTOPUS,"pepper, black",normal,515
OCTOPUS,potatoes,normal,515
OCTOPUS,red pepper flakes,normal,515
OCTOPUS,sake,normal,515
OCTOPUS,"salt, sea",normal,515
OCTOPUS,soy sauce,normal,515
OCTOPUS,tamarind,normal,515
OCTOPUS,tangerine,normal,515
OCTOPUS,tomatoes and tomato sauce,normal,515
OCTOPUS,"vinegar: champagne, red wine",normal,515
OCTOPUS,"wine, red",normal,515
"OIL, ALMOND",almonds,recommended,515
"OIL, ALMOND",asparagus,normal,515
"OIL, ALMOND",baked goods,normal,515
"OIL, ALMOND",chicken,normal,515
"OIL, ALMOND",Chinese cuisine,normal,515
"OIL, ALMOND",duck,normal,515
"OIL, ALMOND",fish,normal,515
"OIL, ALMOND",Indian cuisine,normal,515
"OIL, ALMOND",mustard,normal,515
"OIL, ALMOND",pasta,normal,515
"OIL, ALMOND",romaine,normal,515
"OIL, ALMOND",salads,normal,515
"OIL, ALMOND",sauces,normal,515
"OIL, ALMOND",smoked salmon,normal,515
"OIL, ALMOND",vegetables,normal,515
"OIL, ALMOND",vinaigrettes,normal,515
"OIL, ALMOND","vinegar, champagne",normal,515
"OIL, AVOCADO",arugula,normal,516
"OIL, AVOCADO",asparagus,normal,516
"OIL, AVOCADO",avocados,recommended,516
"OIL, AVOCADO",basil,normal,516
"OIL, AVOCADO",chile peppers,normal,516
"OIL, AVOCADO",corn,normal,516
"OIL, AVOCADO",cucumber,normal,516
"OIL, AVOCADO",emulsions,normal,516
"OIL, AVOCADO",fish,recommended,516
"OIL, AVOCADO",garlic,normal,516
"OIL, AVOCADO",grapefruit,recommended,516
"OIL, AVOCADO",guinea fowl,normal,516
"OIL, AVOCADO","lemon, juice",recommended,516
"OIL, AVOCADO","lime, juice",recommended,516
"OIL, AVOCADO",melon,normal,516
"OIL, AVOCADO","orange, juice",recommended,516
"OIL, AVOCADO",pasta,normal,516
"OIL, AVOCADO",rabbit,normal,516
"OIL, AVOCADO",salads and salad dressings,recommended,516
"OIL, AVOCADO",salmon,normal,516
"OIL, AVOCADO",scallops,normal,516
"OIL, AVOCADO",seafood,normal,516
"OIL, AVOCADO",shrimp,normal,516
"OIL, AVOCADO",squid,normal,516
"OIL, AVOCADO",thyme,normal,516
"OIL, AVOCADO",tomatoes and tomato water,normal,516
"OIL, AVOCADO",tuna,normal,516
"OIL, AVOCADO",vegetables,normal,516
"OIL, AVOCADO",vegetarian dishes,normal,516
"OIL, AVOCADO","vinegar: balsamic, chardonnay, white wine",normal,516
"OIL, AVOCADO",zucchini,normal,516
"OIL, AVOCADO",a delicious combination.,normal,517
"OIL, CANOLA",salads and salad dressings,normal,517
"OIL, CANOLA",deep-fry,avoid,517
"OIL, GRAPESEED",coconut,normal,517
"OIL, GRAPESEED",marinades,normal,517
"OIL, GRAPESEED",salads and salad dressings,normal,517
"OIL, GRAPESEED",sautéed dishes,normal,517
"OIL, GRAPESEED",vinegar,normal,517
"OIL, HAZELNUT",apples,normal,517
"OIL, HAZELNUT",artichokes,normal,517
"OIL, HAZELNUT",broccoli,normal,518
"OIL, HAZELNUT","cheese, fresh",normal,518
"OIL, HAZELNUT","desserts (e.g., candy, cookies)",normal,518
"OIL, HAZELNUT",figs,normal,518
"OIL, HAZELNUT",fish,normal,518
"OIL, HAZELNUT","greens, bitter",normal,518
"OIL, HAZELNUT",hazelnuts,recommended,518
"OIL, HAZELNUT","lemon, juice",normal,518
"OIL, HAZELNUT",pastries,normal,518
"OIL, HAZELNUT",pears,normal,518
"OIL, HAZELNUT",persimmons,normal,518
"OIL, HAZELNUT",salads and salad dressings,recommended,518
"OIL, HAZELNUT",sauces,normal,518
"OIL, HAZELNUT",spinach,normal,518
"OIL, HAZELNUT",squab,normal,518
"OIL, HAZELNUT",vinaigrettes,normal,518
"OIL, HAZELNUT","vinegars, esp. balsamic, cider, fruity",recommended,518
"OIL, HAZELNUT",wild rice,normal,518
"OIL, MACADAMIA NUT","fruit salads, esp. with tropical fruits",normal,518
"OIL, MACADAMIA NUT",Hawaiian cuisine,normal,518
"OIL, MACADAMIA NUT",macadamia nuts,normal,518
"OIL, MACADAMIA NUT",rice salads,normal,518
"OIL, MACADAMIA NUT",sauces,normal,518
"OIL, PEANUT",Asian cuisines,normal,518
"OIL, PEANUT",Chinese cuisine,normal,518
"OIL, PEANUT",cooking,normal,518
"OIL, PEANUT",fruits and fruit salads,normal,518
"OIL, PEANUT",garlic,normal,518
"OIL, PEANUT",ginger,normal,518
"OIL, PEANUT",lentils,normal,519
"OIL, PEANUT",meats,normal,519
"OIL, PEANUT",peanuts,normal,519
"OIL, PEANUT","salad dressings, esp. Asian, fruit",normal,519
"OIL, PEANUT",soy sauce,normal,519
"OIL, PEANUT","vinegars, esp. balsamic, malt",normal,519
"OIL, PECAN",bread,normal,519
"OIL, PECAN",fish,normal,519
"OIL, PECAN",meat,normal,519
"OIL, PECAN",pasta,normal,519
"OIL, PECAN",rice,normal,519
"OIL, PECAN",salads and salad dressings,normal,519
"OIL, PECAN",vegetables,normal,519
"OIL, PISTACHIO",asparagus,normal,519
"OIL, PISTACHIO",avocado,normal,519
"OIL, PISTACHIO",beets,normal,519
"OIL, PISTACHIO",bread,normal,519
"OIL, PISTACHIO",fish,normal,519
"OIL, PISTACHIO",mayonnaise,normal,519
"OIL, PISTACHIO",meat,normal,519
"OIL, PISTACHIO",pasta,normal,519
"OIL, PISTACHIO",salads and salad dressings,normal,519
"OIL, PISTACHIO",tuna,normal,519
"OIL, PORCINI",bread,normal,520
"OIL, PORCINI",cheese,normal,520
"OIL, PORCINI","mushrooms, esp. porcini",normal,520
"OIL, PORCINI",pasta,normal,520
"OIL, PORCINI",risotto,normal,520
"OIL, PORCINI",salads and salad dressings,normal,520
"OIL, PORCINI",sauces,normal,520
"OIL, PORCINI",stews,normal,520
"OIL, PUMPKIN SEED","beef, rare",normal,520
"OIL, PUMPKIN SEED",citrus,normal,520
"OIL, PUMPKIN SEED",corn,normal,520
"OIL, PUMPKIN SEED",desserts,normal,520
"OIL, PUMPKIN SEED",ice cream,normal,520
"OIL, PUMPKIN SEED",maple syrup,normal,520
"OIL, PUMPKIN SEED","mustard, Dijon",normal,520
"OIL, PUMPKIN SEED",pastries,normal,520
"OIL, PUMPKIN SEED",pumpkin seeds,normal,520
"OIL, PUMPKIN SEED",rice,normal,520
"OIL, PUMPKIN SEED",soups,normal,520
"OIL, PUMPKIN SEED","squash, winter",normal,520
"OIL, PUMPKIN SEED","vinegar: balsamic, cider, rice wine",normal,520
"OIL, SESAME",Asian cuisine,recommended,520
"OIL, SESAME",beef,normal,520
"OIL, SESAME","cabbage, napa",normal,521
"OIL, SESAME",chicken,normal,521
"OIL, SESAME",chili powder,normal,521
"OIL, SESAME",Chinese cuisine,normal,521
"OIL, SESAME",fish,normal,521
"OIL, SESAME",fruit salads,normal,521
"OIL, SESAME",garlic,recommended,521
"OIL, SESAME",ginger,recommended,521
"OIL, SESAME","greens, esp. Asian",normal,521
"OIL, SESAME",honey,normal,521
"OIL, SESAME",Japanese cuisine,normal,521
"OIL, SESAME",Korean cuisine,normal,521
"OIL, SESAME","lemon, juice",normal,521
"OIL, SESAME",lemongrass,normal,521
"OIL, SESAME","lime, juice",normal,521
"OIL, SESAME",marinades,recommended,521
"OIL, SESAME",meats,normal,521
"OIL, SESAME",miso soup,normal,521
"OIL, SESAME",mustard,normal,521
"OIL, SESAME",noodles,normal,521
"OIL, SESAME","oil, vegetable (compatible oil)",normal,521
"OIL, SESAME",orange,recommended,521
"OIL, SESAME","pepper, black",normal,521
"OIL, SESAME","salads and salad dressings, esp. Asian",recommended,521
"OIL, SESAME",salt,normal,521
"OIL, SESAME",sauces,normal,521
"OIL, SESAME",scallions,normal,521
"OIL, SESAME",sesame seeds,recommended,521
"OIL, SESAME",shallots,normal,521
"OIL, SESAME",shiso,normal,521
"OIL, SESAME",soy sauce,recommended,521
"OIL, SESAME",stir-fried dishes,normal,521
"OIL, SESAME",tahini,normal,521
"OIL, SESAME",tuna,normal,521
"OIL, SESAME",vegetables,normal,521
"OIL, SESAME","vinegar: cider, rice wine",recommended,521
"OIL, TRUFFLE",cheese,normal,522
"OIL, TRUFFLE",eggs,normal,522
"OIL, TRUFFLE",fish,normal,522
"OIL, TRUFFLE",mushrooms,normal,522
"OIL, TRUFFLE",pasta,normal,522
"OIL, TRUFFLE",risotto,normal,522
"OIL, TRUFFLE",salads and salad dressings,normal,522
"OIL, TRUFFLE",Vinaigrette,recommended,522
"OIL, WALNUT",eating it!,normal,522
"OIL, WALNUT",On Selecting the Right Oil,recommended,522
"OIL, WALNUT",apples,normal,523
"OIL, WALNUT",baked goods,normal,523
"OIL, WALNUT",beets,recommended,523
"OIL, WALNUT",bread,normal,523
"OIL, WALNUT","cheese, fresh",normal,523
"OIL, WALNUT",chicory,normal,523
"OIL, WALNUT",figs,normal,523
"OIL, WALNUT","fish, esp. grilled",normal,523
"OIL, WALNUT",frisée,normal,523
"OIL, WALNUT","greens, bitter",normal,523
"OIL, WALNUT","meats, esp. grilled",normal,523
"OIL, WALNUT",pasta,normal,523
"OIL, WALNUT",pears,normal,523
"OIL, WALNUT",persimmons,normal,523
"OIL, WALNUT",potatoes,normal,523
"OIL, WALNUT",SALADS AND SALAD DRESSINGS,very_highly_recommended,523
"OIL, WALNUT",sauces,normal,523
"OIL, WALNUT",steaks,normal,523
"OIL, WALNUT",vinaigrettes,normal,523
"OIL, WALNUT","vinegar: balsamic, fruit, red wine, sherry, tarragon",recommended,523
"OIL, WALNUT",walnuts,recommended,523
OKRA,"bell peppers, esp. red",recommended,523
OKRA,butter,normal,523
OKRA,cayenne,normal,523
OKRA,chicken,normal,523
OKRA,"chile peppers, fresh green",recommended,523
OKRA,cilantro,normal,523
OKRA,coriander,normal,524
OKRA,corn and cornmeal,recommended,524
OKRA,Creole cuisine,normal,524
OKRA,cumin,normal,524
OKRA,curry powder,normal,524
OKRA,fennel seeds,normal,524
OKRA,garlic,normal,524
OKRA,"ginger, fresh",normal,524
OKRA,gumbo,normal,524
OKRA,ham,normal,524
OKRA,Indian cuisine,normal,524
OKRA,"LEMON, juice",recommended,524
OKRA,"lime, juice",normal,524
OKRA,Mediterranean cuisine,normal,524
OKRA,Moroccan cuisine,normal,524
OKRA,mustard seeds,normal,524
OKRA,"oil: peanut, vegetable",normal,524
OKRA,"onions, esp. red",recommended,524
OKRA,"parsley, flat-leaf",normal,524
OKRA,"peas, black-eyed",normal,524
OKRA,rice,normal,524
OKRA,"salt, kosher",recommended,524
OKRA,seafood,normal,524
OKRA,shrimp,normal,524
OKRA,soups,normal,524
OKRA,Southern cuisine (American),normal,524
OKRA,TOMATOES,very_highly_recommended,524
OKRA,turmeric,normal,524
OKRA,vinegar,recommended,524
OKRA,yogurt,normal,524
OLIVE OIL,almonds,normal,524
OLIVE OIL,anchovies,normal,524
OLIVE OIL,"beans, white",normal,525
OLIVE OIL,chickpeas,normal,525
OLIVE OIL,fish,normal,525
OLIVE OIL,"French cuisine, southern",normal,525
OLIVE OIL,garlic,recommended,525
OLIVE OIL,herbs,normal,525
OLIVE OIL,hummus,normal,525
OLIVE OIL,Italian cuisine,normal,525
OLIVE OIL,meats,normal,525
OLIVE OIL,Mediterranean cuisine,normal,525
OLIVE OIL,Middle Eastern cuisine,normal,525
OLIVE OIL,Moroccan cuisine,normal,525
OLIVE OIL,olives,recommended,526
OLIVE OIL,Parmesan cheese,normal,526
OLIVE OIL,pasta,normal,526
OLIVE OIL,"pepper, black",normal,526
OLIVE OIL,salads and salad dressings,normal,526
OLIVE OIL,salt,normal,526
OLIVE OIL,soups,normal,526
OLIVE OIL,Spanish cuisine,normal,526
OLIVE OIL,thyme,normal,526
OLIVE OIL,vegetables,normal,526
OLIVE OIL,vinegar,normal,526
OLIVES,almonds,recommended,526
OLIVES,anchovies,recommended,526
OLIVES,basil,recommended,526
OLIVES,bass,normal,526
OLIVES,bay leaf,normal,526
OLIVES,"bell peppers, esp. red",normal,526
OLIVES,brandy,normal,526
OLIVES,bread,normal,526
OLIVES,butter,normal,526
OLIVES,capers,recommended,526
OLIVES,cayenne,normal,526
OLIVES,"cheese: feta, goat’s milk",normal,526
OLIVES,chicken,normal,526
OLIVES,cognac,normal,526
OLIVES,cream cheese,normal,526
OLIVES,cumin,normal,526
OLIVES,fish,normal,526
OLIVES,"French cuisine, esp. Provençal",normal,526
OLIVES,GARLIC,very_highly_recommended,526
OLIVES,Italian cuisine,normal,526
OLIVES,lamb,normal,526
OLIVES,"LEMON: juice, zest",recommended,526
OLIVES,meats,normal,526
OLIVES,Mediterranean cuisines,normal,526
OLIVES,Moroccan cuisine,normal,526
OLIVES,olive oil,recommended,526
OLIVES,"onions, esp. red",recommended,526
OLIVES,"orange: juice, zest",recommended,527
OLIVES,oregano,normal,527
OLIVES,"parsley, flat-leaf",recommended,527
OLIVES,pasta,normal,527
OLIVES,"pepper: black, white",recommended,527
OLIVES,"peppers, piquillo",normal,527
OLIVES,Pernod,normal,527
OLIVES,pine nuts,normal,527
OLIVES,red pepper flakes,normal,527
OLIVES,rosemary,normal,527
OLIVES,sage,normal,527
OLIVES,salads and salad dressings,normal,527
OLIVES,salmon,recommended,527
OLIVES,"salt: kosher, sea",recommended,527
OLIVES,sambuca,normal,527
OLIVES,scallions,normal,527
OLIVES,scallops,normal,527
OLIVES,Olive and Anchovy Tapenade with Sage Crackers,recommended,527
OLIVES,shallots,normal,527
OLIVES,Spanish cuisine,normal,527
OLIVES,thyme,recommended,527
OLIVES,"tomatoes: regular, sun-dried",recommended,527
OLIVES,tuna,recommended,527
OLIVES,veal,normal,527
OLIVES,"vinegar: red wine, sherry",recommended,527
OLIVES,"wine, dry white",normal,527
ONIONS — IN GENERAL,anchovies,normal,528
ONIONS — IN GENERAL,apples,normal,528
ONIONS — IN GENERAL,bacon,recommended,528
ONIONS — IN GENERAL,basil,normal,528
ONIONS — IN GENERAL,bay leaf,recommended,528
ONIONS — IN GENERAL,beans,normal,528
ONIONS — IN GENERAL,"beef, ground, e.g., hamburgers, meat loaf",normal,528
ONIONS — IN GENERAL,beer,normal,528
ONIONS — IN GENERAL,beets,normal,528
ONIONS — IN GENERAL,bell peppers,normal,528
ONIONS — IN GENERAL,brandy,normal,528
ONIONS — IN GENERAL,"bread: croutons, crumbs",recommended,528
ONIONS — IN GENERAL,"BUTTER, UNSALTED",very_highly_recommended,528
ONIONS — IN GENERAL,caraway seeds,normal,528
ONIONS — IN GENERAL,cardamom,normal,528
ONIONS — IN GENERAL,carrots,normal,528
ONIONS — IN GENERAL,cayenne,normal,528
ONIONS — IN GENERAL,"chile peppers, esp. jalapeño",recommended,528
ONIONS — IN GENERAL,chili,normal,528
ONIONS — IN GENERAL,cilantro,normal,528
ONIONS — IN GENERAL,cinnamon,normal,528
ONIONS — IN GENERAL,cloves,normal,528
ONIONS — IN GENERAL,coriander,normal,529
ONIONS — IN GENERAL,cream / milk,recommended,529
ONIONS — IN GENERAL,crème fraîche,normal,529
ONIONS — IN GENERAL,cucumbers,normal,529
ONIONS — IN GENERAL,cumin seeds,normal,529
ONIONS — IN GENERAL,curry,normal,529
ONIONS — IN GENERAL,dill,normal,529
ONIONS — IN GENERAL,dips,normal,529
ONIONS — IN GENERAL,"eggs, e.g., omelets",normal,529
ONIONS — IN GENERAL,garlic,recommended,529
ONIONS — IN GENERAL,"greens, bitter",normal,529
ONIONS — IN GENERAL,hamburgers,normal,529
ONIONS — IN GENERAL,honey,normal,529
ONIONS — IN GENERAL,"lemon, juice",normal,529
ONIONS — IN GENERAL,"lime, juice",normal,529
ONIONS — IN GENERAL,liver,normal,529
ONIONS — IN GENERAL,mace,normal,529
ONIONS — IN GENERAL,"mangoes, esp. with red onions",normal,529
ONIONS — IN GENERAL,marjoram,normal,529
ONIONS — IN GENERAL,meats,recommended,529
ONIONS — IN GENERAL,milk,normal,529
ONIONS — IN GENERAL,"mint (e.g., Indian)",normal,529
ONIONS — IN GENERAL,mirepoix (key ingredient),normal,529
ONIONS — IN GENERAL,mushrooms,normal,529
ONIONS — IN GENERAL,"mustard, Dijon",normal,529
ONIONS — IN GENERAL,"Wilted Arugula, Fava Beans, and Vegetable Demi-Glace",recommended,529
ONIONS — IN GENERAL,NUTMEG,very_highly_recommended,529
ONIONS — IN GENERAL,"OIL: canola, peanut, sesame, vegetable",recommended,529
ONIONS — IN GENERAL,olive oil,normal,529
ONIONS — IN GENERAL,"olives, black",normal,529
ONIONS — IN GENERAL,"orange, juice",normal,529
ONIONS — IN GENERAL,oregano,normal,529
ONIONS — IN GENERAL,paprika,normal,529
ONIONS — IN GENERAL,Parmesan cheese,normal,529
ONIONS — IN GENERAL,"parsley, flat-leaf",normal,529
ONIONS — IN GENERAL,peas,normal,529
ONIONS — IN GENERAL,"pepper: black, white",recommended,529
ONIONS — IN GENERAL,ponzu sauce,normal,529
ONIONS — IN GENERAL,pork,normal,529
ONIONS — IN GENERAL,potatoes,normal,530
ONIONS — IN GENERAL,poultry,normal,530
ONIONS — IN GENERAL,"raisins, esp. golden",normal,530
ONIONS — IN GENERAL,rice,normal,530
ONIONS — IN GENERAL,rosemary,recommended,530
ONIONS — IN GENERAL,saffron,normal,530
ONIONS — IN GENERAL,sage,recommended,530
ONIONS — IN GENERAL,salads,normal,530
ONIONS — IN GENERAL,"SALT: fleur de sel, kosher, sea",recommended,530
ONIONS — IN GENERAL,sandwiches,normal,530
ONIONS — IN GENERAL,sauces and gravies,normal,530
ONIONS — IN GENERAL,savory,normal,530
ONIONS — IN GENERAL,soups,recommended,530
ONIONS — IN GENERAL,sour cream,normal,530
ONIONS — IN GENERAL,stews,normal,530
ONIONS — IN GENERAL,"stocks: beef, chicken, veal",recommended,530
ONIONS — IN GENERAL,sugar (pinch),recommended,530
ONIONS — IN GENERAL,Tabasco sauce,normal,530
ONIONS — IN GENERAL,"THYME, lemon",recommended,530
ONIONS — IN GENERAL,tomatoes,normal,530
ONIONS — IN GENERAL,vegetables,recommended,530
ONIONS — IN GENERAL,"vinegar: balsamic, champagne, red wine, sherry, white wine",recommended,530
ONIONS — IN GENERAL,"wine: dry red, white, port",recommended,530
"ONIONS, SWEET (e.g., Vidalia)",basil,recommended,530
"ONIONS, SWEET (e.g., Vidalia)",cayenne,normal,530
"ONIONS, SWEET (e.g., Vidalia)",chard,normal,530
"ONIONS, SWEET (e.g., Vidalia)","cheese: blue (e.g., Cabrales, Maytag), goat, Parmesan",recommended,530
"ONIONS, SWEET (e.g., Vidalia)",chives,normal,530
"ONIONS, SWEET (e.g., Vidalia)",cilantro,normal,530
"ONIONS, SWEET (e.g., Vidalia)","ginger, fresh",normal,530
"ONIONS, SWEET (e.g., Vidalia)",herbs,normal,530
"ONIONS, SWEET (e.g., Vidalia)",lettuces,normal,530
"ONIONS, SWEET (e.g., Vidalia)",mint,normal,530
"ONIONS, SWEET (e.g., Vidalia)",nutmeg,normal,531
"ONIONS, SWEET (e.g., Vidalia)",olive oil,recommended,531
"ONIONS, SWEET (e.g., Vidalia)",pine nuts,normal,531
"ONIONS, SWEET (e.g., Vidalia)",salads,normal,531
"ONIONS, SWEET (e.g., Vidalia)",salt,normal,531
"ONIONS, SWEET (e.g., Vidalia)",sandwiches,normal,531
"ONIONS, SWEET (e.g., Vidalia)",Tabasco sauce,normal,531
"ONIONS, SWEET (e.g., Vidalia)",tomatoes,normal,531
"ONIONS, SWEET (e.g., Vidalia)","vinegar: rice, sherry",normal,531
"ONIONS, SWEET (e.g., Vidalia)",yogurt,normal,531
ORANGES — IN GENERAL,almonds,recommended,531
ORANGES — IN GENERAL,anise seeds,recommended,531
ORANGES — IN GENERAL,Orange Tart with Carrot Cake and Mandarin,recommended,531
ORANGES — IN GENERAL,apples,normal,532
ORANGES — IN GENERAL,apricots,normal,532
ORANGES — IN GENERAL,Armagnac,recommended,532
ORANGES — IN GENERAL,arugula,normal,532
ORANGES — IN GENERAL,avocados,normal,532
ORANGES — IN GENERAL,bananas,recommended,532
ORANGES — IN GENERAL,basil,recommended,532
ORANGES — IN GENERAL,beets,normal,532
ORANGES — IN GENERAL,blackberries,normal,532
ORANGES — IN GENERAL,blueberries,normal,532
ORANGES — IN GENERAL,brandy,recommended,532
ORANGES — IN GENERAL,buttermilk,normal,532
ORANGES — IN GENERAL,caramel,normal,532
ORANGES — IN GENERAL,cardamom,normal,532
ORANGES — IN GENERAL,carrots,normal,532
ORANGES — IN GENERAL,ceviche,normal,532
ORANGES — IN GENERAL,"cheese: goat, ricotta",normal,532
ORANGES — IN GENERAL,cherries,normal,532
ORANGES — IN GENERAL,chestnuts,normal,532
ORANGES — IN GENERAL,chicken,normal,532
ORANGES — IN GENERAL,"chile peppers, esp. serrano",normal,533
ORANGES — IN GENERAL,chives,normal,533
ORANGES — IN GENERAL,"CHOCOLATE: dark, white",recommended,533
ORANGES — IN GENERAL,cilantro,recommended,533
ORANGES — IN GENERAL,cinnamon,recommended,533
ORANGES — IN GENERAL,cloves,recommended,533
ORANGES — IN GENERAL,coconut,normal,533
ORANGES — IN GENERAL,coffee,normal,533
ORANGES — IN GENERAL,cognac,normal,533
ORANGES — IN GENERAL,crabs,normal,533
ORANGES — IN GENERAL,cranberries,recommended,533
ORANGES — IN GENERAL,cream and ice cream,recommended,533
ORANGES — IN GENERAL,"crust: pastry, pie",normal,533
ORANGES — IN GENERAL,cumin,normal,533
ORANGES — IN GENERAL,custard,normal,533
ORANGES — IN GENERAL,dates,normal,533
ORANGES — IN GENERAL,desserts,recommended,533
ORANGES — IN GENERAL,fennel,normal,533
ORANGES — IN GENERAL,"figs: dried, fresh",normal,533
ORANGES — IN GENERAL,fish,normal,533
ORANGES — IN GENERAL,game,normal,533
ORANGES — IN GENERAL,garlic,normal,533
ORANGES — IN GENERAL,ginger,normal,533
ORANGES — IN GENERAL,grapefruit,recommended,533
ORANGES — IN GENERAL,greens,normal,533
ORANGES — IN GENERAL,grenadine syrup,normal,533
ORANGES — IN GENERAL,guava,normal,533
ORANGES — IN GENERAL,hazelnuts,normal,533
ORANGES — IN GENERAL,honey,recommended,533
ORANGES — IN GENERAL,ices,normal,533
ORANGES — IN GENERAL,juniper berries,normal,533
ORANGES — IN GENERAL,Italian cuisine,normal,533
ORANGES — IN GENERAL,Kirsch,normal,533
ORANGES — IN GENERAL,kumquats,normal,533
ORANGES — IN GENERAL,"LEMON: juice, zest",recommended,533
ORANGES — IN GENERAL,lemongrass,normal,533
ORANGES — IN GENERAL,"lettuce, romaine",normal,533
ORANGES — IN GENERAL,lime,normal,533
ORANGES — IN GENERAL,"lime leaf, kaffir",normal,533
ORANGES — IN GENERAL,"liqueurs, almond",normal,533
ORANGES — IN GENERAL,macadamia nuts,normal,533
ORANGES — IN GENERAL,mangoes,normal,533
ORANGES — IN GENERAL,maple syrup,normal,533
ORANGES — IN GENERAL,mascarpone,normal,533
ORANGES — IN GENERAL,meats,normal,533
ORANGES — IN GENERAL,melon,normal,534
ORANGES — IN GENERAL,meringue,normal,534
ORANGES — IN GENERAL,MINT,very_highly_recommended,534
ORANGES — IN GENERAL,nectarines,normal,534
ORANGES — IN GENERAL,oats,normal,534
ORANGES — IN GENERAL,olive oil,recommended,534
ORANGES — IN GENERAL,"olives, black",recommended,534
ORANGES — IN GENERAL,"ONIONS, esp. green, red",very_highly_recommended,534
ORANGES — IN GENERAL,"orange, zest",normal,534
ORANGES — IN GENERAL,"orange liqueurs: Cointreau, Grand Marnier",recommended,534
ORANGES — IN GENERAL,papaya,normal,534
ORANGES — IN GENERAL,paprika,normal,534
ORANGES — IN GENERAL,"parsley, flat-leaf",normal,534
ORANGES — IN GENERAL,passion fruit,normal,534
ORANGES — IN GENERAL,peaches,normal,534
ORANGES — IN GENERAL,pears,normal,534
ORANGES — IN GENERAL,pecans,normal,534
ORANGES — IN GENERAL,"pepper, black",normal,534
ORANGES — IN GENERAL,persimmons,normal,534
ORANGES — IN GENERAL,pineapple,normal,534
ORANGES — IN GENERAL,pine nuts,normal,534
ORANGES — IN GENERAL,pistachios,normal,534
ORANGES — IN GENERAL,plums,normal,534
ORANGES — IN GENERAL,pomegranates,recommended,534
ORANGES — IN GENERAL,poppy seeds,normal,534
ORANGES — IN GENERAL,"pork, roast",normal,534
ORANGES — IN GENERAL,port,normal,534
ORANGES — IN GENERAL,prunes,normal,534
ORANGES — IN GENERAL,pumpkin,normal,534
ORANGES — IN GENERAL,quince,normal,534
ORANGES — IN GENERAL,raisins,normal,534
ORANGES — IN GENERAL,raspberries,normal,534
ORANGES — IN GENERAL,rhubarb,normal,534
ORANGES — IN GENERAL,rice,normal,534
ORANGES — IN GENERAL,rosemary,recommended,534
ORANGES — IN GENERAL,rum,normal,534
ORANGES — IN GENERAL,saffron,normal,534
ORANGES — IN GENERAL,"salads, fruit and green",normal,534
ORANGES — IN GENERAL,salt,normal,534
ORANGES — IN GENERAL,sauces,normal,534
ORANGES — IN GENERAL,scallops,normal,534
ORANGES — IN GENERAL,shrimp,normal,534
ORANGES — IN GENERAL,"squash, winter (e.g., butternut)",normal,534
ORANGES — IN GENERAL,star anise,normal,534
ORANGES — IN GENERAL,strawberries,normal,534
ORANGES — IN GENERAL,"SUGAR: brown, white",recommended,535
ORANGES — IN GENERAL,sweet potatoes,normal,535
ORANGES — IN GENERAL,tea,normal,535
ORANGES — IN GENERAL,thyme,normal,535
ORANGES — IN GENERAL,tomatoes,normal,535
ORANGES — IN GENERAL,vanilla,recommended,535
ORANGES — IN GENERAL,veal,normal,535
ORANGES — IN GENERAL,"vinegar, esp. rice wine, sherry",recommended,535
ORANGES — IN GENERAL,walnuts,recommended,535
ORANGES — IN GENERAL,watercress,normal,535
ORANGES — IN GENERAL,"wine: red, sweet, white",normal,535
ORANGES — IN GENERAL,yogurt,normal,535
"ORANGES, BLOOD",caramel,normal,535
"ORANGES, BLOOD",Champagne,normal,535
"ORANGES, BLOOD","chocolate, white",normal,535
"ORANGES, BLOOD",cinnamon,normal,535
"ORANGES, BLOOD",cloves,normal,535
"ORANGES, BLOOD",cream,normal,535
"ORANGES, BLOOD",grapefruit,normal,535
"ORANGES, BLOOD",honey,normal,535
"ORANGES, BLOOD",kumquats,normal,535
"ORANGES, BLOOD",lemon,normal,535
"ORANGES, BLOOD",mint,normal,535
"ORANGES, BLOOD",pomegranates,normal,535
"ORANGES, BLOOD",salads,normal,535
"ORANGES, BLOOD","sugar, brown",normal,535
"ORANGES, BLOOD",tarts,normal,535
"ORANGES, BLOOD",vanilla,normal,535
"ORANGES, CLEMENTINE",Blood Orange–Vanilla Creamsicle,recommended,536
"ORANGES, CLEMENTINE",Chocolate and Tangerine Semifreddo Garnished with Chopped Pistachios,recommended,536
"ORANGES, CLEMENTINE","ORANGES, MANDARIN (includes Clementines and",recommended,536
"ORANGES, CLEMENTINE",Tangerines),recommended,536
"ORANGES, CLEMENTINE",almonds,normal,536
"ORANGES, CLEMENTINE",apricots,normal,536
"ORANGES, CLEMENTINE",bananas,normal,536
"ORANGES, CLEMENTINE",Campari,normal,536
"ORANGES, CLEMENTINE",caramel,normal,536
"ORANGES, CLEMENTINE",chicken,normal,536
"ORANGES, CLEMENTINE","Chinese cuisine (e.g., as dessert)",normal,536
"ORANGES, CLEMENTINE",chives,normal,536
"ORANGES, CLEMENTINE","chocolate, esp. dark",recommended,536
"ORANGES, CLEMENTINE",cream and ice cream,recommended,536
"ORANGES, CLEMENTINE",crème anglaise,normal,536
"ORANGES, CLEMENTINE",cumin,normal,536
"ORANGES, CLEMENTINE",custard,normal,536
"ORANGES, CLEMENTINE",dates,normal,536
"ORANGES, CLEMENTINE",desserts,normal,536
"ORANGES, CLEMENTINE",duck,normal,536
"ORANGES, CLEMENTINE",fish,normal,536
"ORANGES, CLEMENTINE",garlic,normal,536
"ORANGES, CLEMENTINE",ginger,normal,536
"ORANGES, CLEMENTINE",grapefruit,normal,536
"ORANGES, CLEMENTINE",hazelnuts and hazelnut oil,normal,536
"ORANGES, CLEMENTINE",honey,normal,536
"ORANGES, CLEMENTINE",kumquats,normal,536
"ORANGES, CLEMENTINE",lavender,normal,536
"ORANGES, CLEMENTINE",LEMON JUICE,very_highly_recommended,537
"ORANGES, CLEMENTINE",lemongrass,normal,537
"ORANGES, CLEMENTINE",lemon verbena,normal,537
"ORANGES, CLEMENTINE",lettuces,normal,537
"ORANGES, CLEMENTINE",lime,normal,537
"ORANGES, CLEMENTINE","lime leaf, kaffir",normal,537
"ORANGES, CLEMENTINE","liqueurs, orange",normal,537
"ORANGES, CLEMENTINE",mascarpone,normal,537
"ORANGES, CLEMENTINE",melon,normal,537
"ORANGES, CLEMENTINE",mint,normal,537
"ORANGES, CLEMENTINE",olive oil,normal,537
"ORANGES, CLEMENTINE","onions, green",normal,537
"ORANGES, CLEMENTINE",oranges and blood oranges,normal,537
"ORANGES, CLEMENTINE",passion fruit,normal,537
"ORANGES, CLEMENTINE",pistachios,normal,537
"ORANGES, CLEMENTINE",pomegranates,normal,537
"ORANGES, CLEMENTINE",raspberries,normal,537
"ORANGES, CLEMENTINE",rosemary,normal,537
"ORANGES, CLEMENTINE","rum, esp. dark",normal,537
"ORANGES, CLEMENTINE",salads,normal,537
"ORANGES, CLEMENTINE",salt,normal,537
"ORANGES, CLEMENTINE",scallops,normal,537
"ORANGES, CLEMENTINE",seafood,normal,537
"ORANGES, CLEMENTINE",sesame oil,normal,537
"ORANGES, CLEMENTINE","shellfish (e.g., crab)",normal,537
"ORANGES, CLEMENTINE",shrimp,normal,537
"ORANGES, CLEMENTINE",sugar,recommended,537
"ORANGES, CLEMENTINE","vinegar: champagne, rice, white wine",normal,537
"ORANGES, CLEMENTINE",yogurt,normal,537
OREGANO,Botanical relative: marjoram (milder in flavor than oregano),recommended,537
OREGANO,anchovies,normal,537
OREGANO,artichokes,normal,537
OREGANO,arugula,normal,537
OREGANO,basil,recommended,537
OREGANO,calls to mind pizza sauce!,normal,538
OREGANO,"beans, esp. dried and/or white",recommended,538
OREGANO,beef,recommended,538
OREGANO,BELL PEPPERS,very_highly_recommended,538
OREGANO,broccoli,normal,538
OREGANO,broths,normal,538
OREGANO,capers,normal,538
OREGANO,"cheese and cheese dishes: feta, mozzarella, Parmesan",normal,538
OREGANO,chicken,recommended,538
OREGANO,"chile peppers, esp. piquillo",normal,538
OREGANO,"chili con carne, esp. Mexican oregano",normal,538
OREGANO,chili powder,normal,538
OREGANO,chives,normal,538
OREGANO,cucumbers,normal,538
OREGANO,cumin,normal,538
OREGANO,duck,normal,538
OREGANO,eggs and egg dishes,recommended,538
OREGANO,eggplant,recommended,538
OREGANO,"FISH, esp. oilier, and esp. baked or grilled",very_highly_recommended,538
OREGANO,garlic,recommended,538
OREGANO,Greek cuisine,recommended,538
OREGANO,"greens, bitter",normal,538
OREGANO,grilled dishes,normal,538
OREGANO,hamburgers,normal,538
OREGANO,Italian cuisine,recommended,538
OREGANO,lamb,recommended,538
OREGANO,LEMON,holy_grail,538
OREGANO,marjoram,recommended,538
OREGANO,"MEATS, esp. red and/or grilled, and meat-based dishes",very_highly_recommended,538
OREGANO,Mediterranean cuisine,recommended,538
OREGANO,Mexican cuisine,recommended,538
OREGANO,mint (say some),normal,538
OREGANO,"mole sauces, esp. with Mexican oregano",normal,538
OREGANO,mushrooms,recommended,538
OREGANO,olive oil,normal,538
OREGANO,olives,recommended,538
OREGANO,onions,normal,538
OREGANO,paprika,normal,538
OREGANO,parsley,normal,538
OREGANO,PASTA AND PASTA SAUCES,very_highly_recommended,538
OREGANO,"pepper, black",normal,538
OREGANO,PIZZA,very_highly_recommended,538
OREGANO,pork,recommended,539
OREGANO,potatoes,recommended,539
OREGANO,poultry,normal,539
OREGANO,quail,normal,539
OREGANO,rabbit,normal,539
OREGANO,roasts,normal,539
OREGANO,rosemary,normal,539
OREGANO,sage,normal,539
OREGANO,"salads and salad dressings, esp. Greek",recommended,539
OREGANO,sauces,normal,539
OREGANO,sausages,normal,539
OREGANO,seafood,normal,539
OREGANO,shellfish,normal,539
OREGANO,shrimp,normal,539
OREGANO,"soups, esp. chicken, fish, vegetable",recommended,539
OREGANO,Spanish cuisine,normal,539
OREGANO,"squash, summer",normal,539
OREGANO,squid,normal,539
OREGANO,stews,normal,539
OREGANO,stuffing,normal,539
OREGANO,swordfish,normal,539
OREGANO,Tex-Mex cuisine,normal,539
OREGANO,thyme,normal,539
OREGANO,TOMATOES AND TOMATO SAUCES,holy_grail,539
OREGANO,veal,normal,539
OREGANO,"vegetables, esp. summer",recommended,539
OREGANO,vinaigrettes,normal,539
OREGANO,vinegar,normal,539
OREGANO,zucchini,recommended,539
OREGANO,cilantro,avoid,539
OREGANO,desserts,avoid,539
OREGANO,dill,avoid,539
OREGANO,mint (say some),avoid,539
OREGANO,tarragon,avoid,539
OYSTERS,aioli,normal,540
OYSTERS,apples,normal,540
OYSTERS,asparagus,normal,540
OYSTERS,bacon,normal,540
OYSTERS,basil,normal,540
OYSTERS,bay leaf,normal,540
OYSTERS,beer / ale,normal,540
OYSTERS,beets,normal,540
OYSTERS,"bread, esp. dark",normal,540
OYSTERS,"bread crumbs, panko",normal,540
OYSTERS,"butter, unsalted",recommended,540
OYSTERS,Fresh-Cut Limes,recommended,540
OYSTERS,Cajun cuisine,normal,540
OYSTERS,capers,normal,540
OYSTERS,caviar,recommended,540
OYSTERS,cayenne,recommended,540
OYSTERS,celery,normal,540
OYSTERS,Champagne,normal,540
OYSTERS,chervil,recommended,540
OYSTERS,chili sauce,normal,540
OYSTERS,chives,recommended,540
OYSTERS,cilantro,recommended,540
OYSTERS,clams,normal,540
OYSTERS,cocktail sauce,normal,540
OYSTERS,cornmeal (for crust),normal,540
OYSTERS,CREAM,very_highly_recommended,540
OYSTERS,crème fraîche,normal,540
OYSTERS,Creole cuisine,normal,541
OYSTERS,cucumbers,normal,541
OYSTERS,daikon,normal,541
OYSTERS,fennel,normal,541
OYSTERS,flour (for dredging),normal,541
OYSTERS,French cuisine,normal,541
OYSTERS,garlic,recommended,541
OYSTERS,gazpacho,normal,541
OYSTERS,ginger,normal,541
OYSTERS,hollandaise sauce,normal,541
OYSTERS,horseradish,recommended,541
OYSTERS,lavender,normal,541
OYSTERS,LEEKS,very_highly_recommended,541
OYSTERS,"LEMON: juice, zest",recommended,541
OYSTERS,lemon verbena,normal,541
OYSTERS,"lime, juice",normal,541
OYSTERS,mint,normal,541
OYSTERS,"mushrooms, wild",normal,541
OYSTERS,"OIL: canola, peanut, vegetable",recommended,541
OYSTERS,olive oil,recommended,541
OYSTERS,olives,normal,541
OYSTERS,"onions, Spanish",normal,541
OYSTERS,orange,normal,541
OYSTERS,oyster juice,normal,541
OYSTERS,paprika,normal,541
OYSTERS,"parsley, flat-leaf",recommended,541
OYSTERS,passion fruit,normal,541
OYSTERS,"PEPPER: black, white",recommended,541
OYSTERS,ponzu sauce,normal,541
OYSTERS,potatoes,recommended,541
OYSTERS,risotto,normal,541
OYSTERS,saffron,normal,541
OYSTERS,sake,normal,541
OYSTERS,"salmon, smoked",normal,541
OYSTERS,"SALT: kosher, sea",recommended,541
OYSTERS,"sauces: cocktail, mignonette",normal,541
OYSTERS,scallions,normal,541
OYSTERS,sea urchin,normal,541
OYSTERS,seaweed,normal,541
OYSTERS,SHALLOTS,very_highly_recommended,541
OYSTERS,shiso leaf,normal,541
OYSTERS,shrimp,normal,541
OYSTERS,sorrel,normal,541
OYSTERS,sour cream,normal,541
OYSTERS,Southern cuisine,normal,541
OYSTERS,soy sauce,normal,542
OYSTERS,spinach,recommended,542
OYSTERS,"stocks: chicken, clam, fish, vegetable",recommended,542
OYSTERS,sugar (pinch),normal,542
OYSTERS,Tabasco sauce,normal,542
OYSTERS,tapioca,normal,542
OYSTERS,thyme,recommended,542
OYSTERS,"tomatoes: flesh, juice",recommended,542
OYSTERS,"truffles: black, white",normal,542
OYSTERS,vermouth,normal,542
OYSTERS,"VINEGAR: balsamic, champagne, red wine, rice, sherry",recommended,542
OYSTERS,"WINE, dry white",recommended,542
OYSTERS,yuzu juice,normal,542
OYSTERS,tarragon,avoid,542
PANCETTA,arugula,normal,542
PANCETTA,beans,recommended,542
PANCETTA,butter,normal,542
PANCETTA,"cheese: fontina, Parmesan",recommended,542
PANCETTA,garlic,normal,542
PANCETTA,Italian cuisine,recommended,542
PANCETTA,lentils,normal,542
PANCETTA,meats,recommended,542
PANCETTA,olive oil,recommended,542
PANCETTA,onions,normal,542
PANCETTA,parsley,normal,542
PANCETTA,parsnips,normal,542
PANCETTA,PASTA,very_highly_recommended,542
PANCETTA,peas,normal,543
PANCETTA,"pepper, black",normal,543
PANCETTA,pistachios,normal,543
PANCETTA,poultry,normal,543
PANCETTA,SAUCES,very_highly_recommended,543
PANCETTA,tomatoes,normal,543
PANCETTA,vegetables,recommended,543
PAPAYAS,bananas,recommended,543
PAPAYAS,"beverages (e.g., smoothies)",normal,543
PAPAYAS,caramel,normal,543
PAPAYAS,cashews,normal,543
PAPAYAS,"carrots, esp. with green",normal,543
PAPAYAS,"chile peppers: jalapeño, serrano",recommended,543
PAPAYAS,"chocolate, white",normal,543
PAPAYAS,cilantro,normal,543
PAPAYAS,cinnamon,normal,543
PAPAYAS,citrus fruits,normal,543
PAPAYAS,"coconut: meat, milk",normal,543
PAPAYAS,cream and ice cream,normal,543
PAPAYAS,curries,normal,543
PAPAYAS,fish sauce,normal,543
PAPAYAS,"garlic, esp. with green papayas",normal,543
PAPAYAS,ginger,normal,543
PAPAYAS,grapefruit,normal,543
PAPAYAS,honey,normal,543
PAPAYAS,kiwi fruit,recommended,543
PAPAYAS,kumquats,normal,543
PAPAYAS,"lemon, juice",recommended,543
PAPAYAS,"LIME, juice",recommended,543
PAPAYAS,macadamia nuts,normal,543
PAPAYAS,mango,recommended,543
PAPAYAS,marinades,normal,543
PAPAYAS,melon,normal,543
PAPAYAS,mint,normal,543
PAPAYAS,nectarines,normal,543
PAPAYAS,orange,recommended,543
PAPAYAS,passion fruit,recommended,544
PAPAYAS,peaches,normal,544
PAPAYAS,peanuts,normal,544
PAPAYAS,"pepper, black",normal,544
PAPAYAS,pineapple,recommended,544
PAPAYAS,port,normal,544
PAPAYAS,prosciutto,normal,544
PAPAYAS,raspberries,normal,544
PAPAYAS,"salads, fruit",normal,544
PAPAYAS,salsa,normal,544
PAPAYAS,"salt, esp. with green",normal,544
PAPAYAS,"shrimp, esp. dried with green papaya",normal,544
PAPAYAS,sorbet,normal,544
PAPAYAS,soups,normal,544
PAPAYAS,sour cream,normal,544
PAPAYAS,strawberries,normal,544
PAPAYAS,sugar,recommended,544
PAPAYAS,vanilla,normal,544
PAPAYAS,"vinegar: rice, white wine",normal,544
PAPAYAS,yogurt,normal,544
PAPRIKA — IN GENERAL,allspice,normal,544
PAPRIKA — IN GENERAL,barbecue,normal,544
PAPRIKA — IN GENERAL,beef,recommended,544
PAPRIKA — IN GENERAL,bell peppers,normal,544
PAPRIKA — IN GENERAL,"butter, unsalted",normal,544
PAPRIKA — IN GENERAL,Cajun cuisine,normal,544
PAPRIKA — IN GENERAL,caraway seeds,normal,544
PAPRIKA — IN GENERAL,cardamom,normal,544
PAPRIKA — IN GENERAL,cauliflower,normal,544
PAPRIKA — IN GENERAL,cheese,normal,544
PAPRIKA — IN GENERAL,"CHICKEN, esp. baked or paprikash",very_highly_recommended,544
PAPRIKA — IN GENERAL,chili,normal,544
PAPRIKA — IN GENERAL,crabs,normal,544
PAPRIKA — IN GENERAL,cream,normal,544
PAPRIKA — IN GENERAL,crème fraîche,normal,544
PAPRIKA — IN GENERAL,curries,normal,544
PAPRIKA — IN GENERAL,duck,normal,545
PAPRIKA — IN GENERAL,"eggs, esp. hard-boiled and egg dishes (e.g., omelets)",recommended,545
PAPRIKA — IN GENERAL,European cuisines,normal,545
PAPRIKA — IN GENERAL,"fish, esp. baked",recommended,545
PAPRIKA — IN GENERAL,garlic,normal,545
PAPRIKA — IN GENERAL,ginger,normal,545
PAPRIKA — IN GENERAL,goulash (key ingredient),recommended,545
PAPRIKA — IN GENERAL,hummus,normal,545
PAPRIKA — IN GENERAL,Hungarian cuisine,recommended,545
PAPRIKA — IN GENERAL,Indian cuisine,normal,545
PAPRIKA — IN GENERAL,lamb,normal,545
PAPRIKA — IN GENERAL,legumes,normal,545
PAPRIKA — IN GENERAL,"lemon, juice",normal,545
PAPRIKA — IN GENERAL,marjoram,normal,545
PAPRIKA — IN GENERAL,meats,normal,545
PAPRIKA — IN GENERAL,Middle Eastern cuisine,normal,545
PAPRIKA — IN GENERAL,Moroccan cuisine,normal,545
PAPRIKA — IN GENERAL,mushrooms,normal,545
PAPRIKA — IN GENERAL,octopus,normal,545
PAPRIKA — IN GENERAL,olive oil,normal,545
PAPRIKA — IN GENERAL,onions,normal,545
PAPRIKA — IN GENERAL,oregano,normal,545
PAPRIKA — IN GENERAL,paprikash,normal,545
PAPRIKA — IN GENERAL,parsley,normal,545
PAPRIKA — IN GENERAL,"pepper, white",normal,545
PAPRIKA — IN GENERAL,pork,recommended,545
PAPRIKA — IN GENERAL,potatoes,normal,545
PAPRIKA — IN GENERAL,rice,normal,545
PAPRIKA — IN GENERAL,rosemary,normal,545
PAPRIKA — IN GENERAL,saffron,normal,545
PAPRIKA — IN GENERAL,"salads: pasta, potato",normal,545
PAPRIKA — IN GENERAL,"salt, sea",normal,545
PAPRIKA — IN GENERAL,"sauces, esp. cream",normal,545
PAPRIKA — IN GENERAL,"sausage, esp. chorizo",normal,545
PAPRIKA — IN GENERAL,seafood,normal,545
PAPRIKA — IN GENERAL,shellfish,normal,545
PAPRIKA — IN GENERAL,soups,normal,545
PAPRIKA — IN GENERAL,sour cream,normal,545
PAPRIKA — IN GENERAL,Spanish cuisine,recommended,545
PAPRIKA — IN GENERAL,"stews, esp. fish",recommended,545
PAPRIKA — IN GENERAL,"stock, chicken",normal,545
PAPRIKA — IN GENERAL,tagines,normal,545
PAPRIKA — IN GENERAL,thyme,normal,545
PAPRIKA — IN GENERAL,Turkish cuisine,normal,545
PAPRIKA — IN GENERAL,turmeric,normal,545
PAPRIKA — IN GENERAL,veal,normal,546
PAPRIKA — IN GENERAL,vegetables,normal,546
PAPRIKA — IN GENERAL,yogurt,normal,546
"PAPRIKA, SMOKED",bacon,normal,546
"PAPRIKA, SMOKED","beans, esp. white",recommended,546
"PAPRIKA, SMOKED","rainy, they are not into the heat.",normal,546
"PAPRIKA, SMOKED",cheese,normal,546
"PAPRIKA, SMOKED",chicken,normal,546
"PAPRIKA, SMOKED",chickpeas,recommended,546
"PAPRIKA, SMOKED",chorizo,recommended,546
"PAPRIKA, SMOKED",clams,normal,546
"PAPRIKA, SMOKED","eggs, hard-boiled",normal,546
"PAPRIKA, SMOKED","fish (e.g., skate)",recommended,546
"PAPRIKA, SMOKED",garlic,recommended,546
"PAPRIKA, SMOKED",lamb,normal,546
"PAPRIKA, SMOKED",marjoram,normal,546
"PAPRIKA, SMOKED",mayonnaise,normal,546
"PAPRIKA, SMOKED","meats, esp. grilled or roasted",recommended,546
"PAPRIKA, SMOKED",Mediterranean cuisine,normal,546
"PAPRIKA, SMOKED",octopus,normal,546
"PAPRIKA, SMOKED",olive oil,normal,546
"PAPRIKA, SMOKED",onions,normal,546
"PAPRIKA, SMOKED",paella,normal,546
"PAPRIKA, SMOKED","pepper, black",normal,546
"PAPRIKA, SMOKED","peppers, piquillo",normal,546
"PAPRIKA, SMOKED","pork, esp. ribs",recommended,546
"PAPRIKA, SMOKED",potatoes,recommended,546
"PAPRIKA, SMOKED",sage,normal,546
"PAPRIKA, SMOKED",scallions,normal,546
"PAPRIKA, SMOKED",seafood,normal,547
"PAPRIKA, SMOKED",soups,normal,547
"PAPRIKA, SMOKED",steaks,normal,547
"PAPRIKA, SMOKED",stews,normal,547
"PAPRIKA, SMOKED",tomatoes,normal,547
"PAPRIKA, SMOKED","turkey, esp. roasted",normal,547
"PAPRIKA, SMOKED",vegetables,normal,547
"PAPRIKA, SMOKED",vegetarian meals,normal,547
PARSLEY,compatible with virtually all other herbs.,normal,547
PARSLEY,avocados,normal,547
PARSLEY,basil,recommended,547
PARSLEY,bay leaf,normal,547
PARSLEY,"beans, esp. dried",normal,547
PARSLEY,beef,normal,547
PARSLEY,braised dishes,normal,547
PARSLEY,bulgur wheat,normal,547
PARSLEY,butter,normal,547
PARSLEY,capers,normal,547
PARSLEY,carrots,recommended,547
PARSLEY,cauliflower,normal,547
PARSLEY,"cheese, esp. Parmesan, ricotta",normal,547
PARSLEY,chervil,normal,547
PARSLEY,chicken,recommended,547
PARSLEY,chile peppers,normal,547
PARSLEY,chives,normal,547
PARSLEY,cinnamon,normal,547
PARSLEY,clams,recommended,547
PARSLEY,cream,normal,547
PARSLEY,cream cheese,normal,547
PARSLEY,crème fraîche,normal,547
PARSLEY,dill,normal,547
PARSLEY,eggs and egg dishes,recommended,547
PARSLEY,eggplant,recommended,548
PARSLEY,fennel,normal,548
PARSLEY,fines herbes (ingredient),normal,548
PARSLEY,FISH,very_highly_recommended,548
PARSLEY,"French cuisine, esp. southern",normal,548
PARSLEY,game,normal,548
PARSLEY,GARLIC,very_highly_recommended,548
PARSLEY,halibut,normal,548
PARSLEY,ham,normal,548
PARSLEY,herbs (as a flavor enhancer),normal,548
PARSLEY,"Italian cuisine, esp. southern",normal,548
PARSLEY,"lemon: juice, zest",recommended,548
PARSLEY,lemon balm,normal,548
PARSLEY,lentils,normal,548
PARSLEY,lovage,normal,548
PARSLEY,marjoram,normal,548
PARSLEY,meats,normal,548
PARSLEY,Mediterranean cuisine,normal,548
PARSLEY,Middle Eastern cuisine,recommended,548
PARSLEY,mint,recommended,548
PARSLEY,Moroccan cuisine,recommended,548
PARSLEY,mushrooms,normal,548
PARSLEY,mussels,normal,548
PARSLEY,"oils: hazelnut, walnut",normal,548
PARSLEY,olive oil,recommended,548
PARSLEY,onions,normal,548
PARSLEY,oregano,normal,548
PARSLEY,oysters,normal,548
PARSLEY,parsnips,normal,548
PARSLEY,pasta and pasta sauces,recommended,548
PARSLEY,peas,normal,548
PARSLEY,"pepper: black, white",normal,548
PARSLEY,pesto (ingredient),normal,548
PARSLEY,pizza,normal,548
PARSLEY,pork,recommended,548
PARSLEY,potatoes,recommended,548
PARSLEY,poultry,normal,548
PARSLEY,rice,normal,548
PARSLEY,rosemary,normal,548
PARSLEY,sage,normal,548
PARSLEY,"salads, esp. egg, green, pasta, potato, or rice",recommended,548
PARSLEY,salsa verde (ingredient),normal,548
PARSLEY,sauces,normal,548
PARSLEY,sausages,normal,548
PARSLEY,savory,normal,548
PARSLEY,scallions,normal,549
PARSLEY,seafood,normal,549
PARSLEY,shallots,normal,549
PARSLEY,shrimp,normal,549
PARSLEY,skate,normal,549
PARSLEY,snails,normal,549
PARSLEY,sorrel,normal,549
PARSLEY,SOUPS,very_highly_recommended,549
PARSLEY,"Spanish cuisine, esp. southern",normal,549
PARSLEY,spinach,normal,549
PARSLEY,stews,recommended,549
PARSLEY,stocks,recommended,549
PARSLEY,stuffings,normal,549
PARSLEY,sumac,normal,549
PARSLEY,tabbouleh (key ingredient),normal,549
PARSLEY,tarragon,normal,549
PARSLEY,thyme,normal,549
PARSLEY,tomatoes and tomato sauces,recommended,549
PARSLEY,veal,recommended,549
PARSLEY,vegetables,recommended,549
PARSLEY,vinaigrette,normal,549
PARSLEY,"vinegar, balsamic",normal,549
PARSLEY,zucchini,normal,549
PARSLEY,desserts,avoid,549
PARSLEY,some fresh farmer’s cheese as a snack.,avoid,550
PARSNIPS,"puree, roast, steam",normal,550
PARSNIPS,allspice,normal,550
PARSNIPS,anise,normal,550
PARSNIPS,apples,recommended,550
PARSNIPS,bacon,normal,550
PARSNIPS,basil,normal,550
PARSNIPS,bay leaf,normal,550
PARSNIPS,"beans, black, green",normal,550
PARSNIPS,"BUTTER, brown and/or unsalted",recommended,550
PARSNIPS,carrots,recommended,550
PARSNIPS,"cheese, esp. creamy",normal,550
PARSNIPS,chervil,normal,550
PARSNIPS,chicken,normal,550
PARSNIPS,chile peppers,normal,550
PARSNIPS,chives,recommended,550
PARSNIPS,cinnamon,normal,550
PARSNIPS,coriander,normal,550
PARSNIPS,cream,recommended,550
PARSNIPS,cumin,normal,550
PARSNIPS,curry,recommended,550
PARSNIPS,dill,normal,551
PARSNIPS,duck,normal,551
PARSNIPS,"fennel: leaves, seeds",normal,551
PARSNIPS,fish,normal,551
PARSNIPS,game,normal,551
PARSNIPS,game birds,normal,551
PARSNIPS,garlic,recommended,551
PARSNIPS,"ginger, esp. ground",recommended,551
PARSNIPS,"greens, bitter / winter",normal,551
PARSNIPS,honey,normal,551
PARSNIPS,leeks,normal,551
PARSNIPS,"lemon, juice",normal,551
PARSNIPS,lentils,normal,551
PARSNIPS,lovage,normal,551
PARSNIPS,mace,normal,551
PARSNIPS,maple syrup,recommended,551
PARSNIPS,meats,normal,551
PARSNIPS,mint,normal,551
PARSNIPS,mirepoix,normal,551
PARSNIPS,mirin,normal,551
PARSNIPS,Passion Fruit and Bonito Caramel,recommended,551
PARSNIPS,"mushrooms, porcini",normal,551
PARSNIPS,mustard,normal,551
PARSNIPS,NUTMEG,very_highly_recommended,551
PARSNIPS,"oil: peanut, sesame",normal,551
PARSNIPS,olive oil,recommended,551
PARSNIPS,onions,normal,551
PARSNIPS,orange,normal,551
PARSNIPS,pancetta,normal,551
PARSNIPS,parsley,recommended,551
PARSNIPS,Parmesan cheese,normal,551
PARSNIPS,pears,normal,551
PARSNIPS,"pepper: black, white",recommended,551
PARSNIPS,potatoes,recommended,551
PARSNIPS,rosemary,normal,552
PARSNIPS,sage,recommended,552
PARSNIPS,salt,recommended,552
PARSNIPS,shallots,normal,552
PARSNIPS,soups,normal,552
PARSNIPS,soy sauce,normal,552
PARSNIPS,stews,normal,552
PARSNIPS,"stocks: chicken, vegetable",normal,552
PARSNIPS,"sugar, brown",recommended,552
PARSNIPS,tarragon,normal,552
PARSNIPS,thyme,recommended,552
PARSNIPS,"vegetables, root",recommended,552
PARSNIPS,"vinegar, balsamic",normal,552
PARSNIPS,"wine, dry white",normal,552
PARSNIPS,yogurt,normal,552
PASSION FRUIT,almonds,normal,552
PASSION FRUIT,bananas,recommended,552
PASSION FRUIT,beverages,normal,552
PASSION FRUIT,caramel,recommended,552
PASSION FRUIT,cashews,normal,552
PASSION FRUIT,Champagne,recommended,552
PASSION FRUIT,chicken,normal,552
PASSION FRUIT,chives,normal,552
PASSION FRUIT,"chocolate, esp. dark, white",recommended,552
PASSION FRUIT,cilantro,normal,552
PASSION FRUIT,citrus fruit,normal,552
PASSION FRUIT,coconut and coconut milk,recommended,552
PASSION FRUIT,Cointreau,normal,552
PASSION FRUIT,CREAM AND ICE CREAM,very_highly_recommended,552
PASSION FRUIT,cream cheese,normal,552
PASSION FRUIT,custard,normal,553
PASSION FRUIT,egg whites,normal,553
PASSION FRUIT,fish,normal,553
PASSION FRUIT,"fruits, tropical",normal,553
PASSION FRUIT,ginger,recommended,553
PASSION FRUIT,kiwi fruit,recommended,553
PASSION FRUIT,"lemon, juice",normal,553
PASSION FRUIT,"lime, juice",recommended,553
PASSION FRUIT,macadamia nuts,normal,553
PASSION FRUIT,mangoes,recommended,553
PASSION FRUIT,"orange, juice",recommended,553
PASSION FRUIT,papayas,recommended,553
PASSION FRUIT,peaches,normal,553
PASSION FRUIT,pears,normal,553
PASSION FRUIT,pineapples,recommended,553
PASSION FRUIT,"rum, esp. dark",normal,553
PASSION FRUIT,"salads, fruit",normal,553
PASSION FRUIT,salad dressings,normal,553
PASSION FRUIT,"soups, fruit",normal,553
PASSION FRUIT,strawberries,recommended,553
PASSION FRUIT,SUGAR,very_highly_recommended,553
PASSION FRUIT,tapioca,normal,553
PASSION FRUIT,tequila,normal,553
PASSION FRUIT,vanilla,normal,553
PASSION FRUIT,"wine, ice",normal,553
PASSION FRUIT,yogurt,normal,553
PASTA,anchovies,normal,553
PASTA,artichokes,normal,553
PASTA,asparagus,normal,553
PASTA,bacon,normal,553
PASTA,basil,normal,553
PASTA,"beans, e.g., fava, white",normal,553
PASTA,beef,normal,553
PASTA,bottarga (tuna roe),normal,554
PASTA,bread crumbs,normal,554
PASTA,broccoli,normal,554
PASTA,"broths, esp. chicken, esp. with small pasta",normal,554
PASTA,butter,recommended,554
PASTA,capers,normal,554
PASTA,cauliflower,normal,554
PASTA,"CHEESE: cheddar, Comté, Emmental, Fontina, goat, Gorgonzola, Gouda, Gruyère, mozzarella,",recommended,554
PASTA,"PARMESAN, pecorino, ricotta, ricotta salata",recommended,554
PASTA,chicken,normal,554
PASTA,chickpeas,normal,554
PASTA,Mint Tagliatelle with Lamb and Olives,recommended,554
PASTA,"Spaghettini with Spicy Artichokes, Sweet Garlic, and Lobster",recommended,554
PASTA,Homemade Straccetti with Pesto and Clams,recommended,554
PASTA,"Farfalle with Stridoli, Walnuts, and Chanterelles",recommended,554
PASTA,Tagliatelle with Chanterelles and Parmigiano Reggiano,recommended,554
PASTA,chile peppers,normal,555
PASTA,chives,normal,555
PASTA,clams,normal,555
PASTA,"cream, esp. with fettuccine, festonate, gnocchi, or pappardelle",recommended,555
PASTA,"cured meats: bacon, ham, pancetta, prosciutto",recommended,555
PASTA,duck confit,normal,555
PASTA,eggplant,normal,555
PASTA,eggs,normal,555
PASTA,fennel,normal,555
PASTA,figs,normal,555
PASTA,"fish (e.g., cod, salmon, swordfish, tuna)",normal,555
PASTA,"game, esp. with fettuccine or pappardelle",normal,555
PASTA,garlic,recommended,555
PASTA,"greens (e.g., arugula, radicchio, stridoli)",normal,555
PASTA,ITALIAN CUISINE,very_highly_recommended,555
PASTA,lamb,normal,555
PASTA,leeks,normal,555
PASTA,"lemon, juice",normal,555
PASTA,lobster,normal,555
PASTA,mascarpone,normal,555
PASTA,"meat, esp. beef, lamb, oxtail, pork, venison",normal,555
PASTA,"meat, ground, esp. with penne and rigatoni",normal,555
PASTA,mint,normal,555
PASTA,"mushrooms, esp. wild",recommended,555
PASTA,mussels,normal,555
PASTA,"mustard, Dijon",normal,555
PASTA,nutmeg,normal,555
PASTA,octopus,normal,555
PASTA,"OLIVE OIL, esp. with linguini and spaghetti",very_highly_recommended,555
PASTA,olives,normal,555
PASTA,onions,normal,555
PASTA,pancetta,normal,556
PASTA,"parsley, flat-leaf",recommended,556
PASTA,parsnips,normal,556
PASTA,"peas, esp. with penne and rigatoni",normal,556
PASTA,pecans,normal,556
PASTA,Pairing Pastas with Sauces,recommended,556
PASTA,San Domenico restaurant.,normal,556
PASTA,the pesto sticks to it.,normal,556
PASTA,"Or, if you’re starting with the sauce:",normal,556
PASTA,• Olive oil and garlic: Spaghetti.,recommended,556
PASTA,• Pesto: Fusilli.,recommended,556
PASTA,"pepper: black, white",normal,557
PASTA,pine nuts,normal,557
PASTA,pork,normal,557
PASTA,potatoes,normal,557
PASTA,prosciutto,normal,557
PASTA,pumpkin,normal,557
PASTA,"rabbit, braised, esp. with pappardelle",normal,557
PASTA,raisins,normal,557
PASTA,red pepper flakes,normal,557
PASTA,rosemary,normal,557
PASTA,saffron,normal,557
PASTA,sage,normal,557
PASTA,"salt, esp. kosher",normal,557
PASTA,sardines,normal,557
PASTA,sausage,normal,557
PASTA,scallops,normal,557
PASTA,shallots,normal,557
PASTA,shrimp,normal,557
PASTA,spinach,normal,557
PASTA,"squash: summer, winter",normal,557
PASTA,squid,normal,557
PASTA,sweet potato,normal,557
PASTA,thyme,normal,558
PASTA,tomatoes,recommended,558
PASTA,"tomatoes, sun-dried",normal,558
PASTA,"truffles: black, white",recommended,558
PASTA,veal,normal,558
PASTA,vegetables,normal,558
PASTA,venison,normal,558
PASTA,"vinegar, esp. balsamic",normal,558
PASTA,walnuts,normal,558
PASTA,zucchini,normal,558
PEACHES,allspice,recommended,559
PEACHES,"ALMONDS, esp. toasted",very_highly_recommended,559
PEACHES,anise hyssop,normal,559
PEACHES,apples,normal,559
PEACHES,"apricots, puree",recommended,559
PEACHES,arugula,normal,559
PEACHES,basil,normal,559
PEACHES,bay leaf,normal,559
PEACHES,"beverages, esp. cocktails",normal,559
PEACHES,blackberries,recommended,559
PEACHES,BLUEBERRIES,very_highly_recommended,559
PEACHES,bourbon,recommended,559
PEACHES,brandy,recommended,559
PEACHES,"butter, unsalted",recommended,559
PEACHES,buttermilk,normal,559
PEACHES,Calvados,normal,559
PEACHES,caramel,normal,559
PEACHES,Champagne,recommended,560
PEACHES,cherries,normal,560
PEACHES,"chile peppers, green (e.g., jalapeño)",normal,560
PEACHES,"chocolate: dark, white",normal,560
PEACHES,CINNAMON,very_highly_recommended,560
PEACHES,cloves,recommended,560
PEACHES,coconut,normal,560
PEACHES,cognac,recommended,560
PEACHES,Cointreau,recommended,560
PEACHES,CREAM AND ICE CREAM,holy_grail,560
PEACHES,crème fraîche,recommended,560
PEACHES,"currants, red: fruit, jelly",normal,560
PEACHES,custards,normal,560
PEACHES,desserts and dessert sauces,normal,560
PEACHES,figs,normal,560
PEACHES,fruit crisp,normal,560
PEACHES,ginger,recommended,560
PEACHES,Grand Marnier,normal,560
PEACHES,grenadine,normal,560
PEACHES,hazelnuts,normal,560
PEACHES,honey,recommended,560
PEACHES,"ice, esp. pistachio",normal,560
PEACHES,"ice cream, esp. vanilla",normal,560
PEACHES,Kirsch,recommended,560
PEACHES,lavender,normal,560
PEACHES,"LEMON: juice, zest",recommended,560
PEACHES,lemon thyme,normal,560
PEACHES,lemon verbena,normal,560
PEACHES,"lime, juice",normal,560
PEACHES,"liqueurs: nut, orange, peach (e.g., schnapps)",normal,560
PEACHES,mace,normal,560
PEACHES,Madeira,normal,560
PEACHES,maple syrup,normal,560
PEACHES,Marsala,normal,560
PEACHES,mascarpone,recommended,560
PEACHES,mint,recommended,560
PEACHES,molasses,normal,560
PEACHES,nectarines,recommended,560
PEACHES,nutmeg,recommended,560
PEACHES,oatmeal,normal,560
PEACHES,Jim Core’s Peaches Upside-Down Cake with Blueberry Sorbet,recommended,561
PEACHES,"oil, vegetable",normal,562
PEACHES,olive oil,normal,562
PEACHES,"onions, yellow",normal,562
PEACHES,"ORANGE: juice, zest",recommended,562
PEACHES,papaya,normal,562
PEACHES,passion fruit,normal,562
PEACHES,pecans,normal,562
PEACHES,"pepper: black, white",normal,562
PEACHES,pineapple,normal,562
PEACHES,PISTACHIOS,very_highly_recommended,562
PEACHES,plums,recommended,562
PEACHES,port,recommended,562
PEACHES,raisins,normal,562
PEACHES,"RASPBERRIES: fruit, puree",recommended,562
PEACHES,rum,recommended,562
PEACHES,saffron,normal,562
PEACHES,"salads, fruit",normal,562
PEACHES,"salsas, fruit",normal,562
PEACHES,salt,normal,562
PEACHES,"soups, esp. cold",normal,562
PEACHES,sour cream,recommended,562
PEACHES,star anise,normal,562
PEACHES,"STRAWBERRIES (e.g., fruit, puree)",very_highly_recommended,562
PEACHES,"SUGAR: BROWN, confectioners’, white",recommended,562
PEACHES,tarragon,normal,562
PEACHES,tea,normal,562
PEACHES,thyme,normal,562
PEACHES,VANILLA,very_highly_recommended,562
PEACHES,"vinegar: balsamic, champagne, cider, red wine, rice, white",recommended,562
PEACHES,Vin Santo,normal,562
PEACHES,"violets, esp. candied",normal,562
PEACHES,walnuts,recommended,562
PEACHES,watercress,normal,562
PEACHES,whiskey,normal,562
PEACHES,"Riesling, Rosé, Zinfandel)",normal,562
PEACHES,yogurt,recommended,562
PEACHES,zabaglione,normal,562
PEANUT OIL,General),recommended,563
PEANUT OIL,African cuisine,normal,563
PEANUT OIL,apples,normal,563
PEANUT OIL,BANANAS,very_highly_recommended,563
PEANUT OIL,basil,normal,563
PEANUT OIL,beef,normal,563
PEANUT OIL,bell peppers,normal,563
PEANUT OIL,Burmese cuisine,normal,563
PEANUT OIL,butter,normal,563
PEANUT OIL,caramel,normal,563
PEANUT OIL,cayenne,normal,563
PEANUT OIL,chicken,normal,563
PEANUT OIL,"chile peppers (e.g., jalapeño)",normal,563
PEANUT OIL,Chinese cuisine,normal,563
PEANUT OIL,"CHOCOLATE, ESP. DARK, MILK",very_highly_recommended,563
PEANUT OIL,cilantro,normal,563
PEANUT OIL,coconut and coconut milk,normal,563
PEANUT OIL,coffee,normal,563
PEANUT OIL,curries,recommended,563
PEANUT OIL,"curry paste, Thai red",normal,563
PEANUT OIL,curry powder,normal,563
PEANUT OIL,desserts,recommended,563
PEANUT OIL,"fish sauce, Thai",normal,563
PEANUT OIL,garlic,normal,563
PEANUT OIL,grape jelly,normal,563
PEANUT OIL,honey,normal,563
PEANUT OIL,Indonesian cuisine,normal,563
PEANUT OIL,"lemon, juice",normal,563
PEANUT OIL,"lime, juice",normal,563
PEANUT OIL,mole sauces,normal,564
PEANUT OIL,noodles,normal,564
PEANUT OIL,oatmeal,normal,564
PEANUT OIL,"oil: peanut, vegetable",recommended,564
PEANUT OIL,olive oil,recommended,564
PEANUT OIL,onions,normal,564
PEANUT OIL,parsley,normal,564
PEANUT OIL,pears,normal,564
PEANUT OIL,pork,normal,564
PEANUT OIL,raisins,normal,564
PEANUT OIL,raspberries,normal,564
PEANUT OIL,Rice Krispies,normal,564
PEANUT OIL,salads,normal,564
PEANUT OIL,salt,recommended,564
PEANUT OIL,sauces,recommended,564
PEANUT OIL,shrimp,normal,564
PEANUT OIL,Southern cuisine (American),normal,564
PEANUT OIL,soy sauce,normal,564
PEANUT OIL,stir-fried dishes,normal,564
PEANUT OIL,strawberries,normal,564
PEANUT OIL,"sugar: brown, white",recommended,564
PEANUT OIL,tarragon,normal,564
PEANUT OIL,Thai cuisine,recommended,564
PEANUT OIL,tomatoes,normal,564
PEANUT OIL,turmeric,normal,564
PEANUT OIL,vanilla,normal,564
PEANUT OIL,Vietnamese cuisine,recommended,564
PEANUT OIL,"vinegar, red wine",normal,564
PEARS,allspice,recommended,565
PEARS,ALMONDS and almond paste,recommended,565
PEARS,anise,normal,565
PEARS,"apples: fruit, juice",recommended,565
PEARS,"apricots, esp. dried or pureed",normal,565
PEARS,arugula,normal,565
PEARS,bacon,normal,565
PEARS,basil,normal,565
PEARS,beets,normal,565
PEARS,blackberries,normal,565
PEARS,blueberries,normal,565
PEARS,borage,normal,565
PEARS,bourbon,normal,565
PEARS,"brandy, esp. pear",recommended,565
PEARS,"butter, brown",normal,565
PEARS,"BUTTER, unsalted",recommended,565
PEARS,butterscotch,normal,565
PEARS,Calvados,normal,565
PEARS,CARAMEL,very_highly_recommended,565
PEARS,cardamom,normal,565
PEARS,cassis,normal,565
PEARS,celery,normal,565
PEARS,Champagne,normal,565
PEARS,"CHEESE: BLUE, Brie, Cabrales, Cambozola, Camembert, Cantal, cheddar, feta, goat,",recommended,565
PEARS,"cherries: dried, fresh",normal,565
PEARS,chestnuts,recommended,565
PEARS,"Chinese cuisine, esp. featuring Asian pears",normal,565
PEARS,"CHOCOLATE, esp. dark, white",very_highly_recommended,565
PEARS,cider,normal,565
PEARS,CINNAMON,very_highly_recommended,565
PEARS,CLOVES,very_highly_recommended,565
PEARS,cranberries,recommended,565
PEARS,cream and ice cream,recommended,565
PEARS,cream cheese,normal,565
PEARS,crème anglaise,recommended,565
PEARS,crème fraîche,recommended,565
PEARS,custards,recommended,565
PEARS,dates,normal,565
PEARS,dill,normal,565
PEARS,duck and duck confit,recommended,565
PEARS,endive,recommended,565
PEARS,fennel,normal,565
PEARS,figs,recommended,566
PEARS,French cuisine,normal,566
PEARS,game,normal,566
PEARS,ginger,recommended,566
PEARS,Grand Marnier,normal,566
PEARS,hazelnuts,recommended,566
PEARS,HONEY,very_highly_recommended,566
PEARS,"ice cream, vanilla",normal,566
PEARS,Italian cuisine,normal,566
PEARS,Kirsch,normal,566
PEARS,"LEMON: JUICE, ZEST",very_highly_recommended,566
PEARS,"liqueurs: almond, hazelnut, orange",normal,566
PEARS,macadamia nuts,normal,566
PEARS,mace,normal,566
PEARS,maple syrup,recommended,566
PEARS,Marsala,normal,566
PEARS,MASCARPONE,very_highly_recommended,566
PEARS,"meats, esp. fatty, grilled, and/or roasted",normal,566
PEARS,Mediterranean cuisine,normal,566
PEARS,mint (garnish),recommended,566
PEARS,mustard,normal,566
PEARS,nutmeg,recommended,566
PEARS,nuts,recommended,566
PEARS,oats,normal,566
PEARS,"oil, canola",recommended,566
PEARS,olive oil,normal,566
PEARS,"onions, green",normal,566
PEARS,"ORANGE: fruit, juice, zest",recommended,566
PEARS,"parsley, flat-leaf",normal,566
PEARS,passion fruit,normal,566
PEARS,peanuts,normal,566
PEARS,pear brandy,recommended,566
PEARS,pear cider,normal,566
PEARS,pecans,recommended,566
PEARS,"pepper: black, white",recommended,566
PEARS,pine nuts,normal,566
PEARS,pistachios,recommended,566
PEARS,Poire William,recommended,566
PEARS,pork,recommended,566
PEARS,"port: red, white",recommended,566
PEARS,poultry,normal,566
PEARS,praline,normal,566
PEARS,prosciutto,normal,566
PEARS,prunes,normal,566
PEARS,quinces,normal,566
PEARS,radicchio,normal,567
PEARS,raisins,recommended,567
PEARS,"raspberries: fruit, puree",recommended,567
PEARS,rhubarb,normal,567
PEARS,"rice (e.g., pudding)",normal,567
PEARS,rosemary,recommended,567
PEARS,rum,normal,567
PEARS,awake!,normal,567
PEARS,"parsley, and anise hyssop.",normal,567
PEARS,sabayon,normal,567
PEARS,"salads: fruit, green",recommended,567
PEARS,salt (pinch),recommended,567
PEARS,sour cream,recommended,567
PEARS,squab,normal,567
PEARS,"squash: butternut, winter",normal,567
PEARS,star anise,recommended,567
PEARS,"strawberries, esp. sauce",normal,568
PEARS,"SUGAR: brown, white",recommended,568
PEARS,sweet potatoes,normal,568
PEARS,toffee,normal,568
PEARS,VANILLA,very_highly_recommended,568
PEARS,"VINEGAR: balsamic, champagne, sherry, white, white wine",recommended,568
PEARS,WALNUTS,very_highly_recommended,568
PEARS,watercress,recommended,568
PEARS,whiskey,normal,568
PEARS,"Riesling), sparkling (e.g., Champagne), sweet (e.g., ice wine)",normal,568
PEARS,Verjus Dressing,recommended,568
PEARS,Honey-Roasted Pear Napoleon,recommended,568
PEAS — IN GENERAL,arugula,normal,569
PEAS — IN GENERAL,asparagus,normal,569
PEAS — IN GENERAL,bacon,recommended,569
PEAS — IN GENERAL,BASIL,very_highly_recommended,569
PEAS — IN GENERAL,bay leaf,recommended,569
PEAS — IN GENERAL,bouquet garni,normal,569
PEAS — IN GENERAL,"BUTTER, unsalted",recommended,569
PEAS — IN GENERAL,cardamom,normal,569
PEAS — IN GENERAL,CARROTS and carrot juice,recommended,569
PEAS — IN GENERAL,cayenne,normal,569
PEAS — IN GENERAL,celery,recommended,569
PEAS — IN GENERAL,"cheese, esp. Parmesan, ricotta",normal,569
PEAS — IN GENERAL,chervil,recommended,569
PEAS — IN GENERAL,chicken,normal,569
PEAS — IN GENERAL,"chile peppers: dried red, fresh green",normal,569
PEAS — IN GENERAL,chives,recommended,569
PEAS — IN GENERAL,"cilantro, (e.g., as Indian cuisine)",normal,569
PEAS — IN GENERAL,cinnamon,normal,569
PEAS — IN GENERAL,cloves,normal,569
PEAS — IN GENERAL,coriander,normal,569
PEAS — IN GENERAL,crab,normal,569
PEAS — IN GENERAL,"CREAM, HEAVY",very_highly_recommended,569
PEAS — IN GENERAL,crème fraîche,recommended,569
PEAS — IN GENERAL,cumin,normal,569
PEAS — IN GENERAL,curry powder,normal,569
PEAS — IN GENERAL,dill,normal,569
PEAS — IN GENERAL,fava beans,normal,569
PEAS — IN GENERAL,fish,normal,570
PEAS — IN GENERAL,French cuisine,normal,570
PEAS — IN GENERAL,garam masala,normal,570
PEAS — IN GENERAL,garlic,recommended,570
PEAS — IN GENERAL,ginger,normal,570
PEAS — IN GENERAL,ham and ham hocks,recommended,570
PEAS — IN GENERAL,honey,normal,570
PEAS — IN GENERAL,Italian cuisine,normal,570
PEAS — IN GENERAL,leeks,recommended,570
PEAS — IN GENERAL,"lemon, juice",recommended,570
PEAS — IN GENERAL,"lettuce, Boston",recommended,570
PEAS — IN GENERAL,"lime, juice",normal,570
PEAS — IN GENERAL,lobster,normal,570
PEAS — IN GENERAL,marjoram,normal,570
PEAS — IN GENERAL,mascarpone,normal,570
PEAS — IN GENERAL,MINT,very_highly_recommended,570
PEAS — IN GENERAL,"mushrooms, esp. morels",normal,570
PEAS — IN GENERAL,"oil, peanut",recommended,570
PEAS — IN GENERAL,olive oil,normal,570
PEAS — IN GENERAL,"onions: pearl, red, spring, white",recommended,570
PEAS — IN GENERAL,pancetta,normal,570
PEAS — IN GENERAL,"parsley, flat-leaf",recommended,570
PEAS — IN GENERAL,pasta,recommended,570
PEAS — IN GENERAL,"pepper: black, white",recommended,570
PEAS — IN GENERAL,pork,normal,570
PEAS — IN GENERAL,potatoes,normal,570
PEAS — IN GENERAL,poultry,normal,570
PEAS — IN GENERAL,prosciutto,recommended,570
PEAS — IN GENERAL,risotto,normal,570
PEAS — IN GENERAL,rosemary,normal,570
PEAS — IN GENERAL,sage,normal,570
PEAS — IN GENERAL,"salt: kosher, sea",recommended,570
PEAS — IN GENERAL,"savory, winter",normal,571
PEAS — IN GENERAL,scallions,recommended,571
PEAS — IN GENERAL,scallops,normal,571
PEAS — IN GENERAL,shallots,recommended,571
PEAS — IN GENERAL,shrimp,normal,571
PEAS — IN GENERAL,snap peas,normal,571
PEAS — IN GENERAL,sorrel,normal,571
PEAS — IN GENERAL,"Spanish cuisine, esp. southern",normal,571
PEAS — IN GENERAL,spinach,normal,571
PEAS — IN GENERAL,"stocks: chicken, vegetable",recommended,571
PEAS — IN GENERAL,sugar,normal,571
PEAS — IN GENERAL,tarragon,recommended,571
PEAS — IN GENERAL,thyme,recommended,571
PEAS — IN GENERAL,tomatoes,normal,571
PEAS — IN GENERAL,turmeric,normal,571
PEAS — IN GENERAL,vinaigrette,normal,571
PEAS — IN GENERAL,"vinegar, champagne",normal,571
PEAS — IN GENERAL,watercress,normal,571
PEAS — IN GENERAL,"wine, dry white",normal,571
PEAS — IN GENERAL,yogurt,normal,571
PECANS,almonds,normal,572
PECANS,apples,normal,572
PECANS,apricots,normal,572
PECANS,"baked goods (e.g., breads, cookies, pies)",normal,572
PECANS,bananas,recommended,573
PECANS,blackberries,normal,573
PECANS,blueberries,normal,573
PECANS,bourbon,recommended,573
PECANS,brandy,normal,573
PECANS,"breakfast (e.g., pancakes, waffles)",normal,573
PECANS,"butter, unsalted",recommended,573
PECANS,butterscotch,normal,573
PECANS,CARAMEL,very_highly_recommended,573
PECANS,"cheese, goat",normal,573
PECANS,cherries,normal,573
PECANS,chicken,normal,573
PECANS,"chocolate: dark, white",recommended,573
PECANS,cinnamon,recommended,573
PECANS,coffee,normal,573
PECANS,cognac,normal,573
PECANS,"corn syrup: light, dark",normal,573
PECANS,cranberries,normal,573
PECANS,cream,recommended,573
PECANS,dates,normal,573
PECANS,ginger,normal,573
PECANS,grapefruit,normal,573
PECANS,grapes,normal,573
PECANS,hazelnuts,normal,573
PECANS,honey,recommended,573
PECANS,ice cream,normal,573
PECANS,kumquats,normal,573
PECANS,"lemon, juice",normal,573
PECANS,"liqueurs, orange",normal,573
PECANS,MAPLE SYRUP,very_highly_recommended,573
PECANS,mascarpone,normal,573
PECANS,Mexican sauces,normal,573
PECANS,nectarines,normal,573
PECANS,nutmeg,normal,573
PECANS,oats and oatmeal,normal,573
PECANS,orange,normal,573
PECANS,peaches,normal,573
PECANS,pears,normal,573
PECANS,persimmons,normal,573
PECANS,plums,normal,573
PECANS,pork,normal,573
PECANS,prunes,normal,573
PECANS,pumpkin,normal,573
PECANS,quince,normal,573
PECANS,raisins,normal,573
PECANS,raspberries,normal,574
PECANS,"rice, wild",normal,574
PECANS,rum,normal,574
PECANS,salads,normal,574
PECANS,salt,recommended,574
PECANS,sour cream,normal,574
PECANS,Southern cuisine (American),normal,574
PECANS,"squash, butternut",normal,574
PECANS,stir-fried dishes,normal,574
PECANS,pecan-studded basmati rice.,normal,574
PECANS,strawberries,normal,574
PECANS,stuffing,normal,574
PECANS,"SUGAR: BROWN, white",recommended,574
PECANS,sweet potatoes,normal,574
PECANS,tea,normal,574
PECANS,vanilla,recommended,574
PECANS,walnuts,normal,574
PECANS,whiskey,normal,574
PECANS,"wine: red, sweet",normal,574
"PEPPER, BLACK",Add at the end of the cooking process.,normal,575
"PEPPER, BLACK",apricots,normal,575
"PEPPER, BLACK",basil,normal,575
"PEPPER, BLACK","BEEF, esp. roasted",very_highly_recommended,575
"PEPPER, BLACK",berries,normal,575
"PEPPER, BLACK",cardamom,normal,575
"PEPPER, BLACK",cheese,normal,575
"PEPPER, BLACK",cherries,normal,575
"PEPPER, BLACK",cinnamon,normal,575
"PEPPER, BLACK",cloves,normal,575
"PEPPER, BLACK",coconut milk,normal,575
"PEPPER, BLACK",coriander,normal,575
"PEPPER, BLACK",cumin,normal,575
"PEPPER, BLACK",eggs,recommended,575
"PEPPER, BLACK","fruit, fresh",normal,575
"PEPPER, BLACK",game,recommended,575
"PEPPER, BLACK",garlic,normal,575
"PEPPER, BLACK",ginger,normal,575
"PEPPER, BLACK",Indian cuisine,normal,575
"PEPPER, BLACK",lamb,normal,575
"PEPPER, BLACK","lemon, juice",recommended,575
"PEPPER, BLACK",lentils,normal,575
"PEPPER, BLACK","lime, juice",recommended,575
"PEPPER, BLACK","meats, red",recommended,575
"PEPPER, BLACK",nutmeg,normal,575
"PEPPER, BLACK",nuts,normal,575
"PEPPER, BLACK",olive oil,normal,575
"PEPPER, BLACK",olives,normal,575
"PEPPER, BLACK",parsley,normal,575
"PEPPER, BLACK",pineapple,normal,575
"PEPPER, BLACK",pork,normal,575
"PEPPER, BLACK",poultry,normal,575
"PEPPER, BLACK","pumpkin (e.g., pie)",normal,575
"PEPPER, BLACK",rosemary,normal,575
"PEPPER, BLACK",salads,normal,575
"PEPPER, BLACK",SALT,very_highly_recommended,575
"PEPPER, BLACK",sauces,normal,575
"PEPPER, BLACK",sausages,normal,575
"PEPPER, BLACK","seafood, heartier",normal,575
"PEPPER, BLACK",soups,normal,575
"PEPPER, BLACK",spice cake,normal,575
"PEPPER, BLACK","STEAKS, esp. grilled",very_highly_recommended,575
"PEPPER, BLACK",strawberries,recommended,575
"PEPPER, BLACK",thyme,normal,575
"PEPPER, BLACK",tomatoes,normal,575
"PEPPER, BLACK",turmeric,normal,576
"PEPPER, BLACK",veal,normal,576
"PEPPER, GREEN (as peppercorns)",avocados,normal,576
"PEPPER, GREEN (as peppercorns)",bay leaf,normal,576
"PEPPER, GREEN (as peppercorns)",beef,normal,576
"PEPPER, GREEN (as peppercorns)",brandy,normal,576
"PEPPER, GREEN (as peppercorns)",butter,normal,576
"PEPPER, GREEN (as peppercorns)",chicken,recommended,576
"PEPPER, GREEN (as peppercorns)",cream,normal,576
"PEPPER, GREEN (as peppercorns)",curries,normal,576
"PEPPER, GREEN (as peppercorns)",duck,normal,576
"PEPPER, GREEN (as peppercorns)",game,normal,576
"PEPPER, GREEN (as peppercorns)",garlic,recommended,576
"PEPPER, GREEN (as peppercorns)",ham,normal,576
"PEPPER, GREEN (as peppercorns)","meats, esp. grilled and/or red",recommended,576
"PEPPER, GREEN (as peppercorns)",mustard,normal,576
"PEPPER, GREEN (as peppercorns)",parsley,normal,576
"PEPPER, GREEN (as peppercorns)",pâtés,recommended,576
"PEPPER, GREEN (as peppercorns)",pork,normal,576
"PEPPER, GREEN (as peppercorns)",sage,normal,576
"PEPPER, GREEN (as peppercorns)",salads and salad dressings,normal,576
"PEPPER, GREEN (as peppercorns)",salmon,normal,576
"PEPPER, GREEN (as peppercorns)","sauces: creamy, white",recommended,576
"PEPPER, GREEN (as peppercorns)",seafood,recommended,576
"PEPPER, GREEN (as peppercorns)",shrimp,normal,576
"PEPPER, GREEN (as peppercorns)","stock, veal",normal,576
"PEPPER, GREEN (as peppercorns)",turkey,normal,576
"PEPPER, GREEN (as peppercorns)",veal,normal,576
"PEPPER, GREEN (as peppercorns)",vegetables,normal,576
"PEPPER, GREEN (as peppercorns)",venison,normal,576
"PEPPER, GREEN (as peppercorns)","wine, white",normal,576
"PEPPER, PINK",butter,normal,577
"PEPPER, PINK",chervil,normal,577
"PEPPER, PINK",chicken,normal,577
"PEPPER, PINK",chocolate,normal,577
"PEPPER, PINK",desserts,normal,577
"PEPPER, PINK",duck,normal,577
"PEPPER, PINK",eggs,normal,577
"PEPPER, PINK",fennel,normal,577
"PEPPER, PINK",fruit,normal,577
"PEPPER, PINK",game,normal,577
"PEPPER, PINK",lemongrass,normal,577
"PEPPER, PINK","lime leaves, kaffir",normal,577
"PEPPER, PINK",lobster,normal,577
"PEPPER, PINK","meats, esp. richer and/or stronger",normal,577
"PEPPER, PINK",mint,normal,577
"PEPPER, PINK",olive oil,normal,577
"PEPPER, PINK",parsley,normal,577
"PEPPER, PINK",pâtés,normal,577
"PEPPER, PINK",pears,normal,577
"PEPPER, PINK","pepper: black, green",normal,577
"PEPPER, PINK",pineapple,normal,577
"PEPPER, PINK",pork,recommended,577
"PEPPER, PINK",poultry,normal,577
"PEPPER, PINK",salad dressings,recommended,577
"PEPPER, PINK","sauces: fruit, white",recommended,577
"PEPPER, PINK",scallops,normal,577
"PEPPER, PINK",seafood,recommended,577
"PEPPER, PINK",shrimp,normal,577
"PEPPER, PINK",steak,normal,577
"PEPPER, PINK",veal,normal,577
"PEPPER, PINK","vinegar, esp. balsamic",normal,577
"PEPPER, PINK",Worcestershire sauce,normal,577
"PEPPER, RED",Caribbean cuisine,normal,578
"PEPPER, RED",chili powder (ingredient),normal,578
"PEPPER, RED",Indian cuisine,normal,578
"PEPPER, RED",Italian cuisine,normal,578
"PEPPER, RED",jerk seasoning (ingredient),normal,578
"PEPPER, RED",meats,normal,578
"PEPPER, RED",Mexican cuisine,normal,578
"PEPPER, RED",mole negro (ingredient),normal,578
"PEPPER, RED",seafood,normal,578
"PEPPER, RED","pepper with fresh fruit, especially cherries.",normal,578
"PEPPER, WHITE",Asian cuisines,normal,578
"PEPPER, WHITE",charcuterie,normal,578
"PEPPER, WHITE",cloves,normal,578
"PEPPER, WHITE",European cuisines,normal,578
"PEPPER, WHITE","fish, esp. white",recommended,578
"PEPPER, WHITE",ginger,normal,578
"PEPPER, WHITE",halibut,normal,578
"PEPPER, WHITE",Japanese cuisine,normal,579
"PEPPER, WHITE",lemongrass,normal,579
"PEPPER, WHITE",nutmeg,normal,579
"PEPPER, WHITE",potatoes,normal,579
"PEPPER, WHITE",quatre épices (key ingredient),normal,579
"PEPPER, WHITE","sauces, esp. light-colored or white",normal,579
"PEPPER, WHITE","soups, esp. light-colored or white",normal,579
"PEPPER, WHITE",Thai cuisine,normal,579
"PEPPER, WHITE",white and other light-colored foods,recommended,579
"PEPPERS, PIQUILLO (Spanish peppers)",aioli,normal,579
"PEPPERS, PIQUILLO (Spanish peppers)",almonds,normal,579
"PEPPERS, PIQUILLO (Spanish peppers)",anchovies,normal,579
"PEPPERS, PIQUILLO (Spanish peppers)",artichokes,normal,579
"PEPPERS, PIQUILLO (Spanish peppers)",asparagus,normal,579
"PEPPERS, PIQUILLO (Spanish peppers)",beef,normal,579
"PEPPERS, PIQUILLO (Spanish peppers)",bread,normal,579
"PEPPERS, PIQUILLO (Spanish peppers)",calamari,normal,579
"PEPPERS, PIQUILLO (Spanish peppers)","CHEESE: goat, manchego",recommended,579
"PEPPERS, PIQUILLO (Spanish peppers)",chicken,normal,579
"PEPPERS, PIQUILLO (Spanish peppers)",chickpeas,normal,579
"PEPPERS, PIQUILLO (Spanish peppers)","chocolate, bitter",normal,579
"PEPPERS, PIQUILLO (Spanish peppers)",chorizo,normal,579
"PEPPERS, PIQUILLO (Spanish peppers)",clams,normal,580
"PEPPERS, PIQUILLO (Spanish peppers)",crab,normal,580
"PEPPERS, PIQUILLO (Spanish peppers)",eggs,normal,580
"PEPPERS, PIQUILLO (Spanish peppers)","fish, esp. cod, redfish, white",recommended,580
"PEPPERS, PIQUILLO (Spanish peppers)",garlic,recommended,580
"PEPPERS, PIQUILLO (Spanish peppers)",lamb,normal,580
"PEPPERS, PIQUILLO (Spanish peppers)",lemon,normal,580
"PEPPERS, PIQUILLO (Spanish peppers)",meat,normal,580
"PEPPERS, PIQUILLO (Spanish peppers)",mushrooms,recommended,580
"PEPPERS, PIQUILLO (Spanish peppers)",OLIVE OIL,very_highly_recommended,580
"PEPPERS, PIQUILLO (Spanish peppers)",olives,normal,580
"PEPPERS, PIQUILLO (Spanish peppers)",onions,recommended,580
"PEPPERS, PIQUILLO (Spanish peppers)",orange,normal,580
"PEPPERS, PIQUILLO (Spanish peppers)","paprika, smoked",normal,580
"PEPPERS, PIQUILLO (Spanish peppers)",pork,normal,580
"PEPPERS, PIQUILLO (Spanish peppers)",potatoes,normal,580
"PEPPERS, PIQUILLO (Spanish peppers)",salads,normal,580
"PEPPERS, PIQUILLO (Spanish peppers)",salmon,normal,580
"PEPPERS, PIQUILLO (Spanish peppers)",salt,recommended,580
"PEPPERS, PIQUILLO (Spanish peppers)",seafood,normal,580
"PEPPERS, PIQUILLO (Spanish peppers)",shrimp,normal,580
"PEPPERS, PIQUILLO (Spanish peppers)",soups,normal,580
"PEPPERS, PIQUILLO (Spanish peppers)",Spanish cuisine,normal,580
"PEPPERS, PIQUILLO (Spanish peppers)",stews,normal,580
"PEPPERS, PIQUILLO (Spanish peppers)",sugar,normal,580
"PEPPERS, PIQUILLO (Spanish peppers)",tomatoes,normal,580
"PEPPERS, PIQUILLO (Spanish peppers)",tuna,normal,580
PERSIMMONS,almonds,normal,581
PERSIMMONS,apples,normal,581
PERSIMMONS,avocados,normal,581
PERSIMMONS,bourbon,normal,581
PERSIMMONS,brandy,recommended,581
PERSIMMONS,caramel,normal,581
PERSIMMONS,cashews,normal,581
PERSIMMONS,"cheese, esp. creamy, goat",normal,581
PERSIMMONS,"chile peppers, serrano",normal,581
PERSIMMONS,"chocolate, white",normal,581
PERSIMMONS,cinnamon,recommended,581
PERSIMMONS,cloves,normal,581
PERSIMMONS,coffee,normal,581
PERSIMMONS,cognac,normal,581
PERSIMMONS,cream and ice cream,recommended,581
PERSIMMONS,custard,normal,581
PERSIMMONS,endive,normal,581
PERSIMMONS,frisée,normal,581
PERSIMMONS,ginger,normal,581
PERSIMMONS,"grapes, esp. red",recommended,581
PERSIMMONS,hazelnuts,recommended,581
PERSIMMONS,honey,recommended,581
PERSIMMONS,Kirsch,normal,581
PERSIMMONS,kiwi,normal,581
PERSIMMONS,kumquats,normal,581
PERSIMMONS,"lemon: juice, zest",recommended,581
PERSIMMONS,"liqueurs, esp. orange",normal,581
PERSIMMONS,mace,normal,581
PERSIMMONS,maple syrup,normal,581
PERSIMMONS,nutmeg,normal,581
PERSIMMONS,oatmeal,normal,581
PERSIMMONS,"oil, hazelnut",recommended,581
PERSIMMONS,olive oil,normal,581
PERSIMMONS,orange,recommended,581
PERSIMMONS,pears,normal,582
PERSIMMONS,pecans,recommended,582
PERSIMMONS,"pepper, black",normal,582
PERSIMMONS,pomegranates,recommended,582
PERSIMMONS,pork,normal,582
PERSIMMONS,poultry,normal,582
PERSIMMONS,prosciutto,normal,582
PERSIMMONS,puddings,normal,582
PERSIMMONS,radicchio,normal,582
PERSIMMONS,raisins,normal,582
PERSIMMONS,"rum, esp. dark",normal,582
PERSIMMONS,"salads: fruit, green",recommended,582
PERSIMMONS,salt,recommended,582
PERSIMMONS,seafood,normal,582
PERSIMMONS,sorbet,normal,582
PERSIMMONS,"sugar: brown, white",recommended,582
PERSIMMONS,sweet potatoes,normal,582
PERSIMMONS,vanilla,recommended,582
PERSIMMONS,"vinegar: champagne, red wine, sherry, white wine",normal,582
PERSIMMONS,walnuts,recommended,582
PERSIMMONS,watercress,normal,582
PERSIMMONS,"wine, sweet (e.g., Sauternes)",normal,582
PERSIMMONS,yogurt,normal,582
PHEASANT,"Pheasant: Cider, Shallot, and Burning Leaves",recommended,583
PHEASANT,apples,recommended,583
PHEASANT,bacon,recommended,583
PHEASANT,basil,normal,583
PHEASANT,bay leaf,normal,583
PHEASANT,butter,normal,583
PHEASANT,buttermilk,normal,583
PHEASANT,"cabbage, esp. savoy",recommended,583
PHEASANT,Calvados,normal,583
PHEASANT,chestnuts,recommended,583
PHEASANT,cider,normal,583
PHEASANT,cinnamon,normal,583
PHEASANT,"cream: heavy, sour",recommended,583
PHEASANT,foie gras,normal,583
PHEASANT,"French cuisine, esp. southern",normal,583
PHEASANT,GARLIC,very_highly_recommended,583
PHEASANT,"Italian cuisine, esp. southern",normal,583
PHEASANT,"lemon, juice",recommended,583
PHEASANT,"mushrooms, esp. wild",recommended,583
PHEASANT,nutmeg,normal,583
PHEASANT,olive oil,normal,583
PHEASANT,onions,normal,583
PHEASANT,orange,normal,583
PHEASANT,"parsley, flat-leaf",normal,583
PHEASANT,port,normal,583
PHEASANT,POTATOES,very_highly_recommended,583
PHEASANT,raisins,normal,583
PHEASANT,sage,normal,583
PHEASANT,sauerkraut,normal,583
PHEASANT,shallots,normal,583
PHEASANT,"Spanish cuisine, esp. southern",normal,583
PHEASANT,"squash, winter",normal,583
PHEASANT,tarragon,normal,583
PHEASANT,THYME,very_highly_recommended,583
PHEASANT,truffles,normal,583
PHEASANT,wild rice,normal,583
PHEASANT,wine,normal,583
PICKLES,Bay scallop dish.,normal,584
PIMENTON,Pineapple-Vanilla Vacherin with Coconut Gelée,recommended,584
PIMENTON,"Exotic Fruit and Mint Salad, Star Anise Tuile",recommended,584
PIMENTON,Peppercorn–Pineapple Sorbet,recommended,584
PIMENTON,"Grilled Pineapple, Avocado, and Watercress",recommended,584
PIMENTON,Roasted Pineapple with Pistachio Ice Cream,recommended,584
PINEAPPLES,allspice,normal,585
PINEAPPLES,apricots,normal,585
PINEAPPLES,avocado,normal,585
PINEAPPLES,baked goods,normal,585
PINEAPPLES,BANANAS,very_highly_recommended,585
PINEAPPLES,basil,normal,585
PINEAPPLES,brandy,recommended,585
PINEAPPLES,"butter, unsalted",recommended,585
PINEAPPLES,caramel,normal,585
PINEAPPLES,cardamom,normal,585
PINEAPPLES,cashews,normal,585
PINEAPPLES,cayenne,normal,585
PINEAPPLES,cheese: blue (some),normal,585
PINEAPPLES,chicken,normal,585
PINEAPPLES,serve with a dessert.,normal,585
PINEAPPLES,Pineapple benefits from a touch of vanilla.,recommended,585
PINEAPPLES,"chile peppers: fresh, dried, red, green (e.g., jalapeño)",recommended,586
PINEAPPLES,chocolate,normal,586
PINEAPPLES,cilantro,recommended,586
PINEAPPLES,cinnamon,recommended,586
PINEAPPLES,cloves,normal,586
PINEAPPLES,"COCONUT: meat, milk",recommended,586
PINEAPPLES,cognac,recommended,586
PINEAPPLES,Cointreau,recommended,586
PINEAPPLES,cream and ice cream,recommended,586
PINEAPPLES,"cream, Bavarian style",normal,586
PINEAPPLES,curry,normal,586
PINEAPPLES,fennel seeds,normal,586
PINEAPPLES,"fruits, tropical",normal,586
PINEAPPLES,ginger,recommended,586
PINEAPPLES,Grand Marnier,recommended,586
PINEAPPLES,grapefruit,normal,586
PINEAPPLES,ham,normal,586
PINEAPPLES,honey,recommended,586
PINEAPPLES,Kirsch,recommended,586
PINEAPPLES,kiwi fruit,normal,586
PINEAPPLES,kumquats,normal,586
PINEAPPLES,"lemon: juice, zest",recommended,586
PINEAPPLES,lemongrass,normal,586
PINEAPPLES,"LIME: juice, zest",recommended,586
PINEAPPLES,macadamia nuts,normal,586
PINEAPPLES,MANGOES,very_highly_recommended,586
PINEAPPLES,maple syrup,normal,586
PINEAPPLES,marinades,normal,586
PINEAPPLES,meat,normal,586
PINEAPPLES,mint,normal,586
PINEAPPLES,olive oil,normal,586
PINEAPPLES,"onion, red",normal,586
PINEAPPLES,"oranges: fruit, marmalade",recommended,586
PINEAPPLES,papaya,normal,586
PINEAPPLES,passion fruit,normal,586
PINEAPPLES,"pepper, black",recommended,586
PINEAPPLES,pistachios,normal,586
PINEAPPLES,pomegranate,normal,586
PINEAPPLES,poultry,normal,586
PINEAPPLES,raspberries,recommended,586
PINEAPPLES,rice/rice pudding,normal,586
PINEAPPLES,rosemary,normal,586
PINEAPPLES,RUM,very_highly_recommended,586
PINEAPPLES,saffron,normal,587
PINEAPPLES,"salads, fruit",normal,587
PINEAPPLES,"salt, esp. fleur de sel, kosher",normal,587
PINEAPPLES,"seafood (e.g., shrimp)",normal,587
PINEAPPLES,shallots,normal,587
PINEAPPLES,spinach,normal,587
PINEAPPLES,star anise,recommended,587
PINEAPPLES,strawberries,recommended,587
PINEAPPLES,"SUGAR: brown, white",recommended,587
PINEAPPLES,sweet potatoes,normal,587
PINEAPPLES,Szechuan pepper,normal,587
PINEAPPLES,tamarind,normal,587
PINEAPPLES,tapioca,normal,587
PINEAPPLES,VANILLA,very_highly_recommended,587
PINEAPPLES,"vinegar, rice",normal,587
PINEAPPLES,walnuts,normal,587
PINEAPPLES,watercress,normal,587
PINEAPPLES,"wine, sweet (e.g., Vin Santo)",normal,587
PINEAPPLES,yogurt,normal,587
PINE NUTS,apples,normal,587
PINE NUTS,apricots,normal,587
PINE NUTS,basil,normal,588
PINE NUTS,bell peppers,normal,588
PINE NUTS,Central American cuisine,normal,588
PINE NUTS,"cheese: feta, goat, Parmesan, ricotta",recommended,588
PINE NUTS,cookies,normal,588
PINE NUTS,Eastern Mediterranean cuisine,normal,588
PINE NUTS,"French cuisine, esp. southern",normal,588
PINE NUTS,garlic,normal,588
PINE NUTS,honey,normal,588
PINE NUTS,"Italian cuisine, esp. southern",recommended,588
PINE NUTS,lemon,normal,588
PINE NUTS,"liqueurs, orange",normal,588
PINE NUTS,mascarpone,normal,588
PINE NUTS,Mexican sauces,normal,588
PINE NUTS,Middle Eastern cuisine,normal,588
PINE NUTS,Moroccan cuisine,normal,588
PINE NUTS,olive oil,normal,588
PINE NUTS,onions,normal,588
PINE NUTS,orange,normal,588
PINE NUTS,pears,normal,588
PINE NUTS,PESTO (key ingredient),very_highly_recommended,588
PINE NUTS,prunes,normal,588
PINE NUTS,raisins,normal,588
PINE NUTS,raspberries,normal,588
PINE NUTS,rice,normal,588
PINE NUTS,rum,normal,588
PINE NUTS,sauces,normal,588
PINE NUTS,"Spanish cuisine, esp. southern",normal,588
PINE NUTS,sugar,normal,588
PINE NUTS,vanilla,normal,588
PINE NUTS,"vegetables, esp. roasted",normal,588
PINE NUTS,walnuts,normal,588
PINE NUTS,"wine: red, sweet",normal,588
PINOT NOIR,beef,normal,588
PINOT NOIR,chicken,normal,588
PINOT NOIR,duck,recommended,588
PINOT NOIR,lamb,normal,589
PINOT NOIR,mushrooms,normal,589
PINOT NOIR,pork,normal,589
PINOT NOIR,salmon,recommended,589
PINOT NOIR,tuna,recommended,589
PINOT NOIR,veal,normal,589
PIQUANCY,cayenne,normal,589
PIQUANCY,chile peppers,normal,589
PIQUANCY,garlic,normal,589
PIQUANCY,ginger,normal,589
PIQUANCY,horseradish,normal,589
PIQUANCY,"mustard, hot",normal,589
PIQUANCY,"onions, esp. raw",normal,589
PIQUANCY,"pepper, black",normal,589
PIQUANCY,red pepper flakes,normal,589
PIQUANCY,"spices, many",normal,589
PIQUANCY,wasabi,normal,589
PISTACHIOS,anchovies,normal,589
PISTACHIOS,apples,normal,589
PISTACHIOS,apricots,recommended,589
PISTACHIOS,artichokes,normal,589
PISTACHIOS,arugula,normal,589
PISTACHIOS,asparagus,normal,589
PISTACHIOS,bananas,normal,589
PISTACHIOS,basil,normal,589
PISTACHIOS,beets,normal,589
PISTACHIOS,cardamom,normal,590
PISTACHIOS,cauliflower,normal,590
PISTACHIOS,"cheese: goat, Parmesan, ricotta, Taleggio",recommended,590
PISTACHIOS,cherries,normal,590
PISTACHIOS,chicken,recommended,590
PISTACHIOS,"chocolate: dark, white",recommended,590
PISTACHIOS,coconut,normal,590
PISTACHIOS,cranberries,normal,590
PISTACHIOS,cream and ice cream,normal,590
PISTACHIOS,Pistachio and Chocolate Semifreddo,recommended,590
PISTACHIOS,Sauce,recommended,590
PISTACHIOS,sauce. They are front and center.,normal,590
PISTACHIOS,dates,normal,590
PISTACHIOS,duck,normal,590
PISTACHIOS,Eastern Mediterranean cuisine,normal,590
PISTACHIOS,endive,normal,590
PISTACHIOS,"figs: dried, fresh",normal,590
PISTACHIOS,foie gras,normal,590
PISTACHIOS,ginger,normal,590
PISTACHIOS,gooseberries,normal,590
PISTACHIOS,honey,recommended,590
PISTACHIOS,Italian cuisine,normal,590
PISTACHIOS,kumquats,normal,590
PISTACHIOS,lavender,normal,591
PISTACHIOS,leeks,normal,591
PISTACHIOS,lemon,recommended,591
PISTACHIOS,mangoes,normal,591
PISTACHIOS,mascarpone,normal,591
PISTACHIOS,Moroccan cuisine,normal,591
PISTACHIOS,nectarines,normal,591
PISTACHIOS,orange,normal,591
PISTACHIOS,parsley,normal,591
PISTACHIOS,pasta and pasta sauces,normal,591
PISTACHIOS,pastries,normal,591
PISTACHIOS,pâtés,normal,591
PISTACHIOS,PEACHES,very_highly_recommended,591
PISTACHIOS,poultry,normal,591
PISTACHIOS,prunes,normal,591
PISTACHIOS,quince,normal,591
PISTACHIOS,"raisins, esp. golden",normal,591
PISTACHIOS,raspberries,normal,591
PISTACHIOS,rice,normal,591
PISTACHIOS,rosemary,normal,591
PISTACHIOS,rose water,normal,591
PISTACHIOS,sausages,normal,591
PISTACHIOS,sugar,normal,591
PISTACHIOS,vanilla,normal,591
PISTACHIOS,watermelon,normal,591
PISTACHIOS,yogurt,normal,591
PISTACHIOS,"strawberries, which pistachios can easily overpower",avoid,591
"PLANTAINS, GREEN",African cuisine,normal,591
"PLANTAINS, GREEN",bacon,normal,591
"PLANTAINS, GREEN",butter,normal,591
"PLANTAINS, GREEN",cardamom,normal,591
"PLANTAINS, GREEN",Central American cuisine,normal,591
"PLANTAINS, GREEN",chicken,normal,591
"PLANTAINS, GREEN",chile peppers,normal,591
"PLANTAINS, GREEN",cilantro,normal,592
"PLANTAINS, GREEN",cinnamon,normal,592
"PLANTAINS, GREEN",cloves,normal,592
"PLANTAINS, GREEN",coriander,normal,592
"PLANTAINS, GREEN",cumin,normal,592
"PLANTAINS, GREEN",curry,normal,592
"PLANTAINS, GREEN","fruits, tropical",normal,592
"PLANTAINS, GREEN",garam masala,normal,592
"PLANTAINS, GREEN",garlic,normal,592
"PLANTAINS, GREEN",ginger,normal,592
"PLANTAINS, GREEN","lime, juice",normal,592
"PLANTAINS, GREEN",Mexican cuisine,normal,592
"PLANTAINS, GREEN",molasses,normal,592
"PLANTAINS, GREEN","oil: canola, vegetable",normal,592
"PLANTAINS, GREEN","onions, esp. red",normal,592
"PLANTAINS, GREEN","pepper, esp. black",recommended,592
"PLANTAINS, GREEN",pork,normal,592
"PLANTAINS, GREEN",rice,normal,592
"PLANTAINS, GREEN",salsa,normal,592
"PLANTAINS, GREEN","salt, esp. kosher",recommended,592
"PLANTAINS, GREEN",soups,normal,592
"PLANTAINS, GREEN",stews,normal,592
"PLANTAINS, GREEN",yogurt,normal,592
"PLANTAINS, SWEET",African cuisine,normal,592
"PLANTAINS, SWEET",allspice,normal,592
"PLANTAINS, SWEET",butter,recommended,592
"PLANTAINS, SWEET",Central American cuisine,normal,592
"PLANTAINS, SWEET",chicken,normal,592
"PLANTAINS, SWEET",chocolate,normal,592
"PLANTAINS, SWEET",cinnamon,normal,592
"PLANTAINS, SWEET",cloves,normal,592
"PLANTAINS, SWEET",coconut,normal,592
"PLANTAINS, SWEET",cranberries,normal,592
"PLANTAINS, SWEET",cream and ice cream,normal,592
"PLANTAINS, SWEET","fruits, tropical",normal,592
"PLANTAINS, SWEET",ginger,normal,593
"PLANTAINS, SWEET",honey,normal,593
"PLANTAINS, SWEET","lemon, juice",normal,593
"PLANTAINS, SWEET","lime, juice",normal,593
"PLANTAINS, SWEET",Mexican cuisine,normal,593
"PLANTAINS, SWEET",molasses,normal,593
"PLANTAINS, SWEET","oil: canola, vegetable",normal,593
"PLANTAINS, SWEET","orange: fruit, juice, zest",normal,593
"PLANTAINS, SWEET","pepper, black",normal,593
"PLANTAINS, SWEET",rice,normal,593
"PLANTAINS, SWEET","rum, esp. dark",normal,593
"PLANTAINS, SWEET",salt,normal,593
"PLANTAINS, SWEET",star anise,normal,593
"PLANTAINS, SWEET","sugar, esp. brown",normal,593
"PLANTAINS, SWEET",toffee,normal,593
PLUMS,allspice,recommended,593
PLUMS,almonds,normal,593
PLUMS,anise,normal,593
PLUMS,anise hyssop,normal,593
PLUMS,"apricots, pureed",normal,593
PLUMS,arugula,normal,593
PLUMS,bay leaf,normal,593
PLUMS,"brandy, esp. plum",recommended,593
PLUMS,"butter, unsalted",recommended,593
PLUMS,buttermilk,normal,593
PLUMS,caramel,normal,593
PLUMS,cardamom,recommended,593
PLUMS,cherries,normal,593
PLUMS,cider,normal,593
PLUMS,CINNAMON,very_highly_recommended,593
PLUMS,cloves,recommended,593
PLUMS,coriander,normal,593
PLUMS,cornmeal,normal,593
PLUMS,cream and ice cream,recommended,593
PLUMS,crème fraîche,normal,593
PLUMS,custard,normal,593
PLUMS,French cuisine,normal,594
PLUMS,gin,normal,594
PLUMS,ginger,recommended,594
PLUMS,hazelnuts,normal,594
PLUMS,honey,recommended,594
PLUMS,juniper berries,normal,594
PLUMS,Kirsch,normal,594
PLUMS,lavender,normal,594
PLUMS,"LEMON: juice, zest",recommended,594
PLUMS,"liqueurs: almond, orange, plum",normal,594
PLUMS,mace,normal,594
PLUMS,maple syrup,normal,594
PLUMS,mint,normal,594
PLUMS,nectarines,recommended,594
PLUMS,nutmeg,recommended,594
PLUMS,oatmeal,normal,594
PLUMS,olive oil,normal,594
PLUMS,"onions, red",normal,594
PLUMS,"ORANGE: juice, zest",recommended,594
PLUMS,peaches,normal,594
PLUMS,pecans,normal,594
PLUMS,"pepper, black",normal,594
PLUMS,pies,normal,594
PLUMS,prosciutto,normal,594
PLUMS,raisins,normal,594
PLUMS,raspberries,recommended,594
PLUMS,"rum, dark",normal,594
PLUMS,sage,normal,594
PLUMS,salads,normal,594
PLUMS,sour cream,normal,594
PLUMS,strawberries,normal,594
PLUMS,"SUGAR: brown, confectioners’, white",recommended,594
PLUMS,thyme,normal,594
PLUMS,VANILLA,very_highly_recommended,594
PLUMS,"vinegar: balsamic, cider",recommended,594
PLUMS,walnuts,recommended,594
PLUMS,whiskey,normal,595
PLUMS,"wine, dry red or white or dessert",recommended,595
PLUMS,"wine: port or sweet (e.g., plum)",normal,595
PLUMS,yogurt,normal,595
"PLUMS, DRIED (aka prunes)",allspice,normal,595
"PLUMS, DRIED (aka prunes)",almonds,normal,595
"PLUMS, DRIED (aka prunes)",anise,normal,595
"PLUMS, DRIED (aka prunes)",apples,normal,595
"PLUMS, DRIED (aka prunes)","apricots, dried",normal,595
"PLUMS, DRIED (aka prunes)",ARMAGNAC,holy_grail,595
"PLUMS, DRIED (aka prunes)",bacon,normal,595
"PLUMS, DRIED (aka prunes)",baked goods,normal,595
"PLUMS, DRIED (aka prunes)",bay leaf,normal,595
"PLUMS, DRIED (aka prunes)","brandy, esp. apple, pear",recommended,595
"PLUMS, DRIED (aka prunes)",caramel,normal,595
"PLUMS, DRIED (aka prunes)","cheese, esp. blue, goat, ricotta",normal,595
"PLUMS, DRIED (aka prunes)",chestnuts,normal,595
"PLUMS, DRIED (aka prunes)","chocolate: dark, white",normal,595
"PLUMS, DRIED (aka prunes)",cinnamon,recommended,595
"PLUMS, DRIED (aka prunes)",cloves,normal,595
"PLUMS, DRIED (aka prunes)",coffee,normal,595
"PLUMS, DRIED (aka prunes)",cognac,recommended,595
"PLUMS, DRIED (aka prunes)",cream and ice cream,recommended,595
"PLUMS, DRIED (aka prunes)",crème fraîche,recommended,595
"PLUMS, DRIED (aka prunes)",cumin,normal,596
"PLUMS, DRIED (aka prunes)",currants,normal,596
"PLUMS, DRIED (aka prunes)",custard,normal,596
"PLUMS, DRIED (aka prunes)",dates,normal,596
"PLUMS, DRIED (aka prunes)","figs, esp. dried",normal,596
"PLUMS, DRIED (aka prunes)",French cuisine,normal,596
"PLUMS, DRIED (aka prunes)",game,normal,596
"PLUMS, DRIED (aka prunes)",game birds,normal,596
"PLUMS, DRIED (aka prunes)",ginger,normal,596
"PLUMS, DRIED (aka prunes)",hazelnuts,normal,596
"PLUMS, DRIED (aka prunes)","honey, wildflower",recommended,596
"PLUMS, DRIED (aka prunes)","lemon, zest",recommended,596
"PLUMS, DRIED (aka prunes)","liqueurs: almond, other nut",normal,596
"PLUMS, DRIED (aka prunes)",macadamia nuts,normal,596
"PLUMS, DRIED (aka prunes)",maple syrup,normal,596
"PLUMS, DRIED (aka prunes)",Moroccan cuisine,normal,596
"PLUMS, DRIED (aka prunes)",oatmeal,normal,596
"PLUMS, DRIED (aka prunes)","orange, zest",recommended,596
"PLUMS, DRIED (aka prunes)",pâté,normal,596
"PLUMS, DRIED (aka prunes)",pears,normal,596
"PLUMS, DRIED (aka prunes)",pecans,normal,596
"PLUMS, DRIED (aka prunes)","pepper, black",normal,596
"PLUMS, DRIED (aka prunes)",pine nuts,normal,596
"PLUMS, DRIED (aka prunes)",pistachios,normal,596
"PLUMS, DRIED (aka prunes)",pork,normal,596
"PLUMS, DRIED (aka prunes)","port, esp. tawny",recommended,596
"PLUMS, DRIED (aka prunes)",quince,normal,596
"PLUMS, DRIED (aka prunes)",rabbit,normal,596
"PLUMS, DRIED (aka prunes)",raisins,normal,596
"PLUMS, DRIED (aka prunes)",rice pudding,normal,596
"PLUMS, DRIED (aka prunes)",rum,normal,596
"PLUMS, DRIED (aka prunes)",Southern Comfort,normal,596
"PLUMS, DRIED (aka prunes)",star anise,normal,596
"PLUMS, DRIED (aka prunes)",stews,normal,596
"PLUMS, DRIED (aka prunes)","sugar: brown, white",recommended,596
"PLUMS, DRIED (aka prunes)","teas, esp. black or Earl Grey",normal,596
"PLUMS, DRIED (aka prunes)",thyme,normal,596
"PLUMS, DRIED (aka prunes)",turkey,normal,596
"PLUMS, DRIED (aka prunes)",vanilla,recommended,596
"PLUMS, DRIED (aka prunes)","vinegar: champagne, white wine",normal,596
"PLUMS, DRIED (aka prunes)",WALNUTS,very_highly_recommended,596
"PLUMS, DRIED (aka prunes)",whiskey,normal,596
POLENTA,bay leaf,normal,597
POLENTA,beef,normal,597
POLENTA,"bell peppers, esp. red",normal,597
POLENTA,"butter, unsalted",recommended,597
POLENTA,"CHEESE: Fontina, Gorgonzola, Gruyère, mozzarella, Parmesan, Taleggio",recommended,597
POLENTA,chervil,normal,597
POLENTA,chicken,normal,597
POLENTA,chives,recommended,597
POLENTA,cream / milk,recommended,597
POLENTA,"egg, yolks",normal,597
POLENTA,game birds,normal,597
POLENTA,garlic,recommended,597
POLENTA,herbs,normal,597
POLENTA,honey,normal,597
POLENTA,"Italian cuisine, esp. northern",recommended,597
POLENTA,marjoram,normal,597
POLENTA,mascarpone,recommended,597
POLENTA,"mushrooms, esp. chanterelles, porcini, shiitakes",recommended,597
POLENTA,"oil: truffle, walnut",recommended,597
POLENTA,olive oil,recommended,597
POLENTA,"parsley, flat-leaf",normal,597
POLENTA,"pepper: black, white",recommended,597
POLENTA,pork,recommended,598
POLENTA,red pepper flakes,normal,598
POLENTA,rosemary,recommended,598
POLENTA,"salt: kosher, sea",recommended,598
POLENTA,sausages,recommended,598
POLENTA,scallions,normal,598
POLENTA,"stocks: chicken, vegetable",recommended,598
POLENTA,thyme,recommended,598
POLENTA,tomatoes and tomato sauce,normal,598
POLENTA,"truffles, white",recommended,598
POLENTA,walnuts,normal,598
POMEGRANATES,allspice,normal,598
POMEGRANATES,almonds,normal,598
POMEGRANATES,arugula,normal,598
POMEGRANATES,avocados,normal,598
POMEGRANATES,bananas,normal,598
POMEGRANATES,beets,normal,598
POMEGRANATES,cardamom,recommended,598
POMEGRANATES,chicken,recommended,598
POMEGRANATES,chile peppers,normal,598
POMEGRANATES,"chocolate, white",normal,598
POMEGRANATES,cinnamon,recommended,598
POMEGRANATES,cloves,normal,598
POMEGRANATES,coconut,normal,598
POMEGRANATES,coriander,normal,598
POMEGRANATES,couscous,normal,598
POMEGRANATES,cream,normal,598
POMEGRANATES,cucumbers,normal,598
POMEGRANATES,cumin,normal,599
POMEGRANATES,curry,normal,599
POMEGRANATES,desserts,recommended,599
POMEGRANATES,fish,normal,599
POMEGRANATES,garlic,normal,599
POMEGRANATES,"ginger, esp. fresh",recommended,599
POMEGRANATES,grapefruit,recommended,599
POMEGRANATES,hazelnuts,normal,599
POMEGRANATES,honey,normal,599
POMEGRANATES,hummus,normal,599
POMEGRANATES,kumquat,normal,599
POMEGRANATES,lamb,recommended,599
POMEGRANATES,legumes,normal,599
POMEGRANATES,"lemon, juice",recommended,599
POMEGRANATES,"lime, juice",normal,599
POMEGRANATES,"meats, roasted",recommended,599
POMEGRANATES,Middle Eastern cuisine,recommended,599
POMEGRANATES,nutmeg,normal,599
POMEGRANATES,olive oil,normal,599
POMEGRANATES,onions,normal,599
POMEGRANATES,"orange, juice",recommended,599
POMEGRANATES,parsley,normal,599
POMEGRANATES,pine nuts,normal,599
POMEGRANATES,pomegranate molasses (key ingredient),normal,599
POMEGRANATES,pork,normal,599
POMEGRANATES,"poultry (e.g., turkey)",normal,599
POMEGRANATES,"SALADS, esp. cucumber, fruit, green",very_highly_recommended,599
POMEGRANATES,sesame seeds,normal,599
POMEGRANATES,sorbets,normal,599
POMEGRANATES,stewed dishes,normal,599
POMEGRANATES,sugar,recommended,599
POMEGRANATES,tequila,normal,599
POMEGRANATES,turmeric,normal,599
POMEGRANATES,"vinegar: balsamic, red wine",normal,599
POMEGRANATES,walnuts,normal,599
POMEGRANATES,"wine: port, red, white",normal,599
POMEGRANATE MOLASSES,allspice,normal,600
POMEGRANATE MOLASSES,beef,normal,600
POMEGRANATE MOLASSES,chicken,normal,600
POMEGRANATE MOLASSES,chile peppers,normal,600
POMEGRANATE MOLASSES,cinnamon,normal,600
POMEGRANATE MOLASSES,cloves,normal,600
POMEGRANATE MOLASSES,duck,normal,600
POMEGRANATE MOLASSES,game,normal,600
POMEGRANATE MOLASSES,game birds,normal,600
POMEGRANATE MOLASSES,ginger,normal,600
POMEGRANATE MOLASSES,lamb,recommended,600
POMEGRANATE MOLASSES,marinades,normal,600
POMEGRANATE MOLASSES,meats,normal,600
POMEGRANATE MOLASSES,Middle Eastern cuisine,recommended,600
POMEGRANATE MOLASSES,ingredients and serve it on chicken or fish.,normal,600
POMEGRANATE MOLASSES,mustard,normal,600
POMEGRANATE MOLASSES,mustard seeds,normal,600
POMEGRANATE MOLASSES,olive oil,recommended,600
POMEGRANATE MOLASSES,pepper,normal,600
POMEGRANATE MOLASSES,pork,normal,600
POMEGRANATE MOLASSES,poultry,normal,600
POMEGRANATE MOLASSES,salad dressings,normal,600
POMEGRANATE MOLASSES,"vinegar, balsamic",normal,600
POMEGRANATE MOLASSES,walnuts,normal,600
POMELOS,avocado,normal,600
POMELOS,chicken,normal,601
POMELOS,chili powder,normal,601
POMELOS,coconut,normal,601
POMELOS,crab,normal,601
POMELOS,fish,recommended,601
POMELOS,fish sauce,normal,601
POMELOS,"ginger, pickled",normal,601
POMELOS,lemongrass,normal,601
POMELOS,maple,normal,601
POMELOS,onions,normal,601
POMELOS,peanuts,normal,601
POMELOS,pomegranate,normal,601
POMELOS,salads,recommended,601
POMELOS,salt,normal,601
POMELOS,scallops,normal,601
POMELOS,shrimp,normal,601
POMELOS,spinach,normal,601
PONZU SAUCE,beef,normal,601
PONZU SAUCE,dashi,normal,601
PONZU SAUCE,"fish, esp. grilled or raw",normal,601
PONZU SAUCE,Japanese cuisine,recommended,601
PONZU SAUCE,"meat, esp. grilled",normal,601
PONZU SAUCE,sashimi,normal,601
PONZU SAUCE,shellfish,normal,601
PONZU SAUCE,soy sauce,normal,601
PONZU SAUCE,ume (Japanese plum),normal,601
POPPY SEEDS,apples,normal,601
POPPY SEEDS,Asian cuisine,normal,601
POPPY SEEDS,"BAKED GOODS (e.g., breads, cakes, cookies, pastries)",very_highly_recommended,602
POPPY SEEDS,"beans, green",normal,602
POPPY SEEDS,"butter, unsalted",recommended,602
POPPY SEEDS,buttermilk,normal,602
POPPY SEEDS,cabbage,normal,602
POPPY SEEDS,carrots,normal,602
POPPY SEEDS,cauliflower,normal,602
POPPY SEEDS,"cheese, ricotta",recommended,602
POPPY SEEDS,cinnamon,normal,602
POPPY SEEDS,cloves,normal,602
POPPY SEEDS,cream,normal,602
POPPY SEEDS,curry powder,normal,602
POPPY SEEDS,desserts,normal,602
POPPY SEEDS,eggplant,normal,602
POPPY SEEDS,eggs and egg dishes,normal,602
POPPY SEEDS,fish,normal,602
POPPY SEEDS,fruits,normal,602
POPPY SEEDS,ginger,normal,602
POPPY SEEDS,honey,normal,602
POPPY SEEDS,Indian cuisine,recommended,602
POPPY SEEDS,lemon,recommended,602
POPPY SEEDS,Mediterranean cuisine,normal,602
POPPY SEEDS,noodles,normal,602
POPPY SEEDS,nutmeg,normal,602
POPPY SEEDS,"onions, esp. sweet",recommended,602
POPPY SEEDS,pasta,recommended,602
POPPY SEEDS,pastries,normal,602
POPPY SEEDS,potatoes,recommended,602
POPPY SEEDS,rice,normal,602
POPPY SEEDS,"salads and salad dressings, esp. creamy",recommended,602
POPPY SEEDS,"sauces, esp. creamy",normal,602
POPPY SEEDS,sesame seeds,normal,602
POPPY SEEDS,sour cream,normal,602
POPPY SEEDS,spinach,normal,602
POPPY SEEDS,strawberries,normal,602
POPPY SEEDS,sugar,normal,602
POPPY SEEDS,Turkish cuisine,recommended,602
POPPY SEEDS,vanilla,normal,602
POPPY SEEDS,vegetables,normal,602
POPPY SEEDS,walnuts,normal,602
POPPY SEEDS,zucchini,recommended,602
PORK — IN GENERAL,aioli,normal,603
PORK — IN GENERAL,almonds,normal,603
PORK — IN GENERAL,anchovies,normal,603
PORK — IN GENERAL,anise,normal,603
PORK — IN GENERAL,"APPLES: cider, fruit, juice",recommended,603
PORK — IN GENERAL,apricots,normal,603
PORK — IN GENERAL,asparagus,normal,603
PORK — IN GENERAL,bacon,recommended,603
PORK — IN GENERAL,barbecue dishes,normal,603
PORK — IN GENERAL,basil,normal,603
PORK — IN GENERAL,bay leaf,recommended,603
PORK — IN GENERAL,"beans: green, navy, white",normal,603
PORK — IN GENERAL,beer,normal,603
PORK — IN GENERAL,"bell peppers: green, red",normal,603
PORK — IN GENERAL,bourbon,normal,603
PORK — IN GENERAL,brandy,normal,603
PORK — IN GENERAL,bread crumbs,normal,603
PORK — IN GENERAL,"butter, unsalted",recommended,603
PORK — IN GENERAL,"cabbage: green, red",recommended,603
PORK — IN GENERAL,Calvados,normal,603
PORK — IN GENERAL,capers,normal,603
PORK — IN GENERAL,caraway seeds,normal,603
PORK — IN GENERAL,cardamom,normal,603
PORK — IN GENERAL,carrots,normal,603
PORK — IN GENERAL,cayenne,normal,603
PORK — IN GENERAL,celery,normal,603
PORK — IN GENERAL,"cheese: Gruyère, Jack",normal,603
PORK — IN GENERAL,"chile peppers, esp. anchos, dried red, jalapeño",recommended,603
PORK — IN GENERAL,chili powder,normal,603
PORK — IN GENERAL,Chinese cuisine,normal,603
PORK — IN GENERAL,chives,normal,603
PORK — IN GENERAL,cider,normal,603
PORK — IN GENERAL,cilantro,normal,603
PORK — IN GENERAL,cinnamon,recommended,603
PORK — IN GENERAL,cloves,recommended,603
PORK — IN GENERAL,coconut milk,normal,603
PORK — IN GENERAL,coriander,normal,603
PORK — IN GENERAL,cornichons,normal,603
PORK — IN GENERAL,corn,normal,603
PORK — IN GENERAL,cranberries,normal,603
PORK — IN GENERAL,cream,normal,604
PORK — IN GENERAL,cumin,recommended,604
PORK — IN GENERAL,curry powder,normal,604
PORK — IN GENERAL,fennel,recommended,604
PORK — IN GENERAL,fennel seeds,normal,604
PORK — IN GENERAL,figs,normal,604
PORK — IN GENERAL,"fish sauce, Thai",normal,604
PORK — IN GENERAL,"French cuisine, esp. southern",normal,604
PORK — IN GENERAL,"fruit: dried, fresh",normal,604
PORK — IN GENERAL,GARLIC,very_highly_recommended,604
PORK — IN GENERAL,"ginger: fresh, ground dried",recommended,604
PORK — IN GENERAL,"ham, Serrano",normal,604
PORK — IN GENERAL,honey,recommended,604
PORK — IN GENERAL,horseradish,normal,604
PORK — IN GENERAL,"Italian cuisine, esp. southern",normal,604
PORK — IN GENERAL,ketchup,normal,604
PORK — IN GENERAL,"Korean cuisine, esp. northern",normal,604
PORK — IN GENERAL,"LEMON: juice, zest",recommended,604
PORK — IN GENERAL,lemongrass,normal,604
PORK — IN GENERAL,lemon verbena,normal,604
PORK — IN GENERAL,lentils,normal,604
PORK — IN GENERAL,"lime, juice",recommended,604
PORK — IN GENERAL,mace,normal,604
PORK — IN GENERAL,"mangoes: green, ripe",normal,604
PORK — IN GENERAL,marjoram,normal,604
PORK — IN GENERAL,Mexican cuisine,normal,604
PORK — IN GENERAL,"mint, esp. spearmint",recommended,604
PORK — IN GENERAL,Olive Ouzo and Orange Sauce,recommended,604
PORK — IN GENERAL,Suckling Pig with Quince Paste and Romesco Sauce,recommended,604
PORK — IN GENERAL,"Apples, Mustard Greens, and Bourbon Glaze",recommended,604
PORK — IN GENERAL,Beer-Braised Pork Belly with Sauerkraut and Ginger Jus,recommended,604
PORK — IN GENERAL,"Turnips, and Chicory Emulsion",recommended,604
PORK — IN GENERAL,Pork with Fig Maple Jus and Dutch Cabbage,recommended,605
PORK — IN GENERAL,mirepoix,normal,605
PORK — IN GENERAL,molasses,normal,605
PORK — IN GENERAL,"mushrooms, esp. shiitake",normal,605
PORK — IN GENERAL,"mustard, Dijon",recommended,605
PORK — IN GENERAL,mustard seeds,normal,605
PORK — IN GENERAL,noodles/pasta,normal,605
PORK — IN GENERAL,nutmeg,normal,605
PORK — IN GENERAL,"OIL: canola, grapeseed, sesame, vegetable",recommended,605
PORK — IN GENERAL,olive oil,recommended,605
PORK — IN GENERAL,olives,normal,605
PORK — IN GENERAL,"ONIONS, esp. green, pearl, red, sweet, white, yellow",very_highly_recommended,605
PORK — IN GENERAL,"ORANGE: juice, zest",recommended,605
PORK — IN GENERAL,oregano,recommended,605
PORK — IN GENERAL,"paprika: smoked, sweet",recommended,605
PORK — IN GENERAL,"parsley, flat-leaf",recommended,605
PORK — IN GENERAL,peanuts and peanut sauce,normal,605
PORK — IN GENERAL,pears,recommended,605
PORK — IN GENERAL,"peas, black-eyed",normal,605
PORK — IN GENERAL,pecans,normal,606
PORK — IN GENERAL,"PEPPER: black, white",holy_grail,606
PORK — IN GENERAL,pineapple,normal,606
PORK — IN GENERAL,pine nuts,normal,606
PORK — IN GENERAL,piquillo peppers,normal,606
PORK — IN GENERAL,plums,normal,606
PORK — IN GENERAL,port,normal,606
PORK — IN GENERAL,"potatoes, mashed or roasted",normal,606
PORK — IN GENERAL,prosciutto,normal,606
PORK — IN GENERAL,prunes,recommended,606
PORK — IN GENERAL,quince,normal,606
PORK — IN GENERAL,radicchio,normal,606
PORK — IN GENERAL,red pepper flakes,normal,606
PORK — IN GENERAL,rice or risotto,normal,606
PORK — IN GENERAL,ROSEMARY,very_highly_recommended,606
PORK — IN GENERAL,saffron,normal,606
PORK — IN GENERAL,sage,recommended,606
PORK — IN GENERAL,"salt: kosher, sea",recommended,606
PORK — IN GENERAL,sauerkraut,recommended,606
PORK — IN GENERAL,shallots,recommended,606
PORK — IN GENERAL,"sherry, cream",normal,606
PORK — IN GENERAL,sour cream,recommended,606
PORK — IN GENERAL,soy sauce,recommended,606
PORK — IN GENERAL,spaetzle,normal,606
PORK — IN GENERAL,"Spanish cuisine, esp. southern",normal,606
PORK — IN GENERAL,"squash: acorn, butternut",normal,606
PORK — IN GENERAL,star anise,recommended,606
PORK — IN GENERAL,"stock, chicken",recommended,606
PORK — IN GENERAL,ARIZONA),normal,606
PORK — IN GENERAL,sugar (pinch),recommended,606
PORK — IN GENERAL,sweet potatoes,normal,606
PORK — IN GENERAL,Tabasco sauce,normal,606
PORK — IN GENERAL,"tangerine, juice",normal,606
PORK — IN GENERAL,"tea, black (e.g., Lapsang Souchong)",normal,606
PORK — IN GENERAL,THYME,very_highly_recommended,606
PORK — IN GENERAL,tomatoes and tomato paste,recommended,606
PORK — IN GENERAL,turmeric,recommended,606
PORK — IN GENERAL,turnips,normal,606
PORK — IN GENERAL,vanilla,normal,606
PORK — IN GENERAL,verjus,normal,606
PORK — IN GENERAL,"vermouth, dry",normal,606
PORK — IN GENERAL,Vietnamese cuisine,normal,607
PORK — IN GENERAL,walnuts,normal,607
PORK — IN GENERAL,watercress,normal,607
PORK — IN GENERAL,"wine: dry red, white",recommended,607
PORK — IN GENERAL,Worcestershire sauce,normal,607
PORK — IN GENERAL,yogurt,normal,607
PORK — BELLY,apples,normal,607
PORK — BELLY,bacon,normal,607
PORK — BELLY,bay leaf,normal,607
PORK — BELLY,beets,normal,607
PORK — BELLY,caraway,normal,607
PORK — BELLY,carrots,normal,607
PORK — BELLY,celery,normal,607
PORK — BELLY,cilantro,normal,607
PORK — BELLY,cinnamon,normal,607
PORK — BELLY,citrus,normal,607
PORK — BELLY,cumin,normal,607
PORK — BELLY,eggs,normal,607
PORK — BELLY,fennel,normal,607
PORK — BELLY,garlic,recommended,607
PORK — BELLY,leeks,normal,607
PORK — BELLY,mushrooms,normal,608
PORK — BELLY,"oil, peanut",normal,608
PORK — BELLY,olive oil,normal,608
PORK — BELLY,onions,normal,608
PORK — BELLY,paprika,normal,608
PORK — BELLY,"parsley, flat-leaf",normal,608
PORK — BELLY,parsnips,normal,608
PORK — BELLY,"pepper, black",recommended,608
PORK — BELLY,potatoes,recommended,608
PORK — BELLY,rosemary,normal,608
PORK — BELLY,sake,normal,608
PORK — BELLY,"salt: kosher, sea",recommended,608
PORK — BELLY,shallots,normal,608
PORK — BELLY,soy sauce,normal,608
PORK — BELLY,star anise,normal,608
PORK — BELLY,"stocks: chicken, veal",normal,608
PORK — BELLY,thyme,normal,608
PORK — BELLY,"vegetables, root",normal,608
PORK — BELLY,"vinegar, champagne",normal,608
PORK — BELLY,zucchini,normal,608
PORK — CHOPS,"APPLES: cider, fruit, sauce",recommended,608
PORK — CHOPS,arugula,normal,608
PORK — CHOPS,beans,normal,608
PORK — CHOPS,bread crumbs,normal,608
PORK — CHOPS,broccoli rabe,normal,608
PORK — CHOPS,butter,normal,608
PORK — CHOPS,"cabbage, red",normal,608
PORK — CHOPS,coriander,normal,608
PORK — CHOPS,corn,normal,608
PORK — CHOPS,fennel,normal,608
PORK — CHOPS,fennel pollen,normal,608
PORK — CHOPS,garlic,recommended,609
PORK — CHOPS,ginger,normal,609
PORK — CHOPS,greens,recommended,609
PORK — CHOPS,honey,normal,609
PORK — CHOPS,"lemon, juice",normal,609
PORK — CHOPS,lentils,normal,609
PORK — CHOPS,molasses,normal,609
PORK — CHOPS,mustard (esp. Dijon) and mustard seeds,recommended,609
PORK — CHOPS,olive oil,normal,609
PORK — CHOPS,onions,recommended,609
PORK — CHOPS,peaches,normal,609
PORK — CHOPS,"pepper, black",normal,609
PORK — CHOPS,polenta,normal,609
PORK — CHOPS,"potatoes: mashed, steamed",normal,609
PORK — CHOPS,prosciutto,normal,609
PORK — CHOPS,rosemary,normal,609
PORK — CHOPS,SAGE,very_highly_recommended,609
PORK — CHOPS,sauerkraut,recommended,609
PORK — CHOPS,spinach,normal,609
PORK — CHOPS,"stock, chicken",normal,609
PORK — CHOPS,"sugar: brown, white",recommended,609
PORK — CHOPS,tomatoes,normal,609
PORK — CHOPS,vanilla,normal,609
PORK — CHOPS,"vinegar: balsamic, cider",recommended,609
PORK — LOIN,bay leaf,normal,610
PORK — LOIN,brandy,normal,610
PORK — LOIN,"cabbage, red",normal,610
PORK — LOIN,"chile peppers, ancho",normal,610
PORK — LOIN,cilantro,recommended,610
PORK — LOIN,cinnamon,normal,610
PORK — LOIN,figs,normal,610
PORK — LOIN,garlic,normal,610
PORK — LOIN,ginger,recommended,610
PORK — LOIN,lemongrass,normal,610
PORK — LOIN,"lime, juice",normal,610
PORK — LOIN,maple syrup,normal,610
PORK — LOIN,mustard,recommended,610
PORK — LOIN,mustard seeds,recommended,610
PORK — LOIN,onions,normal,610
PORK — LOIN,oregano,normal,610
PORK — LOIN,port,normal,610
PORK — LOIN,potatoes,normal,610
PORK — LOIN,rosemary,recommended,610
PORK — LOIN,sage,recommended,610
PORK — LOIN,sake,normal,610
PORK — LOIN,soy sauce,normal,610
PORK — LOIN,"stock, chicken",normal,610
PORK — LOIN,thyme,normal,610
PORK — LOIN,"vinegar, white",normal,610
PORK — LOIN,"wine, white",normal,610
PORK — RIBS,allspice,normal,610
PORK — RIBS,bay leaf,normal,610
PORK — RIBS,beer,normal,610
PORK — RIBS,bourbon,normal,610
PORK — RIBS,butter,normal,610
PORK — RIBS,cabbage,normal,610
PORK — RIBS,"chile peppers, guajillo",normal,610
PORK — RIBS,chili powder,recommended,610
PORK — RIBS,cider,normal,610
PORK — RIBS,coffee,normal,610
PORK — RIBS,coriander,normal,610
PORK — RIBS,cumin,recommended,611
PORK — RIBS,garlic,recommended,611
PORK — RIBS,ginger,normal,611
PORK — RIBS,hoisin sauce,normal,611
PORK — RIBS,honey,recommended,611
PORK — RIBS,hot sauce,normal,611
PORK — RIBS,ketchup,normal,611
PORK — RIBS,lemongrass,normal,611
PORK — RIBS,liquid smoke,normal,611
PORK — RIBS,mirepoix,normal,611
PORK — RIBS,molasses,recommended,611
PORK — RIBS,"mustard, Dijon",recommended,611
PORK — RIBS,olive oil,normal,611
PORK — RIBS,"onions, esp. white",recommended,611
PORK — RIBS,oregano,normal,611
PORK — RIBS,"paprika: hot, smoked",normal,611
PORK — RIBS,"parsley, flat-leaf",normal,611
PORK — RIBS,"pepper, black",normal,611
PORK — RIBS,potatoes,normal,611
PORK — RIBS,"salt: kosher, sea",recommended,611
PORK — RIBS,sesame oil,normal,611
PORK — RIBS,soy sauce,normal,611
PORK — RIBS,"sugar, brown",normal,611
PORK — RIBS,Tabasco sauce,normal,611
PORK — RIBS,thyme,normal,611
PORK — RIBS,tomatoes and tomato puree,normal,611
PORK — RIBS,Worcestershire sauce,normal,611
PORK — SHOULDER,achiote,normal,611
PORK — SHOULDER,allspice,normal,611
PORK — SHOULDER,andouille sausage (key ingredient),normal,611
PORK — SHOULDER,apples,normal,611
PORK — SHOULDER,barbecue sauce,normal,611
PORK — SHOULDER,bay leaf,recommended,611
PORK — SHOULDER,cayenne,normal,611
PORK — SHOULDER,chile peppers,recommended,611
PORK — SHOULDER,cinnamon,normal,611
PORK — SHOULDER,coriander,normal,611
PORK — SHOULDER,"cornmeal (e.g., grits, polenta)",normal,612
PORK — SHOULDER,couscous,normal,612
PORK — SHOULDER,cumin,normal,612
PORK — SHOULDER,five-spice powder,normal,612
PORK — SHOULDER,GARLIC,very_highly_recommended,612
PORK — SHOULDER,ginger,recommended,612
PORK — SHOULDER,honey,normal,612
PORK — SHOULDER,lemon,recommended,612
PORK — SHOULDER,lime,normal,612
PORK — SHOULDER,maple syrup,normal,612
PORK — SHOULDER,milk,normal,612
PORK — SHOULDER,mushrooms,normal,612
PORK — SHOULDER,orange,normal,612
PORK — SHOULDER,oregano,normal,612
PORK — SHOULDER,paprika,normal,612
PORK — SHOULDER,port,normal,612
PORK — SHOULDER,quince,normal,612
PORK — SHOULDER,rice,normal,612
PORK — SHOULDER,rum,normal,612
PORK — SHOULDER,sage,recommended,612
PORK — SHOULDER,soy sauce,normal,612
PORK — SHOULDER,"sugar, brown",normal,612
PORK — SHOULDER,thyme,recommended,612
PORK — SHOULDER,tomatoes,normal,612
PORK — SHOULDER,vinegar,normal,612
PORK — SHOULDER,"wine, red",normal,612
PORK — TENDERLOIN,"artichokes, Jerusalem",normal,612
PORK — TENDERLOIN,bacon,normal,612
PORK — TENDERLOIN,"beans, green",normal,612
PORK — TENDERLOIN,cardamom,normal,612
PORK — TENDERLOIN,cilantro,normal,612
PORK — TENDERLOIN,cinnamon,normal,612
PORK — TENDERLOIN,corn,normal,612
PORK — TENDERLOIN,fennel,normal,612
PORK — TENDERLOIN,ginger,normal,612
PORK — TENDERLOIN,lime,normal,612
PORK — TENDERLOIN,maple syrup,normal,613
PORK — TENDERLOIN,marjoram,normal,613
PORK — TENDERLOIN,"mushrooms, porcini, dried",normal,613
PORK — TENDERLOIN,mustard,normal,613
PORK — TENDERLOIN,olive oil,recommended,613
PORK — TENDERLOIN,"onions: cipollini, yellow",recommended,613
PORK — TENDERLOIN,orange,normal,613
PORK — TENDERLOIN,oregano,normal,613
PORK — TENDERLOIN,pancetta,normal,613
PORK — TENDERLOIN,parsley,normal,613
PORK — TENDERLOIN,"pepper, black",normal,613
PORK — TENDERLOIN,polenta,normal,613
PORK — TENDERLOIN,potatoes,normal,613
PORK — TENDERLOIN,red pepper flakes,normal,613
PORK — TENDERLOIN,rosemary,recommended,613
PORK — TENDERLOIN,"rum, esp. dark",normal,613
PORK — TENDERLOIN,sage,recommended,613
PORK — TENDERLOIN,savory,normal,613
PORK — TENDERLOIN,sherry,normal,613
PORK — TENDERLOIN,sour cream,normal,613
PORK — TENDERLOIN,"sugar, brown",normal,613
PORK — TENDERLOIN,tarragon,normal,613
PORK — TENDERLOIN,turmeric,normal,613
PORK — TENDERLOIN,"vinegar, balsamic",normal,613
PORK — TENDERLOIN,yogurt,normal,613
PORTUGUESE CUISINE,anise,normal,613
PORTUGUESE CUISINE,bread,normal,613
PORTUGUESE CUISINE,"chile peppers, piri piri",normal,613
PORTUGUESE CUISINE,cilantro,normal,613
PORTUGUESE CUISINE,cinnamon,normal,613
PORTUGUESE CUISINE,clams,normal,613
PORTUGUESE CUISINE,cod,normal,613
PORTUGUESE CUISINE,custards,normal,613
PORTUGUESE CUISINE,eggs,normal,613
PORTUGUESE CUISINE,fish,normal,613
PORTUGUESE CUISINE,garlic,normal,613
PORTUGUESE CUISINE,kale,normal,613
PORTUGUESE CUISINE,olive oil,normal,613
PORTUGUESE CUISINE,onions,normal,613
PORTUGUESE CUISINE,paprika,normal,613
PORTUGUESE CUISINE,parsley,normal,613
PORTUGUESE CUISINE,"pork, esp. cured",normal,614
PORTUGUESE CUISINE,port,recommended,614
PORTUGUESE CUISINE,potatoes,normal,614
PORTUGUESE CUISINE,rice,normal,614
PORTUGUESE CUISINE,saffron,normal,614
PORTUGUESE CUISINE,shellfish,normal,614
PORTUGUESE CUISINE,tomatoes,normal,614
PORTUGUESE CUISINE,turkey,normal,614
PORTUGUESE CUISINE,vanilla,normal,614
POTATOES,"sauté, steam",normal,614
POTATOES,arugula,normal,614
POTATOES,bacon,recommended,614
POTATOES,basil,normal,614
POTATOES,BAY LEAF,very_highly_recommended,614
POTATOES,BEEF,very_highly_recommended,614
POTATOES,"bell peppers, green, esp. roasted",normal,614
POTATOES,"BUTTER, unsalted",recommended,614
POTATOES,buttermilk,normal,614
POTATOES,caraway seeds,normal,614
POTATOES,cardamom,normal,614
POTATOES,carrots,normal,614
POTATOES,"cauliflower (e.g., Indian cuisine)",normal,614
POTATOES,caviar,normal,614
POTATOES,cayenne,normal,614
POTATOES,celery,normal,614
POTATOES,celery root,recommended,614
POTATOES,"CHEESE: Brin d’Amour, Cantal, cheddar, Comté, Dry Jack, Emmental, Fontina, goat, Gouda,",recommended,614
POTATOES,chervil,normal,614
POTATOES,chicken,recommended,614
POTATOES,"chickpeas (e.g., Indian cuisine)",normal,614
POTATOES,chicory,normal,615
POTATOES,"chile peppers (e.g., Indian, Thai cuisine)",normal,615
POTATOES,chili oil,normal,615
POTATOES,CHIVES,very_highly_recommended,615
POTATOES,cilantro,normal,615
POTATOES,cinnamon,normal,615
POTATOES,cloves,normal,615
POTATOES,coriander,normal,615
POTATOES,CREAM / MILK,very_highly_recommended,615
POTATOES,crème fraîche,recommended,615
POTATOES,cumin,normal,615
POTATOES,curry,normal,615
POTATOES,dill,normal,615
POTATOES,eggs,recommended,615
POTATOES,French cuisine,normal,615
POTATOES,garam masala,normal,615
POTATOES,GARLIC,very_highly_recommended,615
POTATOES,ginger,normal,615
POTATOES,"greens, winter",normal,615
POTATOES,herbs,normal,615
POTATOES,kale,normal,615
POTATOES,mushrooms add another layer of flavor.,normal,615
POTATOES,lamb,normal,615
POTATOES,lavender,normal,615
POTATOES,LEEKS,very_highly_recommended,615
POTATOES,"lemon, juice",normal,615
POTATOES,lovage,normal,615
POTATOES,marjoram,normal,615
POTATOES,mayonnaise,recommended,615
POTATOES,morels,normal,615
POTATOES,"mushrooms, esp. wild",recommended,615
POTATOES,mussels,normal,615
POTATOES,"mustard: Dijon, dry",recommended,615
POTATOES,nutmeg,recommended,615
POTATOES,"OIL: canola, peanut, vegetable",recommended,615
POTATOES,olive oil,recommended,615
POTATOES,"olives, e.g., black",normal,615
POTATOES,"ONIONS: green, red, Spanish, Vidalia",recommended,615
POTATOES,oysters,normal,615
POTATOES,paprika,normal,615
POTATOES,"parsley, flat-leaf",recommended,615
POTATOES,parsnips,recommended,616
POTATOES,peas,normal,616
POTATOES,"PEPPER: black, white",recommended,616
POTATOES,pork and pork belly,normal,616
POTATOES,ramps,normal,616
POTATOES,ROSEMARY,very_highly_recommended,616
POTATOES,rutabagas,normal,616
POTATOES,saffron,normal,616
POTATOES,sage,recommended,616
POTATOES,salads,normal,616
POTATOES,"SALT: kosher, sea",recommended,616
POTATOES,salt cod,normal,616
POTATOES,"sausages: chorizo, Italian",normal,616
POTATOES,savory,normal,616
POTATOES,scallions,normal,616
POTATOES,shallots,recommended,616
POTATOES,sorrel,recommended,616
POTATOES,sour cream,recommended,616
POTATOES,"spinach (e.g., Indian cuisine)",normal,616
POTATOES,"squash, winter (e.g., butternut)",normal,616
POTATOES,STEAK,very_highly_recommended,616
POTATOES,"STOCKS: chicken, vegetable",recommended,616
POTATOES,sweet potatoes,normal,616
POTATOES,THYME,very_highly_recommended,616
POTATOES,tomatoes,recommended,616
POTATOES,"truffles, black",recommended,616
POTATOES,turmeric,normal,616
POTATOES,turnips,normal,616
POTATOES,"vegetables, root",normal,616
POTATOES,vinaigrettes,normal,616
POTATOES,"vinegar: champagne, sherry, white wine",recommended,616
POTATOES,"wine, dry white",recommended,616
POTATOES,yogurt,recommended,616
"POTATOES, NEW",chives,normal,617
"POTATOES, NEW",cream,normal,617
"POTATOES, NEW",garlic,recommended,617
"POTATOES, NEW",mint,normal,617
"POTATOES, NEW",olive oil,normal,617
"POTATOES, NEW",paprika,normal,617
"POTATOES, NEW",parsley,normal,617
"POTATOES, NEW","pepper, black",normal,617
"POTATOES, NEW",rosemary,normal,617
"POTATOES, NEW",salt,normal,617
"POTATOES, NEW",savory,normal,617
"POTATOES, NEW",shallots,normal,617
"POTATOES, NEW",tarragon,normal,617
"POTATOES, NEW",thyme,recommended,617
"POTATOES, NEW",vinegar,normal,617
PROSCIUTTO,almonds,normal,617
PROSCIUTTO,apples,normal,617
PROSCIUTTO,arugula,normal,617
PROSCIUTTO,asparagus,normal,618
PROSCIUTTO,basil,recommended,618
PROSCIUTTO,"cheese: Fontina, Gruyère, Parmesan, provolone",recommended,618
PROSCIUTTO,chestnuts,normal,618
PROSCIUTTO,chicken,normal,618
PROSCIUTTO,chicory,normal,618
PROSCIUTTO,cilantro,normal,618
PROSCIUTTO,fennel,normal,618
PROSCIUTTO,FIGS,very_highly_recommended,618
PROSCIUTTO,grapes,normal,618
PROSCIUTTO,hazelnuts,normal,618
PROSCIUTTO,honey,normal,618
PROSCIUTTO,Italian cuisine,recommended,618
PROSCIUTTO,"lemon, juice",recommended,618
PROSCIUTTO,"lime, juice",recommended,618
PROSCIUTTO,"MELON, esp. cantaloupe, honeydew",holy_grail,618
PROSCIUTTO,mushrooms,normal,618
PROSCIUTTO,"mustard, esp. Dijon",recommended,618
PROSCIUTTO,mustard seeds,normal,618
PROSCIUTTO,nectarines,normal,618
PROSCIUTTO,olive oil,recommended,618
PROSCIUTTO,pasta,normal,618
PROSCIUTTO,pears,normal,618
PROSCIUTTO,"pepper: black, white",normal,618
PROSCIUTTO,pine nuts,normal,618
PROSCIUTTO,Fig and Prosciutto Pizza,recommended,618
PROSCIUTTO,pomegranate molasses,normal,618
PROSCIUTTO,sage,recommended,618
PROSCIUTTO,spinach,normal,618
PROSCIUTTO,tomatoes,normal,618
PROSCIUTTO,walnuts,normal,618
PUMPKIN,allspice,recommended,619
PUMPKIN,amaretti cookie crumbs,normal,619
PUMPKIN,apples,normal,619
PUMPKIN,bay leaf,recommended,619
PUMPKIN,"brandy, esp. apple",normal,619
PUMPKIN,"BUTTER, unsalted",recommended,619
PUMPKIN,caramel,normal,619
PUMPKIN,carrots,normal,619
PUMPKIN,cayenne,normal,619
PUMPKIN,"CHEESE: feta, Gruyère, Parmesan",recommended,619
PUMPKIN,chile peppers,normal,619
PUMPKIN,"chocolate, white",normal,619
PUMPKIN,cilantro,normal,619
PUMPKIN,CINNAMON,very_highly_recommended,619
PUMPKIN,CLOVES,very_highly_recommended,619
PUMPKIN,coconut,normal,619
PUMPKIN,cognac,normal,619
PUMPKIN,cranberries,recommended,619
PUMPKIN,CREAM,very_highly_recommended,619
PUMPKIN,cream cheese,recommended,619
PUMPKIN,crème anglaise,normal,619
PUMPKIN,crème fraîche,normal,619
PUMPKIN,"Pumpkin, Brown Sugar, and Tempura with Cinnamon Fragrance",recommended,620
PUMPKIN,"Pumpkin “Lune” with Butter, Sage, and Amaretti",recommended,620
PUMPKIN,Vinaigrette,recommended,620
PUMPKIN,cumin,normal,620
PUMPKIN,curry,normal,620
PUMPKIN,custard,normal,620
PUMPKIN,duck,normal,620
PUMPKIN,garlic,recommended,620
PUMPKIN,"GINGER: fresh, ground",recommended,621
PUMPKIN,hazelnuts,normal,621
PUMPKIN,honey,normal,621
PUMPKIN,Italian cuisine,normal,621
PUMPKIN,kumquats,normal,621
PUMPKIN,"lemon, juice",recommended,621
PUMPKIN,"lime, juice",normal,621
PUMPKIN,lobster,normal,621
PUMPKIN,mace,normal,621
PUMPKIN,maple syrup,normal,621
PUMPKIN,marjoram,normal,621
PUMPKIN,molasses,normal,621
PUMPKIN,mushrooms,normal,621
PUMPKIN,NUTMEG,very_highly_recommended,621
PUMPKIN,nuts,normal,621
PUMPKIN,oatmeal,normal,621
PUMPKIN,"oil: sesame, vegetable",recommended,621
PUMPKIN,olive oil,recommended,621
PUMPKIN,"onions: red, white",recommended,621
PUMPKIN,"orange: juice, zest",recommended,621
PUMPKIN,"orange liqueur (e.g., Grand Marnier)",normal,621
PUMPKIN,oysters,normal,621
PUMPKIN,"pasta (e.g., ravioli, tortelli)",normal,621
PUMPKIN,pecans,normal,621
PUMPKIN,"pepper: black, white",recommended,621
PUMPKIN,pine nuts,normal,621
PUMPKIN,pork,normal,621
PUMPKIN,potatoes,normal,621
PUMPKIN,"pumpkin: oil, seeds",recommended,621
PUMPKIN,radicchio,normal,621
PUMPKIN,raisins,recommended,621
PUMPKIN,risotto,normal,621
PUMPKIN,rosemary,normal,621
PUMPKIN,"rum, esp. dark",recommended,621
PUMPKIN,SAGE,very_highly_recommended,621
PUMPKIN,"salt, kosher",recommended,621
PUMPKIN,scallops,normal,621
PUMPKIN,shrimp,normal,621
PUMPKIN,soups,normal,621
PUMPKIN,sour cream,normal,621
PUMPKIN,stews,normal,622
PUMPKIN,"stock, chicken",normal,622
PUMPKIN,"SUGAR: brown, white",recommended,622
PUMPKIN,sweet potatoes,normal,622
PUMPKIN,Thanksgiving,normal,622
PUMPKIN,thyme,recommended,622
PUMPKIN,turnips,normal,622
PUMPKIN,vanilla,recommended,622
PUMPKIN,"vinegar, balsamic",normal,622
PUMPKIN,walnuts,normal,622
PUMPKIN,"wine, dry white",normal,622
PUMPKIN,"wine, sweet",normal,622
PUMPKIN,yogurt,normal,622
PUMPKIN SEEDS,caramel,normal,623
PUMPKIN SEEDS,"chile peppers, jalapeño",normal,623
PUMPKIN SEEDS,cilantro,normal,623
PUMPKIN SEEDS,coriander,normal,623
PUMPKIN SEEDS,cumin,normal,623
PUMPKIN SEEDS,Mexican cuisine,normal,623
PUMPKIN SEEDS,salt,normal,623
PURSLANE,"beans, green",normal,623
PURSLANE,cucumber,normal,623
PURSLANE,garlic,normal,623
PURSLANE,"herbs: chervil, cilantro, mint",normal,623
PURSLANE,olive oil,normal,623
PURSLANE,smoked trout,normal,623
PURSLANE,tomatoes,normal,623
PURSLANE,"vinegar, white wine",normal,623
PURSLANE,yogurt,normal,623
QUAIL,almonds,normal,624
QUAIL,anchovies,normal,624
QUAIL,anisette,normal,624
QUAIL,apples,normal,624
QUAIL,arugula,normal,624
QUAIL,bacon,recommended,624
QUAIL,Ligurian olive oil.,normal,624
QUAIL,bay leaf,recommended,624
QUAIL,"bell peppers, esp. red",normal,624
QUAIL,bourbon,normal,624
QUAIL,brandy,recommended,624
QUAIL,"butter, unsalted",normal,624
QUAIL,capers,normal,624
QUAIL,cardamom,normal,624
QUAIL,carrots,normal,624
QUAIL,chard,normal,624
QUAIL,chestnuts,normal,624
QUAIL,chicken livers,normal,624
QUAIL,"chile peppers, esp. green",normal,624
QUAIL,chili powder,normal,624
QUAIL,cinnamon,normal,624
QUAIL,cloves,normal,624
QUAIL,coconut,normal,624
QUAIL,cognac,normal,624
QUAIL,coriander,normal,624
QUAIL,cream,normal,624
QUAIL,cumin,normal,624
QUAIL,currants,normal,624
QUAIL,curries,normal,624
QUAIL,dandelion greens,normal,624
QUAIL,fennel,normal,624
QUAIL,figs,normal,624
QUAIL,foie gras,normal,624
QUAIL,frisée,normal,625
QUAIL,garlic,recommended,625
QUAIL,"ginger, fresh or ground",normal,625
QUAIL,"grapes, esp. seedless",normal,625
QUAIL,ham,normal,625
QUAIL,honey,normal,625
QUAIL,Italian cuisine,normal,625
QUAIL,leeks,normal,625
QUAIL,"lemon, juice",recommended,625
QUAIL,lentils,normal,625
QUAIL,maple syrup,normal,625
QUAIL,marjoram,normal,625
QUAIL,mint,normal,625
QUAIL,molasses,normal,625
QUAIL,"mushrooms, wild",recommended,625
QUAIL,"mustard, Dijon",recommended,625
QUAIL,"OIL: canola, peanut, sesame, vegetable",recommended,625
QUAIL,olive oil,recommended,625
QUAIL,"onions, spring",recommended,625
QUAIL,"orange: juice, zest",normal,625
QUAIL,oysters,normal,625
QUAIL,pancetta,recommended,625
QUAIL,"parsley, flat-leaf",recommended,625
QUAIL,pears,normal,625
QUAIL,peas,normal,625
QUAIL,"pepper, black, pink",recommended,625
QUAIL,pine nuts,recommended,625
QUAIL,pistachios,normal,625
QUAIL,polenta,normal,625
QUAIL,pomegranates and pomegranate molasses,normal,625
QUAIL,"potatoes, esp. creamer",normal,625
QUAIL,prosciutto,normal,625
QUAIL,rosemary,recommended,625
QUAIL,saffron,normal,625
QUAIL,sage,normal,625
QUAIL,salsify,normal,625
QUAIL,salt,recommended,625
QUAIL,sausage,recommended,625
QUAIL,Chanterelle Mushrooms,recommended,626
QUAIL,Applewood-Smoked Bacon,recommended,626
QUAIL,Pan-Fried Coriander Quail Cakes with Coconut Curried Vegetables,recommended,626
QUAIL,scallions,normal,626
QUAIL,shallots,normal,626
QUAIL,sherry,normal,626
QUAIL,soy sauce,normal,626
QUAIL,"stocks: chicken, vegetable",recommended,626
QUAIL,stuffing,normal,626
QUAIL,"sugar, brown",normal,626
QUAIL,sumac,normal,626
QUAIL,Tabasco sauce,normal,626
QUAIL,tamarind,normal,626
QUAIL,tarragon,normal,626
QUAIL,THYME,very_highly_recommended,626
QUAIL,tomato paste,normal,626
QUAIL,"truffles, white",normal,626
QUAIL,vinaigrette,normal,626
QUAIL,"VINEGAR: balsamic, red wine, sherry",recommended,626
QUAIL,walnuts,normal,626
QUAIL,"wine: red, white",recommended,626
QUATRE ÉPICES,"beef, esp. braised",normal,627
QUATRE ÉPICES,charcuterie,normal,627
QUATRE ÉPICES,duck,normal,627
QUATRE ÉPICES,foie gras,normal,627
QUATRE ÉPICES,French cuisine,normal,627
QUATRE ÉPICES,game,normal,627
QUATRE ÉPICES,pâté,normal,627
QUATRE ÉPICES,sausages,normal,627
QUATRE ÉPICES,soups,normal,627
QUATRE ÉPICES,stews,normal,627
QUATRE ÉPICES,vegetables,normal,627
QUATRE ÉPICES,"venison, esp. braised",normal,627
QUINCE,almonds,normal,627
QUINCE,"APPLES: fruit, juice",holy_grail,627
QUINCE,Armagnac,normal,627
QUINCE,bay leaf,normal,627
QUINCE,beef,normal,627
QUINCE,brandy,normal,627
QUINCE,"butter, unsalted",normal,627
QUINCE,Calvados,normal,627
QUINCE,caramel,normal,627
QUINCE,cardamom,normal,627
QUINCE,"CHEESE, ESP. GOAT, MANCHEGO, RICOTTA, and esp. with quince paste",recommended,627
QUINCE,cherries,normal,627
QUINCE,chicken,normal,627
QUINCE,cinnamon,recommended,628
QUINCE,cloves,normal,628
QUINCE,cranberries,normal,628
QUINCE,cream and ice cream,normal,628
QUINCE,custards,normal,628
QUINCE,dates,normal,628
QUINCE,"figs, esp. dried",normal,628
QUINCE,"fruits, dried, esp. apricots, cherries, plums",normal,628
QUINCE,ginger,recommended,628
QUINCE,hazelnuts,normal,628
QUINCE,honey,recommended,628
QUINCE,jams and jellies,normal,628
QUINCE,kumquats,normal,628
QUINCE,lamb,normal,628
QUINCE,"lemon, juice",recommended,628
QUINCE,"liqueurs, nut",normal,628
QUINCE,maple syrup,recommended,628
QUINCE,mascarpone,normal,628
QUINCE,meats,normal,628
QUINCE,nutmeg,normal,628
QUINCE,Caramel,recommended,628
QUINCE,Quince-Filled Maple-Whiskey Cake with Goat Cheese Ice Cream,recommended,628
QUINCE,better than an apple or a pear.,normal,628
QUINCE,orange,normal,628
QUINCE,PEARS,holy_grail,628
QUINCE,pecans,normal,628
QUINCE,"pepper, black",normal,628
QUINCE,"pies (e.g., apple)",normal,628
QUINCE,pistachios,normal,629
QUINCE,poultry,normal,629
QUINCE,raisins,normal,629
QUINCE,raspberries,normal,629
QUINCE,Spanish cuisine (quince paste),normal,629
QUINCE,star anise,normal,629
QUINCE,"sugar: brown, white",recommended,629
QUINCE,vanilla,recommended,629
QUINCE,walnuts,normal,629
QUINCE,whiskey,normal,629
QUINCE,"wine: red, sweet",normal,629
QUINCE,"wine, white, e.g., Riesling",recommended,629
QUINCE,yogurt,normal,629
RABBIT,almonds,normal,629
RABBIT,apples,normal,629
RABBIT,artichokes,recommended,629
RABBIT,arugula,normal,629
RABBIT,"asparagus, white",normal,629
RABBIT,"BACON, esp. smoked",very_highly_recommended,629
RABBIT,barbecue sauce,normal,629
RABBIT,basil,normal,629
RABBIT,bay leaf,recommended,629
RABBIT,"beans: fava, green, white",normal,629
RABBIT,beer,normal,629
RABBIT,bell peppers,normal,629
RABBIT,brandy,normal,629
RABBIT,bread crumbs,normal,629
RABBIT,"butter, unsalted",recommended,629
RABBIT,"cabbage, esp. red",recommended,629
RABBIT,carrots,recommended,629
RABBIT,cayenne,normal,629
RABBIT,celery root,normal,629
RABBIT,cherries,normal,629
RABBIT,chervil,recommended,629
RABBIT,"chiles, esp. Thai",normal,629
RABBIT,chives,normal,630
RABBIT,"chocolate, esp. dark",normal,630
RABBIT,cider,normal,630
RABBIT,cilantro,normal,630
RABBIT,cinnamon,normal,630
RABBIT,cloves,normal,630
RABBIT,coconut milk,normal,630
RABBIT,Turnips,recommended,630
RABBIT,"Rabbit Consommé, Morels, Pea, and Lavender Emulsion",recommended,630
RABBIT,coriander,normal,630
RABBIT,corn,normal,630
RABBIT,cream,recommended,630
RABBIT,cumin,normal,630
RABBIT,"currants (e.g., currant jelly)",normal,630
RABBIT,"curry paste, Thai yellow",normal,630
RABBIT,fennel leaves,normal,630
RABBIT,fennel seeds,normal,630
RABBIT,"fish sauce, Thai",normal,630
RABBIT,French cuisine,normal,630
RABBIT,GARLIC,very_highly_recommended,630
RABBIT,ginger,normal,630
RABBIT,hazelnuts,normal,630
RABBIT,Italian cuisine,normal,630
RABBIT,leeks,normal,630
RABBIT,"lemon: juice, zest",normal,630
RABBIT,lemongrass,normal,631
RABBIT,"lime: juice, leaves",normal,631
RABBIT,Marsala,normal,631
RABBIT,Mediterranean cuisine,normal,631
RABBIT,mint,normal,631
RABBIT,mirepoix,normal,631
RABBIT,mushrooms,recommended,631
RABBIT,"MUSTARD: Dijon, dry",recommended,631
RABBIT,"OIL: canola, grapeseed, hazelnut, peanut, vegetable, walnut",recommended,631
RABBIT,olive oil,recommended,631
RABBIT,"olives, esp. green, black, kalamata",normal,631
RABBIT,"ONIONS, esp. pearl, Spanish, yellow",very_highly_recommended,631
RABBIT,"orange, zest",normal,631
RABBIT,oregano,recommended,631
RABBIT,pancetta,normal,631
RABBIT,"paprika: smoked, sweet",normal,631
RABBIT,"parsley, flat-leaf",recommended,631
RABBIT,"pasta/noodles, egg",recommended,631
RABBIT,"PEPPER: black, pink, white",recommended,631
RABBIT,pine nuts,normal,631
RABBIT,plums,normal,631
RABBIT,port,normal,631
RABBIT,potatoes,normal,631
RABBIT,prunes,recommended,631
RABBIT,rice and risotto,normal,631
RABBIT,rosemary,recommended,631
RABBIT,saffron,normal,631
RABBIT,sage,recommended,631
RABBIT,"salt: kosher, sea",recommended,631
RABBIT,sesame seeds,normal,631
RABBIT,shallots,recommended,631
RABBIT,soy sauce,normal,631
RABBIT,spinach,normal,631
RABBIT,star anise,normal,632
RABBIT,"STOCKS: chicken, rabbit, veal",recommended,632
RABBIT,sugar (pinch),normal,632
RABBIT,Tabasco sauce,normal,632
RABBIT,tarragon,normal,632
RABBIT,THYME,very_highly_recommended,632
RABBIT,tomatoes and tomato paste,recommended,632
RABBIT,vegetable puree,normal,632
RABBIT,"VINEGAR: balsamic, cider, red wine, sherry, white wine",recommended,632
RABBIT,"WINE: dry red, dry white (e.g., Riesling), Champagne",recommended,632
RADICCHIO,anchovies,normal,632
RADICCHIO,apples,normal,632
RADICCHIO,arugula,normal,632
RADICCHIO,bacon,normal,632
RADICCHIO,"beans, esp. shell, white",normal,632
RADICCHIO,beef,normal,632
RADICCHIO,butter,normal,632
RADICCHIO,capers,normal,632
RADICCHIO,"CHEESE, esp. pungent and/or Asiago, blue, dry Jack, feta, Gorgonzola, Gruyère, PARMESAN",very_highly_recommended,632
RADICCHIO,"chicken, esp. roasted",normal,632
RADICCHIO,chives,normal,632
RADICCHIO,duck,normal,632
RADICCHIO,"eggs, esp. hard-boiled",normal,632
RADICCHIO,endive,recommended,632
RADICCHIO,fennel,normal,632
RADICCHIO,figs,normal,632
RADICCHIO,fish,normal,632
RADICCHIO,garlic,recommended,633
RADICCHIO,horseradish,normal,633
RADICCHIO,ITALIAN CUISINE,very_highly_recommended,633
RADICCHIO,lamb,normal,633
RADICCHIO,"lemon: juice, zest",recommended,633
RADICCHIO,"lime, juice",normal,633
RADICCHIO,lobster,normal,633
RADICCHIO,"mushrooms, wild",normal,633
RADICCHIO,"mustard, Dijon",recommended,633
RADICCHIO,"oil, corn",normal,633
RADICCHIO,OLIVE OIL,very_highly_recommended,633
RADICCHIO,"onions, red",recommended,633
RADICCHIO,"orange: juice, zest",normal,633
RADICCHIO,pancetta,normal,633
RADICCHIO,"parsley, flat-leaf",normal,633
RADICCHIO,pasta,normal,633
RADICCHIO,pears,normal,633
RADICCHIO,pecans,normal,633
RADICCHIO,"pepper: black, white",recommended,633
RADICCHIO,pine nuts,normal,633
RADICCHIO,pizza,normal,633
RADICCHIO,pork,normal,633
RADICCHIO,poultry,normal,633
RADICCHIO,prosciutto,recommended,633
RADICCHIO,pumpkin and pumpkin oil,normal,633
RADICCHIO,red pepper flakes,normal,633
RADICCHIO,risotto,normal,633
RADICCHIO,rosemary,normal,633
RADICCHIO,salads and salad dressings,recommended,633
RADICCHIO,salami,normal,633
RADICCHIO,SALT,very_highly_recommended,633
RADICCHIO,"seafood, esp. grilled or roasted",normal,633
RADICCHIO,shallots,normal,633
RADICCHIO,shrimp,normal,633
RADICCHIO,squab,normal,633
RADICCHIO,"VINEGAR: BALSAMIC, red wine, sherry",recommended,633
RADICCHIO,walnuts,normal,633
RADICCHIO,"wine, dry white",normal,633
RADISHES,anchovies,normal,634
RADISHES,avocados,normal,634
RADISHES,basil,normal,634
RADISHES,"bread: French, rye",normal,634
RADISHES,"BUTTER, esp. sweet",very_highly_recommended,634
RADISHES,celery,normal,634
RADISHES,"cheese, esp. blue, feta",normal,634
RADISHES,chervil,normal,634
RADISHES,chives,recommended,634
RADISHES,cilantro,normal,634
RADISHES,crab,normal,634
RADISHES,cream,normal,634
RADISHES,cream cheese,recommended,634
RADISHES,cucumbers,normal,635
RADISHES,curry powder,normal,635
RADISHES,dill,normal,635
RADISHES,fennel,normal,635
RADISHES,"fish, esp. white",normal,635
RADISHES,"lemon, juice",recommended,635
RADISHES,lettuces,normal,635
RADISHES,lobster,normal,635
RADISHES,lovage,normal,635
RADISHES,marjoram,normal,635
RADISHES,mint,recommended,635
RADISHES,olive oil,normal,635
RADISHES,onions,normal,635
RADISHES,"orange: fruit, juice",normal,635
RADISHES,oregano,normal,635
RADISHES,"parsley, flat-leaf",recommended,635
RADISHES,pears,normal,635
RADISHES,pecans,normal,635
RADISHES,pepper,recommended,635
RADISHES,rosemary,normal,635
RADISHES,salads,normal,635
RADISHES,"SALT, esp. SEA",very_highly_recommended,635
RADISHES,scallions,recommended,635
RADISHES,sesame oil,normal,635
RADISHES,shallots,normal,635
RADISHES,shrimp,normal,635
RADISHES,soy sauce,normal,635
RADISHES,tamari,normal,635
RADISHES,thyme,recommended,635
RADISHES,vinaigrettes,normal,635
RADISHES,"VINEGAR: cider, white wine",recommended,635
RAISINS,allspice,normal,635
RAISINS,almonds,recommended,635
RAISINS,anise,normal,635
RAISINS,apples,normal,635
RAISINS,"apricots, dried",normal,636
RAISINS,"baked goods (e.g., cookies)",normal,636
RAISINS,bananas,normal,636
RAISINS,brandy,normal,636
RAISINS,"breakfast (e.g., cereals, oatmeal)",recommended,636
RAISINS,"butter, unsalted",normal,636
RAISINS,buttermilk,normal,636
RAISINS,caramel,normal,636
RAISINS,carrots,normal,636
RAISINS,"cheese: goat, ricotta",normal,636
RAISINS,chestnuts,normal,636
RAISINS,"chocolate: dark, white",normal,636
RAISINS,cinnamon,recommended,636
RAISINS,cloves,normal,636
RAISINS,cognac,normal,636
RAISINS,crème fraîche,normal,636
RAISINS,currants,normal,636
RAISINS,custard,normal,636
RAISINS,dates,normal,636
RAISINS,desserts,recommended,636
RAISINS,"figs, dried",normal,636
RAISINS,ginger,recommended,636
RAISINS,hazelnuts,normal,636
RAISINS,honey,normal,636
RAISINS,ice cream,normal,636
RAISINS,Indian cuisine,normal,636
RAISINS,"Italian cuisine, esp. Venetian",normal,636
RAISINS,"lemon: juice, zest",recommended,636
RAISINS,"liqueurs, nut",normal,636
RAISINS,maple syrup,normal,636
RAISINS,mascarpone,normal,636
RAISINS,mole sauces,normal,636
RAISINS,Moroccan cuisine,normal,636
RAISINS,nutmeg,normal,636
RAISINS,nuts,recommended,636
RAISINS,oatmeal,normal,636
RAISINS,"orange: juice, zest",recommended,636
RAISINS,peanuts,normal,636
RAISINS,pears,normal,636
RAISINS,pecans,normal,636
RAISINS,pine nuts,normal,636
RAISINS,pistachios,normal,636
RAISINS,prunes,normal,637
RAISINS,pumpkin,normal,637
RAISINS,quince,normal,637
RAISINS,raisins,normal,637
RAISINS,"rice (e.g., pudding)",normal,637
RAISINS,RUM,very_highly_recommended,637
RAISINS,salads,normal,637
RAISINS,sour cream,normal,637
RAISINS,Southern Comfort,normal,637
RAISINS,stuffings,normal,637
RAISINS,"sugar: brown, white",recommended,637
RAISINS,sweet potatoes,normal,637
RAISINS,vanilla,recommended,637
RAISINS,walnuts,recommended,637
RAISINS,whiskey,normal,637
RAISINS,"wine: red, sweet, white",recommended,637
RAISINS,yogurt,normal,637
RASPBERRIES,almonds,recommended,638
RASPBERRIES,apricots,normal,638
RASPBERRIES,beverages,normal,638
RASPBERRIES,blackberries,recommended,638
RASPBERRIES,blueberries,recommended,638
RASPBERRIES,"brandy, esp. berry-flavored",normal,638
RASPBERRIES,buttermilk,normal,638
RASPBERRIES,caramel,normal,638
RASPBERRIES,Champagne,recommended,638
RASPBERRIES,"cheese: goat, ricotta",normal,638
RASPBERRIES,"CHOCOLATE, ESP. DARK (say some)",very_highly_recommended,638
RASPBERRIES,"CHOCOLATE, WHITE",holy_grail,638
RASPBERRIES,cinnamon,normal,638
RASPBERRIES,cloves,normal,638
RASPBERRIES,cognac,normal,638
RASPBERRIES,"Spaghetti with Local Ramps, American Speck, and Parmesan",recommended,639
RASPBERRIES,Cointreau,normal,639
RASPBERRIES,"corn syrup, light",normal,639
RASPBERRIES,CREAM,very_highly_recommended,639
RASPBERRIES,crème anglaise,normal,639
RASPBERRIES,crème fraîche,normal,639
RASPBERRIES,"currants, esp. red",normal,639
RASPBERRIES,custard,recommended,639
RASPBERRIES,desserts,normal,639
RASPBERRIES,"figs, esp. fresh",normal,639
RASPBERRIES,Framboise,recommended,639
RASPBERRIES,ginger,normal,639
RASPBERRIES,graham crackers,normal,639
RASPBERRIES,Grand Marnier,recommended,639
RASPBERRIES,grapefruit,normal,639
RASPBERRIES,grapes,normal,639
RASPBERRIES,hazelnuts,recommended,639
RASPBERRIES,honey,normal,639
RASPBERRIES,"ICE CREAM, vanilla",recommended,639
RASPBERRIES,jams,normal,639
RASPBERRIES,Kirsch,recommended,639
RASPBERRIES,"LEMON: juice, zest",recommended,639
RASPBERRIES,lemon verbena,normal,639
RASPBERRIES,"lime: juice, zest",recommended,639
RASPBERRIES,"liqueurs, esp. berry, nut",normal,639
RASPBERRIES,macadamia nuts,normal,639
RASPBERRIES,mangoes,normal,639
RASPBERRIES,maple syrup,normal,639
RASPBERRIES,mascarpone,normal,639
RASPBERRIES,melon,normal,639
RASPBERRIES,meringue,recommended,639
RASPBERRIES,"milk, sweetened condensed",normal,639
RASPBERRIES,mint (garnish),recommended,639
RASPBERRIES,nectarines,recommended,639
RASPBERRIES,oatmeal,normal,639
RASPBERRIES,"orange: juice, zest",recommended,639
RASPBERRIES,peaches,recommended,639
RASPBERRIES,peanuts,normal,639
RASPBERRIES,pears,normal,640
RASPBERRIES,pecans,normal,640
RASPBERRIES,pineapple,normal,640
RASPBERRIES,pine nuts,normal,640
RASPBERRIES,pistachios,normal,640
RASPBERRIES,plums,normal,640
RASPBERRIES,quince,normal,640
RASPBERRIES,raspberry preserves,normal,640
RASPBERRIES,rhubarb,normal,640
RASPBERRIES,"rum, dark",normal,640
RASPBERRIES,"salads: fruit, green",normal,640
RASPBERRIES,Flambéed Peaches with Crepes and Raspberry-Lemon Ice Cream,recommended,640
RASPBERRIES,Raspberry Mousse and Star Anise Tuile,recommended,640
RASPBERRIES,Pistachio Crème Anglaise,recommended,640
RASPBERRIES,"salt, sea",normal,640
RASPBERRIES,sauces,normal,640
RASPBERRIES,sour cream,normal,640
RASPBERRIES,star anise,normal,640
RASPBERRIES,strawberries,recommended,640
RASPBERRIES,"SUGAR: brown, white",recommended,640
RASPBERRIES,tequila,normal,640
RASPBERRIES,"wine: red, sweet (e.g., Riesling)",normal,640
RASPBERRIES,VANILLA,very_highly_recommended,640
RASPBERRIES,yogurt,recommended,640
RASPBERRIES,"chocolate, dark (say some)",avoid,640
RHUBARB,almonds,normal,641
RHUBARB,ANGELICA,very_highly_recommended,641
RHUBARB,apples,normal,641
RHUBARB,bay leaf,normal,641
RHUBARB,berries,normal,641
RHUBARB,blood orange,normal,641
RHUBARB,brandy,normal,641
RHUBARB,"butter, unsalted",recommended,641
RHUBARB,buttermilk,normal,641
RHUBARB,caramel,recommended,641
RHUBARB,cardamom,normal,641
RHUBARB,"cheese: blue, Stilton",normal,641
RHUBARB,chives,normal,641
RHUBARB,"chocolate, white",normal,641
RHUBARB,cinnamon,recommended,641
RHUBARB,citrus fruits,normal,641
RHUBARB,cloves,normal,641
RHUBARB,CREAM AND ICE CREAM,very_highly_recommended,641
RHUBARB,cream cheese,normal,641
RHUBARB,crème fraîche,recommended,641
RHUBARB,"crust: pastry, pie",normal,641
RHUBARB,custard,normal,641
RHUBARB,duck,normal,641
RHUBARB,eggs,normal,641
RHUBARB,fennel,normal,641
RHUBARB,"fish, mild",recommended,641
RHUBARB,foie gras,normal,642
RHUBARB,fruit,normal,642
RHUBARB,game birds,normal,642
RHUBARB,garlic,normal,642
RHUBARB,"GINGER: fresh, crystallized, powdered",recommended,642
RHUBARB,Grand Marnier,normal,642
RHUBARB,grapefruit,normal,642
RHUBARB,grenadine,normal,642
RHUBARB,hazelnuts,normal,642
RHUBARB,honey,recommended,642
RHUBARB,Kirsch,normal,642
RHUBARB,"lemon: juice, zest",recommended,642
RHUBARB,"lime: juice, zest",normal,642
RHUBARB,liver,normal,642
RHUBARB,maple syrup,normal,642
RHUBARB,mascarpone,normal,642
RHUBARB,"mint, esp. spearmint",normal,642
RHUBARB,nutmeg,normal,642
RHUBARB,oatmeal,normal,642
RHUBARB,"oil, peanut",normal,642
RHUBARB,onions,normal,642
RHUBARB,"orange, juice",recommended,642
RHUBARB,pecans,normal,642
RHUBARB,"pepper, black",normal,642
RHUBARB,pies,normal,642
RHUBARB,plums,normal,642
RHUBARB,pork,normal,642
RHUBARB,port,normal,642
RHUBARB,raspberries,recommended,642
RHUBARB,"salt: kosher, sea",normal,642
RHUBARB,sour cream,normal,642
RHUBARB,STRAWBERRIES,holy_grail,642
RHUBARB,"SUGAR: BROWN, CONFECTIONERS’, WHITE",very_highly_recommended,642
RHUBARB,trout,normal,642
RHUBARB,Ricotta Cheesecake with Rhubarb and Sweet Vanilla Cream,recommended,642
RHUBARB,Rhubarb Stilton and Port Wine Reduction Chocolate,recommended,642
RHUBARB,"Rhubarb Consommé, Vanilla-Poached Rhubarb, Strawberry Crisp",recommended,643
RHUBARB,Ginger–Crème Fraîche Ice Cream,recommended,643
RHUBARB,Rhubarb Napoleon with Mascarpone Cream and Fennel Compote,recommended,643
RHUBARB,Old-Fashioned Rhubarb Crisp with Cinnamon-Walnut Ice Cream,recommended,643
RHUBARB,Rhubarb and Angelica Pie,recommended,643
RHUBARB,Rhubarb-Mint Cobbler,recommended,643
RHUBARB,VANILLA,very_highly_recommended,643
RHUBARB,verbena,normal,643
RHUBARB,vinaigrette,normal,643
RHUBARB,"vinegar: cider, raspberry",normal,643
RHUBARB,wild rice,normal,643
RHUBARB,"wine, sweet white (e.g., Riesling)",normal,643
RHUBARB,yogurt,normal,643
"RICE, WHITE — IN GENERAL",anise,normal,644
"RICE, WHITE — IN GENERAL",bacon,normal,644
"RICE, WHITE — IN GENERAL",beans,normal,644
"RICE, WHITE — IN GENERAL","butter, unsalted",recommended,644
"RICE, WHITE — IN GENERAL",chicken,normal,644
"RICE, WHITE — IN GENERAL",cinnamon,normal,644
"RICE, WHITE — IN GENERAL",coconut and coconut milk,recommended,644
"RICE, WHITE — IN GENERAL",cream / milk,normal,644
"RICE, WHITE — IN GENERAL",curry powder,normal,644
"RICE, WHITE — IN GENERAL",fish,normal,644
"RICE, WHITE — IN GENERAL","fish sauce, Thai",normal,644
"RICE, WHITE — IN GENERAL",garlic,normal,644
"RICE, WHITE — IN GENERAL","ginger, fresh",normal,644
"RICE, WHITE — IN GENERAL","lemon, zest",normal,644
"RICE, WHITE — IN GENERAL",meats,normal,644
"RICE, WHITE — IN GENERAL","nuts: almonds, pecans, pistachios, walnuts",normal,644
"RICE, WHITE — IN GENERAL",onions,normal,644
"RICE, WHITE — IN GENERAL",peas,normal,644
"RICE, WHITE — IN GENERAL",raisins,normal,644
"RICE, WHITE — IN GENERAL",rhubarb,normal,644
"RICE, WHITE — IN GENERAL",SAFFRON,very_highly_recommended,644
"RICE, WHITE — IN GENERAL",salt,normal,644
"RICE, WHITE — IN GENERAL",shellfish,normal,644
"RICE, WHITE — IN GENERAL",shrimp,normal,644
"RICE, WHITE — IN GENERAL","stocks: chicken, vegetable",normal,644
"RICE, WHITE — IN GENERAL",sugar,normal,644
"RICE, WHITE — IN GENERAL",tomatoes,normal,644
"RICE, WHITE — IN GENERAL",vegetables,normal,644
"RICE, ARBORIO OR CARNAROLI (aka risotto)",arugula,normal,645
"RICE, ARBORIO OR CARNAROLI (aka risotto)",asparagus,normal,645
"RICE, ARBORIO OR CARNAROLI (aka risotto)",bacon,normal,645
"RICE, ARBORIO OR CARNAROLI (aka risotto)",basil,normal,645
"RICE, ARBORIO OR CARNAROLI (aka risotto)","butter, unsalted",normal,645
"RICE, ARBORIO OR CARNAROLI (aka risotto)",celery,normal,645
"RICE, ARBORIO OR CARNAROLI (aka risotto)","cheese, Parmesan",recommended,645
"RICE, ARBORIO OR CARNAROLI (aka risotto)",chicken,normal,645
"RICE, ARBORIO OR CARNAROLI (aka risotto)","chile peppers, red",normal,645
"RICE, ARBORIO OR CARNAROLI (aka risotto)",chives,normal,645
"RICE, ARBORIO OR CARNAROLI (aka risotto)",crab,normal,645
"RICE, ARBORIO OR CARNAROLI (aka risotto)",fennel,normal,645
"RICE, ARBORIO OR CARNAROLI (aka risotto)",garlic,normal,645
"RICE, ARBORIO OR CARNAROLI (aka risotto)",Italian cuisine,normal,645
"RICE, ARBORIO OR CARNAROLI (aka risotto)",lemon,normal,645
"RICE, ARBORIO OR CARNAROLI (aka risotto)",lemon thyme,normal,645
"RICE, ARBORIO OR CARNAROLI (aka risotto)","lime, zest",normal,645
"RICE, ARBORIO OR CARNAROLI (aka risotto)","mushrooms (e.g., chanterelles, morels, shiitake)",recommended,645
"RICE, ARBORIO OR CARNAROLI (aka risotto)",mussels,normal,645
"RICE, ARBORIO OR CARNAROLI (aka risotto)",mustard seeds,normal,645
"RICE, ARBORIO OR CARNAROLI (aka risotto)",onions,recommended,645
"RICE, ARBORIO OR CARNAROLI (aka risotto)","parsley, flat-leaf",normal,645
"RICE, ARBORIO OR CARNAROLI (aka risotto)",peas,recommended,645
"RICE, ARBORIO OR CARNAROLI (aka risotto)","pepper, black",normal,645
"RICE, ARBORIO OR CARNAROLI (aka risotto)",prosciutto,normal,645
"RICE, ARBORIO OR CARNAROLI (aka risotto)",saffron,normal,645
"RICE, ARBORIO OR CARNAROLI (aka risotto)",scallions,normal,645
"RICE, ARBORIO OR CARNAROLI (aka risotto)",shallots,normal,645
"RICE, ARBORIO OR CARNAROLI (aka risotto)",shellfish,normal,645
"RICE, ARBORIO OR CARNAROLI (aka risotto)",shrimp,normal,645
"RICE, ARBORIO OR CARNAROLI (aka risotto)",sorrel,normal,645
"RICE, ARBORIO OR CARNAROLI (aka risotto)",squid,normal,645
"RICE, ARBORIO OR CARNAROLI (aka risotto)","stocks: chicken, fish, vegetable",recommended,645
"RICE, ARBORIO OR CARNAROLI (aka risotto)",tarragon,normal,645
"RICE, ARBORIO OR CARNAROLI (aka risotto)",thyme,normal,645
"RICE, ARBORIO OR CARNAROLI (aka risotto)",tomatoes,normal,645
"RICE, ARBORIO OR CARNAROLI (aka risotto)",truffles,normal,645
"RICE, ARBORIO OR CARNAROLI (aka risotto)",veal,normal,645
"RICE, ARBORIO OR CARNAROLI (aka risotto)",vermouth,normal,645
"RICE, ARBORIO OR CARNAROLI (aka risotto)",wine: dry red or white,recommended,645
"RICE, ARBORIO OR CARNAROLI (aka risotto)",zucchini blossoms,normal,645
"RICE, BASMATI",almonds,normal,646
"RICE, BASMATI",basil,normal,646
"RICE, BASMATI",bay leaves,normal,646
"RICE, BASMATI",bell peppers,normal,646
"RICE, BASMATI",butter,normal,646
"RICE, BASMATI",buttermilk,normal,646
"RICE, BASMATI",cardamom,normal,646
"RICE, BASMATI",chicken,normal,646
"RICE, BASMATI","chile peppers, esp. dried red",normal,646
"RICE, BASMATI",cinnamon,normal,646
"RICE, BASMATI",coconut,normal,647
"RICE, BASMATI",coriander,normal,647
"RICE, BASMATI",cream / milk,normal,647
"RICE, BASMATI",cumin,normal,647
"RICE, BASMATI",currants,normal,647
"RICE, BASMATI",curry leaves,normal,647
"RICE, BASMATI",fennel seeds,normal,647
"RICE, BASMATI",garam masala,normal,647
"RICE, BASMATI",garlic,normal,647
"RICE, BASMATI",ginger,normal,647
"RICE, BASMATI",Indian cuisine,recommended,647
"RICE, BASMATI",lamb,normal,647
"RICE, BASMATI",lemon,normal,647
"RICE, BASMATI","lime, juice",normal,647
"RICE, BASMATI",milk,normal,647
"RICE, BASMATI",mint,normal,647
"RICE, BASMATI",nuts,normal,647
"RICE, BASMATI","oil: canola, macadamia",normal,647
"RICE, BASMATI","onions, esp. green, red",recommended,647
"RICE, BASMATI",orange,normal,647
"RICE, BASMATI",peas,normal,647
"RICE, BASMATI","pepper: black, white",normal,647
"RICE, BASMATI",pistachios,normal,647
"RICE, BASMATI",potatoes,normal,647
"RICE, BASMATI","raisins, yellow",normal,647
"RICE, BASMATI",saffron,recommended,647
"RICE, BASMATI","salt, kosher",recommended,647
"RICE, BASMATI",spinach,normal,647
"RICE, BASMATI",sugar,normal,647
"RICE, BASMATI",thyme,normal,647
"RICE, BASMATI",tomatoes and tomato paste,normal,647
"RICE, WILD","butter, unsalted",recommended,647
"RICE, WILD",celery,normal,647
"RICE, WILD",game,normal,648
"RICE, WILD",game birds,normal,648
"RICE, WILD","lemon, zest",normal,648
"RICE, WILD",Midwestern American cuisine,normal,648
"RICE, WILD","oil: hazelnut, vegetable, walnut",recommended,648
"RICE, WILD",it simply with some grated cheese.,normal,648
"RICE, WILD","dressing, that would take just as long.",normal,648
"RICE, WILD",cook all the way through.,normal,648
"RICE, WILD",olive oil,normal,648
"RICE, WILD",onions,normal,648
"RICE, WILD","pepper, ground",recommended,648
"RICE, WILD",pine nuts,normal,648
"RICE, WILD",salt,normal,648
"RICE, WILD","sausage, smoked",normal,648
"RICE, WILD",scallions,recommended,648
"RICE, WILD","stock, chicken",normal,648
"RICE, WILD",tarragon,normal,648
"RICE, WILD",walnuts,normal,648
"RICE, WILD","wine, dry white",normal,648
RIESLING,apples,normal,649
RIESLING,"cheese, esp. blue, soft, triple crème",normal,649
RIESLING,chicken,normal,649
RIESLING,"curries, esp. milder",normal,649
RIESLING,duck,normal,649
RIESLING,fish,normal,649
RIESLING,"fruit, esp. summer",normal,649
RIESLING,"ham, esp. baked",normal,649
RIESLING,pork,normal,649
RIESLING,salads,normal,649
RIESLING,salmon,normal,649
RIESLING,"salmon, smoked",normal,649
RIESLING,scallops,normal,649
RIESLING,seafood,normal,649
RIESLING,shellfish,normal,649
RIESLING,"trout, esp. sautéed",normal,649
RIESLING,Rose and Almond Panna Cotta,recommended,649
ROASTED DISHES,"artichokes, Jerusalem",normal,650
ROASTED DISHES,beef,normal,650
ROASTED DISHES,beets,normal,650
ROASTED DISHES,carrots,normal,650
ROASTED DISHES,celery root,normal,650
ROASTED DISHES,chicken,normal,650
ROASTED DISHES,fennel,normal,650
ROASTED DISHES,ham,normal,650
ROASTED DISHES,lamb,normal,650
ROASTED DISHES,onions,normal,650
ROASTED DISHES,parsnips,normal,650
ROASTED DISHES,pork,normal,650
ROASTED DISHES,potatoes,normal,650
ROASTED DISHES,rutabagas,normal,650
ROASTED DISHES,shallots,normal,650
ROASTED DISHES,"squash, winter (e.g., butternut)",normal,650
ROASTED DISHES,turkey,normal,650
ROASTED DISHES,turnips,normal,650
ROASTED DISHES,"veal: loin, rib",normal,650
ROASTED DISHES,"vegetables, root",normal,650
ROASTED DISHES,venison,normal,650
ROASTED DISHES,yams,normal,650
"ROSE (Hips, Petals, Water)",almonds,normal,650
"ROSE (Hips, Petals, Water)","baked goods (e.g., cakes)",normal,650
"ROSE (Hips, Petals, Water)",cream / milk,normal,650
"ROSE (Hips, Petals, Water)",desserts,normal,650
"ROSE (Hips, Petals, Water)",fruit,normal,650
"ROSE (Hips, Petals, Water)",honey,normal,650
"ROSE (Hips, Petals, Water)",ice cream,normal,650
"ROSE (Hips, Petals, Water)",Indian cuisine desserts,normal,650
"ROSE (Hips, Petals, Water)",lemon,normal,650
"ROSE (Hips, Petals, Water)",lychee,normal,650
"ROSE (Hips, Petals, Water)",pistachios,normal,650
"ROSE (Hips, Petals, Water)",raspberries,normal,650
"ROSE (Hips, Petals, Water)",rice and rice pudding,normal,651
"ROSE (Hips, Petals, Water)",vanilla,normal,651
"ROSE (Hips, Petals, Water)",yogurt,normal,651
ROSEMARY,anchovies,normal,651
ROSEMARY,apples,normal,651
ROSEMARY,apricots,normal,651
ROSEMARY,asparagus,normal,651
ROSEMARY,bacon,normal,651
ROSEMARY,"baked goods (e.g., breads, cakes, cookies)",normal,651
ROSEMARY,bay leaf,normal,651
ROSEMARY,"BEANS, esp. dried, fava, white, green",very_highly_recommended,651
ROSEMARY,beef,normal,651
ROSEMARY,bell peppers,recommended,651
ROSEMARY,bouquet garni (key ingredient),recommended,651
ROSEMARY,braised dishes,normal,651
ROSEMARY,breads,recommended,651
ROSEMARY,Brussels sprouts,normal,651
ROSEMARY,butter,recommended,651
ROSEMARY,cabbage,recommended,651
ROSEMARY,carrots,normal,651
ROSEMARY,cauliflower,normal,651
ROSEMARY,celery,normal,651
ROSEMARY,"chicken, esp. grilled",recommended,651
ROSEMARY,chives,normal,651
ROSEMARY,cream,normal,651
ROSEMARY,cream cheese,normal,651
ROSEMARY,duck,recommended,651
ROSEMARY,eggs and egg dishes,recommended,651
ROSEMARY,eggplant,recommended,652
ROSEMARY,fennel,normal,652
ROSEMARY,figs,normal,652
ROSEMARY,"FISH, esp. grilled",very_highly_recommended,652
ROSEMARY,focaccia,normal,652
ROSEMARY,"French cuisine, esp. Provençal",recommended,652
ROSEMARY,fruit,normal,652
ROSEMARY,"game: rabbit, venison",recommended,652
ROSEMARY,GARLIC,holy_grail,652
ROSEMARY,gin,normal,652
ROSEMARY,grains,normal,652
ROSEMARY,"grapefruit: juice, zest",normal,652
ROSEMARY,grapes,normal,652
ROSEMARY,"grilled dishes, esp. meats, vegetables",recommended,652
ROSEMARY,herbes de Provence (key ingredient),normal,652
ROSEMARY,honey,normal,652
ROSEMARY,Italian cuisine,recommended,652
ROSEMARY,LAMB,holy_grail,652
ROSEMARY,lavender,recommended,652
ROSEMARY,"lemon: juice, zest",recommended,652
ROSEMARY,lemon verbena,normal,652
ROSEMARY,lentils,normal,652
ROSEMARY,"lime: juice, zest",normal,652
ROSEMARY,liver,normal,652
ROSEMARY,lovage,normal,652
ROSEMARY,mackerel,normal,652
ROSEMARY,marinades,normal,652
ROSEMARY,marjoram,recommended,652
ROSEMARY,"MEATS, esp. grilled, roasted",very_highly_recommended,652
ROSEMARY,Mediterranean cuisine,recommended,652
ROSEMARY,milk,normal,652
ROSEMARY,mint,normal,652
ROSEMARY,mushrooms,recommended,652
ROSEMARY,mussels,normal,652
ROSEMARY,octopus,normal,652
ROSEMARY,OLIVE OIL,very_highly_recommended,652
ROSEMARY,ONIONS,very_highly_recommended,652
ROSEMARY,orange: juice,recommended,652
ROSEMARY,oregano,recommended,652
ROSEMARY,parsley,recommended,652
ROSEMARY,parsnips,normal,652
ROSEMARY,pasta,normal,652
ROSEMARY,pears,normal,652
ROSEMARY,peas,recommended,652
ROSEMARY,"pepper, black",normal,652
ROSEMARY,pizza,normal,653
ROSEMARY,polenta,normal,653
ROSEMARY,PORK,very_highly_recommended,653
ROSEMARY,POTATOES,very_highly_recommended,653
ROSEMARY,poultry,recommended,653
ROSEMARY,radicchio,normal,653
ROSEMARY,rice,normal,653
ROSEMARY,risotto,normal,653
ROSEMARY,roasted meats,recommended,653
ROSEMARY,sage,recommended,653
ROSEMARY,salmon,normal,653
ROSEMARY,sardines,normal,653
ROSEMARY,sauces,recommended,653
ROSEMARY,savory,recommended,653
ROSEMARY,"scallops, esp. grilled",normal,653
ROSEMARY,Rosemary works with apples or pears.,recommended,653
ROSEMARY,Rosemary works well with citrus and honey.,recommended,653
ROSEMARY,shellfish,normal,653
ROSEMARY,sherry,normal,653
ROSEMARY,shrimp,recommended,653
ROSEMARY,soups,recommended,653
ROSEMARY,spinach,normal,654
ROSEMARY,"squash: summer, winter",normal,654
ROSEMARY,steaks,normal,654
ROSEMARY,stews,recommended,654
ROSEMARY,strawberries,normal,654
ROSEMARY,strongly flavored foods,normal,654
ROSEMARY,sweet potatoes,normal,654
ROSEMARY,swordfish,recommended,654
ROSEMARY,thyme,recommended,654
ROSEMARY,"TOMATOES, tomato juice, tomato sauce",recommended,654
ROSEMARY,tuna,recommended,654
ROSEMARY,veal,normal,654
ROSEMARY,"vegetables, esp. grilled, roasted",normal,654
ROSEMARY,"vinegar, balsamic",normal,654
ROSEMARY,wine,recommended,654
ROSEMARY,zucchini (say some),normal,654
ROSEMARY,corn,avoid,654
ROSEMARY,Middle Eastern cuisine,avoid,654
ROSEMARY,salads,avoid,654
ROSEMARY,zucchini (say some),avoid,654
RUM,"apples: fruit, juice",normal,654
RUM,"bananas: fruit, liqueur",recommended,654
RUM,butter,recommended,654
RUM,butterscotch,normal,654
RUM,Caribbean cuisine,recommended,654
RUM,carrot: juice,normal,654
RUM,chestnuts,normal,654
RUM,chocolate,normal,654
RUM,cinnamon,normal,654
RUM,Coca-Cola,recommended,655
RUM,"coconut: fruit, milk, water",recommended,655
RUM,cream and ice cream,normal,655
RUM,fruit juice,normal,655
RUM,ginger,recommended,655
RUM,grapefruit,normal,655
RUM,grenadine,recommended,655
RUM,LEMON: JUICE,very_highly_recommended,655
RUM,LIME: JUICE,very_highly_recommended,655
RUM,maple syrup,normal,655
RUM,maraschino liqueur,normal,655
RUM,mint,recommended,655
RUM,nutmeg,normal,655
RUM,nuts,normal,655
RUM,ORANGE: JUICE,very_highly_recommended,655
RUM,passion fruit,normal,655
RUM,pineapple,normal,655
RUM,pumpkin,normal,655
RUM,punch (key ingredient),normal,655
RUM,raisins,recommended,655
RUM,"SPICES: allspice, cinnamon, nutmeg, star anise",recommended,655
RUM,"SUGAR, ESP. BROWN",very_highly_recommended,655
RUM,tropical fruits,normal,655
RUM,vanilla,normal,655
RUM,"vermouth: dry, sweet",normal,655
RUSSIAN CUISINE,beets,recommended,655
RUSSIAN CUISINE,cabbage,recommended,655
RUSSIAN CUISINE,caraway seeds,normal,655
RUSSIAN CUISINE,caviar,recommended,655
RUSSIAN CUISINE,cilantro,normal,655
RUSSIAN CUISINE,cinnamon,normal,655
RUSSIAN CUISINE,cloves,normal,655
RUSSIAN CUISINE,cumin,normal,655
RUSSIAN CUISINE,dill,normal,656
RUSSIAN CUISINE,"fish: pickled, smoked",normal,656
RUSSIAN CUISINE,fruits and fruit sauces,normal,656
RUSSIAN CUISINE,garlic,normal,656
RUSSIAN CUISINE,ginger,normal,656
RUSSIAN CUISINE,herring,normal,656
RUSSIAN CUISINE,"lamb, grilled",normal,656
RUSSIAN CUISINE,"meats, skewered and grilled",normal,656
RUSSIAN CUISINE,mint,normal,656
RUSSIAN CUISINE,mushrooms,normal,656
RUSSIAN CUISINE,nutmeg,normal,656
RUSSIAN CUISINE,onions,normal,656
RUSSIAN CUISINE,paprika,normal,656
RUSSIAN CUISINE,parsley,normal,656
RUSSIAN CUISINE,"pepper, black",normal,656
RUSSIAN CUISINE,poppy seeds,normal,656
RUSSIAN CUISINE,potatoes,normal,656
RUSSIAN CUISINE,saffron,normal,656
RUSSIAN CUISINE,sausages,normal,656
RUSSIAN CUISINE,sour cream,recommended,656
RUSSIAN CUISINE,tarragon,normal,656
RUSSIAN CUISINE,vinegar,normal,656
RUSSIAN CUISINE,vodka,normal,656
RUSSIAN CUISINE,yogurt,normal,656
RUTABAGAS,allspice,normal,656
RUTABAGAS,apples,recommended,656
RUTABAGAS,basil,normal,656
RUTABAGAS,bay leaf,normal,656
RUTABAGAS,beets,normal,656
RUTABAGAS,broccoli,normal,656
RUTABAGAS,"butter, clarified",normal,656
RUTABAGAS,caraway seeds,normal,656
RUTABAGAS,cardamom,normal,656
RUTABAGAS,carrots,normal,656
RUTABAGAS,cayenne,normal,657
RUTABAGAS,celery,normal,657
RUTABAGAS,celery root,normal,657
RUTABAGAS,"cheese: blue, Gruyère, Parmesan",normal,657
RUTABAGAS,chives,normal,657
RUTABAGAS,cinnamon,normal,657
RUTABAGAS,cream,recommended,657
RUTABAGAS,cream cheese,normal,657
RUTABAGAS,Apple-Rutabaga Soup,recommended,657
RUTABAGAS,cumin,normal,657
RUTABAGAS,dill,normal,657
RUTABAGAS,duck,normal,657
RUTABAGAS,"garlic, esp. roasted",normal,657
RUTABAGAS,ginger,normal,657
RUTABAGAS,"greens, bitter",normal,657
RUTABAGAS,honey,normal,657
RUTABAGAS,lamb,normal,657
RUTABAGAS,leeks,normal,657
RUTABAGAS,"lemon, juice",recommended,657
RUTABAGAS,mace,normal,657
RUTABAGAS,maple syrup,normal,657
RUTABAGAS,marjoram,normal,657
RUTABAGAS,mustard,normal,657
RUTABAGAS,nutmeg,normal,657
RUTABAGAS,olive oil,normal,657
RUTABAGAS,onions,recommended,657
RUTABAGAS,"orange, zest",normal,657
RUTABAGAS,oregano,normal,657
RUTABAGAS,parsley,normal,657
RUTABAGAS,parsnips,normal,657
RUTABAGAS,pears,normal,657
RUTABAGAS,"pepper: black, white",normal,657
RUTABAGAS,pork,normal,657
RUTABAGAS,potatoes,recommended,657
RUTABAGAS,rabbit,normal,657
RUTABAGAS,raisins,normal,657
RUTABAGAS,rosemary,normal,657
RUTABAGAS,saffron,normal,657
RUTABAGAS,sage,normal,657
RUTABAGAS,salt,normal,657
RUTABAGAS,savory,normal,658
RUTABAGAS,scallions,normal,658
RUTABAGAS,soups,normal,658
RUTABAGAS,"squash, butternut",normal,658
RUTABAGAS,star anise,normal,658
RUTABAGAS,"stock, chicken",normal,658
RUTABAGAS,sweet potatoes,normal,658
RUTABAGAS,tarragon,normal,658
RUTABAGAS,thyme,recommended,658
RUTABAGAS,tomatoes,normal,658
RUTABAGAS,tuna,normal,658
RUTABAGAS,turnips,normal,658
RUTABAGAS,vanilla,normal,658
RUTABAGAS,vinaigrette / vinegar,normal,658
RUTABAGAS,watercress,normal,658
SAFFRON,anise,normal,659
SAFFRON,artichokes,normal,659
SAFFRON,asparagus,normal,659
SAFFRON,basil,normal,659
SAFFRON,beef,normal,659
SAFFRON,BOUILLABAISSE,very_highly_recommended,659
SAFFRON,breads,normal,659
SAFFRON,cardamom,recommended,659
SAFFRON,carrots,normal,659
SAFFRON,cheese,normal,659
SAFFRON,chicken,recommended,659
SAFFRON,cinnamon,recommended,659
SAFFRON,citrus,normal,659
SAFFRON,cloves,normal,659
SAFFRON,coriander,normal,659
SAFFRON,corn,normal,659
SAFFRON,couscous,recommended,659
SAFFRON,cream and ice cream,normal,659
SAFFRON,cumin,normal,659
SAFFRON,curries,normal,659
SAFFRON,custards,normal,659
SAFFRON,aromatizes the greens.,normal,659
SAFFRON,"a dish, there is too much.",normal,660
SAFFRON,eggplant,normal,660
SAFFRON,eggs,normal,660
SAFFRON,fennel,recommended,660
SAFFRON,FISH,very_highly_recommended,660
SAFFRON,fruit,normal,660
SAFFRON,game birds,normal,660
SAFFRON,garlic,recommended,660
SAFFRON,ginger,recommended,660
SAFFRON,halibut,normal,660
SAFFRON,ice cream,normal,660
SAFFRON,Indian cuisine,recommended,660
SAFFRON,Italian cuisine,normal,660
SAFFRON,lamb,normal,660
SAFFRON,leeks,normal,660
SAFFRON,mayonnaise,recommended,660
SAFFRON,meats,normal,660
SAFFRON,Mediterranean cuisine,recommended,660
SAFFRON,Middle Eastern cuisine,normal,660
SAFFRON,Moroccan cuisine,recommended,660
SAFFRON,mushrooms,normal,660
SAFFRON,mussels,normal,660
SAFFRON,North African cuisine,normal,660
SAFFRON,nutmeg,normal,660
SAFFRON,"onions, esp. Spanish, Vidalia",normal,660
SAFFRON,orange,normal,660
SAFFRON,paella,recommended,660
SAFFRON,paprika,normal,660
SAFFRON,pepper,normal,660
SAFFRON,potatoes,recommended,660
SAFFRON,rabbit,normal,661
SAFFRON,ras el hanout (ingredient),normal,661
SAFFRON,RICE,holy_grail,661
SAFFRON,RISOTTO,holy_grail,661
SAFFRON,sauces,normal,661
SAFFRON,scallops,normal,661
SAFFRON,SHELLFISH,very_highly_recommended,661
SAFFRON,shrimp,normal,661
SAFFRON,"soups, esp. chicken, fish",recommended,661
SAFFRON,Spanish cuisine,recommended,661
SAFFRON,spinach,normal,661
SAFFRON,"squash, winter",normal,661
SAFFRON,"stews, esp. fish",normal,661
SAFFRON,tomatoes,recommended,661
SAFFRON,turbot,normal,661
SAFFRON,vanilla,normal,661
SAFFRON,veal,normal,661
SAFFRON,vegetables,normal,661
SAFFRON,yogurt,normal,661
SAGE,apples,normal,661
SAGE,asparagus,recommended,661
SAGE,bay leaf,normal,661
SAGE,"BEANS, esp. dried, green",very_highly_recommended,661
SAGE,beef,normal,661
SAGE,blueberries,normal,661
SAGE,bread,recommended,661
SAGE,butter,normal,661
SAGE,cabbage,normal,661
SAGE,caraway,normal,661
SAGE,carrots,normal,661
SAGE,"CHEESE, esp. Brie, feta, Fontina, Gruyère, Parmesan, ricotta",very_highly_recommended,662
SAGE,"cherries, esp. tart",recommended,662
SAGE,"CHICKEN, esp. roasted",very_highly_recommended,662
SAGE,chickpeas,normal,662
SAGE,citrus,normal,662
SAGE,corn,recommended,662
SAGE,cream,normal,662
SAGE,cream cheese,normal,662
SAGE,duck,recommended,662
SAGE,eggplant,recommended,662
SAGE,eggs,normal,662
SAGE,European cuisine,normal,662
SAGE,"fattier foods, esp. meats",recommended,662
SAGE,fennel,normal,662
SAGE,"fish, esp. oilier",recommended,662
SAGE,French cuisine,normal,662
SAGE,game,normal,662
SAGE,game birds,normal,662
SAGE,garlic,recommended,662
SAGE,"ginger, dried",normal,662
SAGE,goose,recommended,662
SAGE,Greek cuisine,normal,662
SAGE,honey,normal,662
SAGE,Italian cuisine,normal,662
SAGE,lamb,normal,662
SAGE,lemon,normal,662
SAGE,"lemon herbs (balm, thyme, verbena)",normal,662
SAGE,liver,recommended,662
SAGE,lovage,normal,662
SAGE,marjoram,recommended,662
SAGE,"meats, fattier, richer, and/or roasted",recommended,662
SAGE,Mediterranean cuisine,normal,662
SAGE,mint,normal,662
SAGE,mushrooms,recommended,662
SAGE,offal,normal,662
SAGE,olive oil,recommended,662
SAGE,ONIONS,very_highly_recommended,662
SAGE,orange,normal,662
SAGE,oregano,normal,662
SAGE,"oysters (e.g., stuffing)",normal,662
SAGE,pancetta,normal,662
SAGE,paprika,normal,662
SAGE,"parsley, flat-leaf",normal,663
SAGE,"PASTA, esp. gnocchi, ravioli",very_highly_recommended,663
SAGE,pears,normal,663
SAGE,peas,recommended,663
SAGE,"pepper, black",normal,663
SAGE,PORK,holy_grail,663
SAGE,potatoes,recommended,663
SAGE,poultry,recommended,663
SAGE,prosciutto,recommended,663
SAGE,pumpkin,normal,663
SAGE,rice,normal,663
SAGE,rich dishes,normal,663
SAGE,rosemary,recommended,663
SAGE,"salads: pasta, potato",normal,663
SAGE,sausages,recommended,663
SAGE,savory,recommended,663
SAGE,shellfish,recommended,663
SAGE,shrimp,normal,663
SAGE,skate,normal,663
SAGE,slow-cooked dishes,normal,663
SAGE,"soups, esp. legumes",recommended,663
SAGE,Spanish cuisine,normal,663
SAGE,"squash, winter",recommended,663
SAGE,steak,normal,663
SAGE,stews,recommended,663
SAGE,stocks,normal,663
SAGE,STUFFING,very_highly_recommended,663
SAGE,swordfish,normal,663
SAGE,thyme,recommended,663
SAGE,tomatoes,recommended,663
SAGE,tuna,normal,663
SAGE,"bacon, and a South American blue cheese.",normal,663
SAGE,pushes the flavors of the greens.,normal,664
SAGE,turkey,recommended,664
SAGE,veal,recommended,664
SAGE,"vegetables, esp. root",normal,664
SAGE,walnuts,normal,664
SAGE,"wine, esp. white",normal,664
SAKE,cucumber,normal,664
SAKE,fish,normal,664
SAKE,gin,normal,664
SAKE,JAPANESE CUISINE,very_highly_recommended,664
SAKE,lemon juice,normal,664
SAKE,lime juice,normal,664
SAKE,salads,normal,664
SAKE,sashimi and sushi,normal,664
SAKE,shellfish,normal,664
SAKE,sugar (simple syrup),normal,664
SAKE,vodka,normal,664
SALMON,"sauté, sear, steam",normal,664
SALMON,anchovies,normal,664
SALMON,artichoke hearts,normal,665
SALMON,arugula,normal,665
SALMON,asparagus (accompaniment),recommended,665
SALMON,bacon,recommended,665
SALMON,barbecue sauce,normal,665
SALMON,"basil: leaf, oil",recommended,665
SALMON,bass,normal,665
SALMON,bay leaf,recommended,665
SALMON,"beans: fava, flageolets, white",recommended,665
SALMON,beets,normal,665
SALMON,beurre blanc,normal,665
SALMON,"bread crumbs: regular, panko",normal,665
SALMON,Brussels sprouts,normal,665
SALMON,"BUTTER, unsalted",recommended,665
SALMON,"cabbage, esp. green, savoy",normal,665
SALMON,capers,normal,665
SALMON,cardamom,normal,665
SALMON,carrots,recommended,665
SALMON,caviar,normal,665
SALMON,cayenne,normal,665
SALMON,celery,normal,665
SALMON,Champagne,normal,665
SALMON,chervil,recommended,665
SALMON,"chile peppers: dried, fresh, green, jalapeño, red, Thai",recommended,665
SALMON,CHIVES (garnish),very_highly_recommended,666
SALMON,cilantro,normal,666
SALMON,cinnamon,normal,666
SALMON,citrus,normal,666
SALMON,cloves,normal,666
SALMON,"coconut: shredded, milk",normal,666
SALMON,cognac,normal,666
SALMON,coriander,recommended,666
SALMON,corn,normal,666
SALMON,cornichons,normal,666
SALMON,crab,normal,666
SALMON,"CREAM, HEAVY",very_highly_recommended,666
SALMON,cream cheese,normal,666
SALMON,crème fraîche,recommended,666
SALMON,cucumbers,recommended,666
SALMON,cumin,normal,666
SALMON,"curry: leaves, powder, sauce (esp. red)",normal,666
SALMON,daikon,normal,666
SALMON,dill,recommended,666
SALMON,"eggs: hard-boiled, scrambled",normal,666
SALMON,fennel,recommended,666
SALMON,fennel seeds,recommended,666
SALMON,fenugreek seeds,normal,666
SALMON,GARLIC,very_highly_recommended,666
SALMON,ginger: fresh,recommended,666
SALMON,"grapefruit: juice, zest",normal,666
SALMON,"greens, bitter",normal,666
SALMON,horseradish,recommended,666
SALMON,juniper berries,normal,666
SALMON,kelp,normal,666
SALMON,leeks,normal,666
SALMON,"LEMON: juice, zest",recommended,666
SALMON,"lemon, preserved",normal,666
SALMON,lemongrass,normal,666
SALMON,LENTILS,very_highly_recommended,666
SALMON,"lettuces (e.g., frisée)",normal,666
SALMON,licorice,normal,666
SALMON,"LIME: juice, leaves, zest",recommended,666
SALMON,lovage,normal,666
SALMON,Madeira,normal,666
SALMON,mangoes,normal,666
SALMON,marjoram,normal,667
SALMON,mayonnaise,normal,667
SALMON,"mint, esp. spearmint",recommended,667
SALMON,mirepoix,normal,667
SALMON,mirin,normal,667
SALMON,"miso, white",normal,667
SALMON,Alaska.,normal,667
SALMON,huge bundle for $16.,normal,667
SALMON,sauce to a simple vinaigrette.,normal,667
SALMON,"Salmon Gravlax with Chickpea Pancake, Caviar, and Mustard",recommended,668
SALMON,"Seared Salmon with Potatoes, Leeks, and Mustard-Chive Sauce",recommended,668
SALMON,"Arugula, Olives, Roasted Peppers, and Savory Tomato Butter",recommended,668
SALMON,"Wild Salmon with Horseradish Crust, Cabbage, and Riesling",recommended,668
SALMON,Onions,recommended,668
SALMON,"Spicy Tomatillo, Jalapeño, and Lime Juice Sauce",recommended,668
SALMON,"Leeks, Enriched Chicken Jus with Chives and Chervil",recommended,668
SALMON,Vinaigrette,recommended,668
SALMON,"Slow-Roasted Scottish Salmon, Caramelized Fennel, Red Wine–Fennel Emulsion",recommended,669
SALMON,"Butter, and Shrimp Oil",recommended,669
SALMON,mussels,normal,669
SALMON,"MUSTARD: Dijon, whole grain",recommended,669
SALMON,mustard seeds,recommended,669
SALMON,nutmeg,recommended,669
SALMON,OLIVE OIL,very_highly_recommended,669
SALMON,"olives, esp. black, niçoise, picholine, Provençal",normal,669
SALMON,"ONIONS, esp. pearl, red, Vidalia, white",very_highly_recommended,669
SALMON,"orange: juice, zest",recommended,669
SALMON,oysters,normal,669
SALMON,pancetta,normal,669
SALMON,paprika,normal,669
SALMON,"PARSLEY, flat-leaf",recommended,669
SALMON,peas,normal,669
SALMON,"PEPPER: black, green, pink, red, white",recommended,669
SALMON,Pernod,normal,669
SALMON,pike,normal,669
SALMON,pineapple and pineapple juice,recommended,669
SALMON,pistachios,normal,669
SALMON,polenta,normal,669
SALMON,ponzu sauce,normal,669
SALMON,port,normal,669
SALMON,POTATOES,very_highly_recommended,669
SALMON,radishes,normal,669
SALMON,ramps,normal,669
SALMON,"rice (e.g., basmati, sushi)",normal,669
SALMON,"roe: flying fish, salmon",normal,669
SALMON,rosemary,normal,669
SALMON,saffron,normal,669
SALMON,sake,normal,669
SALMON,"SALT: kosher, sea",recommended,669
SALMON,"sauces: béarnaise, beurre blanc, brown butter hollandaise",normal,669
SALMON,scallions,recommended,669
SALMON,scallops,normal,669
SALMON,sesame seeds,recommended,669
SALMON,SHALLOTS,very_highly_recommended,670
SALMON,shiso leaves,normal,670
SALMON,smoked salmon,normal,670
SALMON,sole,normal,670
SALMON,sorrel,recommended,670
SALMON,sour cream,normal,670
SALMON,soy sauce,normal,670
SALMON,spinach,normal,670
SALMON,"STOCKS: chicken, fish, mussels, veal, vegetable",recommended,670
SALMON,"sugar: brown, white",recommended,670
SALMON,Tabasco sauce,recommended,670
SALMON,tamarind,normal,670
SALMON,tarragon,recommended,670
SALMON,THYME,very_highly_recommended,670
SALMON,tilefish,normal,670
SALMON,TOMATOES,very_highly_recommended,670
SALMON,"tomatoes, sun-dried",normal,670
SALMON,"truffles: oil, shaved, white",normal,670
SALMON,turmeric,normal,670
SALMON,vanilla,normal,670
SALMON,vermouth,normal,670
SALMON,vinaigrette,normal,670
SALMON,watercress,recommended,670
SALMON,zucchini,normal,670
"SALMON, CURED",aquavit,normal,671
"SALMON, CURED",avocados,normal,671
"SALMON, CURED",basil,normal,671
"SALMON, CURED","beans, white",normal,671
"SALMON, CURED","bell peppers, red",normal,671
"SALMON, CURED","bread: pumpernickel, rye",normal,671
"SALMON, CURED",caviar,normal,671
"SALMON, CURED",cayenne,normal,671
"SALMON, CURED",Champagne,normal,671
"SALMON, CURED",chives,normal,671
"SALMON, CURED",cream,normal,671
"SALMON, CURED",cream cheese,normal,671
"SALMON, CURED",crème fraîche,normal,671
"SALMON, CURED",dill,recommended,671
"SALMON, CURED",honey,normal,671
"SALMON, CURED",horseradish,normal,671
"SALMON, CURED","lemon: juice, zest",recommended,671
"SALMON, CURED","lentils, green",normal,671
"SALMON, CURED","lime: juice, zest",recommended,671
"SALMON, CURED","mustard: Dijon, dry",normal,671
"SALMON, CURED",olive oil,normal,671
"SALMON, CURED","orange, zest",normal,671
"SALMON, CURED","pepper: black, white",recommended,671
"SALMON, CURED",potatoes,normal,671
"SALMON, CURED","salt: kosher, sea",recommended,671
"SALMON, CURED",shallots,normal,671
"SALMON, CURED",sour cream,normal,671
"SALMON, CURED",sugar,normal,672
"SALMON, CURED",tarragon,normal,672
"SALMON, CURED",tomatoes,normal,672
"SALMON, SMOKED",artichokes,normal,672
"SALMON, SMOKED",avocados,normal,672
"SALMON, SMOKED","bell peppers, roasted",normal,672
"SALMON, SMOKED",blini,recommended,672
"SALMON, SMOKED","bread: bagels, pumpernickel, rye, white",recommended,672
"SALMON, SMOKED",sauce or wasabi.,normal,672
"SALMON, SMOKED",breakfast / brunch,normal,672
"SALMON, SMOKED","butter: clarified, unsalted",recommended,672
"SALMON, SMOKED",capers,normal,672
"SALMON, SMOKED",caviar,recommended,672
"SALMON, SMOKED",celery,normal,672
"SALMON, SMOKED",celery root,normal,672
"SALMON, SMOKED",Champagne,normal,672
"SALMON, SMOKED",chervil,recommended,672
"SALMON, SMOKED",chicory,normal,672
"SALMON, SMOKED",CHIVES,very_highly_recommended,672
"SALMON, SMOKED",cilantro,normal,673
"SALMON, SMOKED",cream,recommended,673
"SALMON, SMOKED",CREAM CHEESE,very_highly_recommended,673
"SALMON, SMOKED",crème fraîche,recommended,673
"SALMON, SMOKED",cucumbers,recommended,673
"SALMON, SMOKED",cumin,normal,673
"SALMON, SMOKED",daikon,normal,673
"SALMON, SMOKED",DILL,very_highly_recommended,673
"SALMON, SMOKED","eggs, esp. hard-boiled, and egg salad",recommended,673
"SALMON, SMOKED",frisée,normal,673
"SALMON, SMOKED",garlic,recommended,673
"SALMON, SMOKED",Smoked Salmon with Crispy Potatoes and Horseradish Cream,recommended,673
"SALMON, SMOKED",Leek Tart with Smoked Salmon and Crème Fraîche,recommended,673
"SALMON, SMOKED","ginger, fresh",normal,673
"SALMON, SMOKED",horseradish,normal,673
"SALMON, SMOKED",juniper,normal,673
"SALMON, SMOKED",leeks,recommended,673
"SALMON, SMOKED","LEMON: juice, zest",recommended,673
"SALMON, SMOKED","lime: juice, zest",normal,673
"SALMON, SMOKED",mascarpone,normal,673
"SALMON, SMOKED",monkfish,normal,673
"SALMON, SMOKED","mussels, smoked",normal,673
"SALMON, SMOKED","mustard, Dijon",normal,673
"SALMON, SMOKED","oil, canola",normal,673
"SALMON, SMOKED",olive oil,recommended,673
"SALMON, SMOKED","onions, esp. red, sweet",normal,673
"SALMON, SMOKED",orange,normal,673
"SALMON, SMOKED",oysters,normal,673
"SALMON, SMOKED",parsley,normal,673
"SALMON, SMOKED",pasta,normal,673
"SALMON, SMOKED","PEPPER: black, white",recommended,673
"SALMON, SMOKED",Pernod,normal,673
"SALMON, SMOKED",potatoes and potato salad,recommended,673
"SALMON, SMOKED",radishes,normal,673
"SALMON, SMOKED",salmon,normal,673
"SALMON, SMOKED",salmon roe,normal,674
"SALMON, SMOKED","salt: kosher, sea",recommended,674
"SALMON, SMOKED",scallions,normal,674
"SALMON, SMOKED",scallops,normal,674
"SALMON, SMOKED",shallots,recommended,674
"SALMON, SMOKED",shiso leaf,normal,674
"SALMON, SMOKED",sorrel,normal,674
"SALMON, SMOKED",sour cream,recommended,674
"SALMON, SMOKED",soy sauce,normal,674
"SALMON, SMOKED",spinach,normal,674
"SALMON, SMOKED","stocks: clam, fish",normal,674
"SALMON, SMOKED",Tabasco sauce,normal,674
"SALMON, SMOKED",tarragon,normal,674
"SALMON, SMOKED",tea sandwiches,normal,674
"SALMON, SMOKED",tomatoes,normal,674
"SALMON, SMOKED",vinaigrette,recommended,674
"SALMON, SMOKED","vinegar: red wine, rice wine, sherry, white wine",recommended,674
"SALMON, SMOKED",Worcestershire sauce,normal,674
"SALMON, SMOKED",yogurt (say some),normal,674
"SALMON, SMOKED",mayonnaise,avoid,674
"SALMON, SMOKED",yogurt (say some),avoid,674
SALSIFY,anchovies,normal,674
SALSIFY,butter,recommended,674
SALSIFY,"cheese, Parmesan",normal,674
SALSIFY,chives,normal,674
SALSIFY,cream,normal,674
SALSIFY,duck prosciutto,normal,674
SALSIFY,"fish (e.g., halibut)",normal,674
SALSIFY,hollandaise sauce,normal,674
SALSIFY,"LEMON, JUICE",very_highly_recommended,675
SALSIFY,maple syrup,normal,675
SALSIFY,mascarpone,normal,675
SALSIFY,mayonnaise,normal,675
SALSIFY,mushrooms,normal,675
SALSIFY,nutmeg,normal,675
SALSIFY,"oil, peanut",normal,675
SALSIFY,onions,normal,675
SALSIFY,orange,normal,675
SALSIFY,parsley,recommended,675
SALSIFY,"pepper, black",recommended,675
SALSIFY,polenta,normal,675
SALSIFY,prosciutto,recommended,675
SALSIFY,rice,normal,675
SALSIFY,sage,normal,675
SALSIFY,"salmon, smoked",normal,675
SALSIFY,"salt, kosher",recommended,675
SALSIFY,scallions,normal,675
SALSIFY,shallots,normal,675
SALSIFY,sorrel,normal,675
SALSIFY,soups,recommended,675
SALSIFY,"stock, chicken",normal,675
SALSIFY,"thyme, fresh",recommended,675
SALSIFY,"truffles, black",normal,675
SALSIFY,vinaigrettes,normal,675
"SALT, FLEUR DE SEL",chicken,normal,675
"SALT, FLEUR DE SEL",cold dishes,normal,675
"SALT, FLEUR DE SEL",meats,normal,675
"SALT, FLEUR DE SEL",radishes,normal,675
"SALT, FLEUR DE SEL",salads,normal,676
"SALT, FLEUR DE SEL",steak,normal,676
"SALT, HAWAIIAN",ceviche,normal,676
"SALT, HAWAIIAN",chicken,normal,676
"SALT, HAWAIIAN",lamb,normal,676
"SALT, HAWAIIAN","meat, esp. barbecued",normal,676
"SALT, HAWAIIAN",pork,normal,676
"SALT, HAWAIIAN",seafood,normal,676
"SALT, HAWAIIAN",steak,normal,676
"SALT, HAWAIIAN","vegetables, esp. tomatoes",normal,676
"SALT, JAPANESE",fish,normal,676
"SALT, JAPANESE",foie gras,normal,676
"SALT, JAPANESE",salmon,normal,676
"SALT, JAPANESE",sashimi,normal,676
"SALT, JAPANESE",squid,normal,676
"SALT, KOSHER",breads,normal,676
"SALT, KOSHER",brines,normal,676
"SALT, KOSHER",charcuterie,normal,676
"SALT, KOSHER","cocktails, esp. rims",normal,676
"SALT, KOSHER",cooking,normal,676
"SALT, KOSHER",cures,normal,676
"SALT, KOSHER",meats,normal,676
"SALT, KOSHER",potatoes,normal,676
"SALT, KOSHER",pretzels,normal,676
"SALT, KOSHER",toasts,normal,676
"SALT, KOSHER",water for blanching or for pasta,normal,676
"SALT, MALDON","fish, esp. raw",normal,677
"SALT, MALDON",finishing dishes,normal,677
"SALT, MALDON",lobster,normal,677
"SALT, SEA — COARSE",meats,normal,677
"SALT, SEA — COARSE",seafood,normal,677
"SALT, SEA — COARSE",seasoning,normal,677
"SALT, SEA — COARSE","vegetables, hearty",normal,677
"SALT, SEA — FINE",baking,normal,677
"SALT, SEA — FINE",fish,normal,677
"SALT, SEA — FINE",seasoning,normal,677
"SALT, SEA — FINE","vegetables, delicate",normal,677
"SALT, SMOKED","brines, esp. for pork",normal,677
"SALT, SMOKED",chicken,normal,677
"SALT, SMOKED","fish, esp. raw",normal,677
"SALT, SMOKED","meats: barbecued, red",normal,677
"SALT, SMOKED",pork,normal,677
"SALT, SMOKED","potatoes, baked",normal,677
"SALT, SMOKED",seafood,normal,677
"SALT, SMOKED",salmon,normal,677
"SALT, SMOKED",sardines,normal,677
"SALT, SMOKED",steak,normal,677
"SALT, SMOKED",tuna,normal,677
"SALT, SMOKED",vegetarian dishes,normal,677
"SALT, TRUFFLE",egg dishes,normal,678
"SALT, TRUFFLE",pastas,normal,678
"SALT, TRUFFLE",popcorn,normal,678
"SALT, TRUFFLE",potatoes,normal,678
"SALT, TRUFFLE",risotto,normal,678
"SALT, TRUFFLE",salads and salad dressing,normal,678
"SALT, VANILLA",chicken,normal,678
"SALT, VANILLA","chocolate, esp. dark",normal,678
"SALT, VANILLA",lamb,normal,678
"SALT, VANILLA",meats,normal,678
"SALT, VANILLA",mussels,normal,678
"SALT, VANILLA",nuts,normal,678
"SALT, VANILLA",pork,normal,678
"SALT, VANILLA",pumpkin,normal,678
"SALT, VANILLA","shellfish, esp. lobster or scallops",normal,678
"SALT, VANILLA","squash, winter",normal,678
"SALT, VANILLA",sweet potatoes,normal,678
SALTINESS,anchovies,normal,678
SALTINESS,bacon,normal,678
SALTINESS,capers,normal,679
SALTINESS,caperberries,normal,679
SALTINESS,caviar and other fish roe,normal,679
SALTINESS,"cheeses, salty (e.g., feta, manchego, Parmesan, pecorino)",normal,679
SALTINESS,clams and clam juice,normal,679
SALTINESS,cured meats,normal,679
SALTINESS,"dashi (e.g., Japanese stock)",normal,679
SALTINESS,finnan haddie,normal,679
SALTINESS,"fish sauce, Asian",normal,679
SALTINESS,gravlax,normal,679
SALTINESS,ham,normal,679
SALTINESS,"ingredients with added salt (e.g., chips, nuts)",normal,679
SALTINESS,kelp,normal,679
SALTINESS,"lemons, preserved",normal,679
SALTINESS,lox,normal,679
SALTINESS,"nuts, salted",normal,679
SALTINESS,olives,normal,679
SALTINESS,oysters,normal,679
SALTINESS,oyster sauce,normal,679
SALTINESS,pancetta,normal,679
SALTINESS,pickles (salty-sour),normal,679
SALTINESS,prosciutto,normal,679
SALTINESS,"salmon, smoked",normal,679
SALTINESS,salt,recommended,679
SALTINESS,salt cod,normal,679
SALTINESS,salt pork,normal,679
SALTINESS,sardines,normal,679
SALTINESS,"sausages, salty (e.g., chorizo)",normal,679
SALTINESS,sea urchin,normal,679
SALTINESS,sea vegetables,normal,679
SALTINESS,seaweed,normal,679
SALTINESS,Chefs on Selecting and Using Salt,recommended,680
SALTINESS,snowflakes. It is great sprinkled on raw fish.,normal,680
SALTINESS,"seeds, salted",normal,680
SALTINESS,shrimp paste,normal,680
SALTINESS,"smoked foods, esp. fish, meats",normal,680
SALTINESS,smoked salmon and trout,normal,680
SALTINESS,soy sauce,recommended,681
SALTINESS,tamari,normal,681
SALTINESS,Worcestershire sauce,normal,681
SARDINES,anchovies,normal,681
SARDINES,basil,normal,681
SARDINES,bay leaf,normal,681
SARDINES,"bell peppers, red",normal,681
SARDINES,bread crumbs,recommended,681
SARDINES,capers,normal,681
SARDINES,carrots,normal,681
SARDINES,cayenne,normal,681
SARDINES,chives,normal,681
SARDINES,coriander seeds,normal,681
SARDINES,currants,normal,681
SARDINES,eggplant,normal,681
SARDINES,fennel,recommended,681
SARDINES,fennel pollen,normal,681
SARDINES,fennel seeds,recommended,681
SARDINES,French cuisine,normal,681
SARDINES,garlic,recommended,681
SARDINES,ham,normal,681
SARDINES,"Italian cuisine, esp. southern",normal,681
SARDINES,"lemon: juice, zest",recommended,681
SARDINES,mirin,normal,681
SARDINES,"oil, peanut",normal,681
SARDINES,OLIVE OIL,very_highly_recommended,681
SARDINES,"onions: red, white",recommended,681
SARDINES,"orange: juice, zest",normal,681
SARDINES,"parsley, flat-leaf",recommended,682
SARDINES,pasta,recommended,682
SARDINES,"pepper: black, white",recommended,682
SARDINES,"peppers, piquillo",normal,682
SARDINES,pine nuts,normal,682
SARDINES,"raisins, esp. yellow",recommended,682
SARDINES,red pepper flakes,normal,682
SARDINES,rosemary,normal,682
SARDINES,saffron,normal,682
SARDINES,sage,normal,682
SARDINES,sake,normal,682
SARDINES,"salt, sea",normal,682
SARDINES,sour cream,normal,682
SARDINES,soy sauce,normal,682
SARDINES,thyme,recommended,682
SARDINES,tomatoes and tomato sauce,recommended,682
SARDINES,verjus,normal,682
SARDINES,vinaigrette,normal,682
SARDINES,"vinegar, e.g., balsamic, red wine, sherry, white wine",recommended,682
SARDINES,walnuts,normal,682
SARDINES,"wine, dry white (e.g., Chenin Blanc, Grenache, Viognier)",normal,682
SARDINES,zucchini,normal,682
SAUERKRAUT,apples,recommended,682
SAUERKRAUT,bacon,recommended,682
SAUERKRAUT,bay leaf,recommended,682
SAUERKRAUT,"beans, esp. kidney and/or red",normal,682
SAUERKRAUT,caraway seeds,recommended,682
SAUERKRAUT,carrots,normal,682
SAUERKRAUT,cider,normal,682
SAUERKRAUT,cloves,normal,682
SAUERKRAUT,duck,normal,682
SAUERKRAUT,Eastern European cuisine,normal,682
SAUERKRAUT,"fat: duck, goose",normal,682
SAUERKRAUT,"French cuisine, esp. Alsatian",normal,682
SAUERKRAUT,garlic,recommended,682
SAUERKRAUT,German cuisine,normal,682
SAUERKRAUT,gin,normal,683
SAUERKRAUT,"ham: hocks, meat",normal,683
SAUERKRAUT,JUNIPER BERRIES,very_highly_recommended,683
SAUERKRAUT,Kirsch,normal,683
SAUERKRAUT,olive oil,normal,683
SAUERKRAUT,onions,recommended,683
SAUERKRAUT,"pepper, black",recommended,683
SAUERKRAUT,"pork, esp. loin",normal,683
SAUERKRAUT,potatoes,normal,683
SAUERKRAUT,rhubarb,normal,683
SAUERKRAUT,"salt, kosher",normal,683
SAUERKRAUT,"SAUSAGES, esp. blood, bratwurst, frankfurter, kielbasa",very_highly_recommended,683
SAUERKRAUT,"stock, chicken",normal,683
SAUERKRAUT,"vinegar: champagne, white wine",normal,683
SAUERKRAUT,"wine: dry to off-dry white (e.g., Alsatian, Riesling)",recommended,683
SAUSAGES,apples,recommended,683
SAUSAGES,basil,normal,683
SAUSAGES,bay leaf,normal,683
SAUSAGES,"beans, white",normal,683
SAUSAGES,beer,normal,683
SAUSAGES,"bell peppers: green, red",normal,683
SAUSAGES,breakfast,normal,683
SAUSAGES,broccoli rabe,normal,683
SAUSAGES,"butter, unsalted",normal,683
SAUSAGES,carrots,normal,683
SAUSAGES,celery root,normal,683
SAUSAGES,celery seeds,normal,683
SAUSAGES,fennel,normal,683
SAUSAGES,garlic,normal,683
SAUSAGES,leeks,normal,683
SAUSAGES,"lemon, juice",normal,683
SAUSAGES,"seeds, salted",normal,683
SAUSAGES,shrimp paste,normal,683
SAUSAGES,"smoked foods, esp. fish, meats",normal,683
SAUSAGES,smoked salmon and trout,normal,683
SAUSAGES,soy sauce,recommended,683
SAUSAGES,tamari,normal,683
SAUSAGES,Worcestershire sauce,normal,683
SARDINES,anchovies,normal,684
SARDINES,basil,normal,684
SARDINES,bay leaf,normal,684
SARDINES,"bell peppers, red",normal,684
SARDINES,bread crumbs,recommended,684
SARDINES,capers,normal,684
SARDINES,carrots,normal,684
SARDINES,cayenne,normal,684
SARDINES,chives,normal,684
SARDINES,coriander seeds,normal,684
SARDINES,currants,normal,684
SARDINES,eggplant,normal,684
SARDINES,fennel,recommended,684
SARDINES,fennel pollen,normal,684
SARDINES,fennel seeds,recommended,684
SARDINES,French cuisine,normal,684
SARDINES,garlic,recommended,684
SARDINES,ham,normal,684
SARDINES,"Italian cuisine, esp. southern",normal,684
SARDINES,"lemon: juice, zest",recommended,684
SARDINES,mirin,normal,684
SARDINES,"oil, peanut",normal,684
SARDINES,OLIVE OIL,very_highly_recommended,684
SARDINES,"onions: red, white",recommended,684
SARDINES,"orange: juice, zest",normal,684
SARDINES,"parsley, flat-leaf",recommended,684
SARDINES,pasta,recommended,684
SARDINES,"pepper: black, white",recommended,684
SARDINES,"peppers, piquillo",normal,684
SARDINES,pine nuts,normal,684
SARDINES,"raisins, esp. yellow",recommended,684
SARDINES,red pepper flakes,normal,684
SARDINES,rosemary,normal,684
SARDINES,saffron,normal,684
SARDINES,sage,normal,684
SARDINES,sake,normal,684
SARDINES,"salt, sea",normal,684
SARDINES,sour cream,normal,684
SARDINES,soy sauce,normal,685
SARDINES,thyme,recommended,685
SARDINES,tomatoes and tomato sauce,recommended,685
SARDINES,verjus,normal,685
SARDINES,vinaigrette,normal,685
SARDINES,"vinegar, e.g., balsamic, red wine, sherry, white wine",recommended,685
SARDINES,walnuts,normal,685
SARDINES,"wine, dry white (e.g., Chenin Blanc, Grenache, Viognier)",normal,685
SARDINES,zucchini,normal,685
SAUERKRAUT,apples,recommended,685
SAUERKRAUT,bacon,recommended,685
SAUERKRAUT,bay leaf,recommended,685
SAUERKRAUT,"beans, esp. kidney and/or red",normal,685
SAUERKRAUT,caraway seeds,recommended,685
SAUERKRAUT,carrots,normal,685
SAUERKRAUT,cider,normal,685
SAUERKRAUT,cloves,normal,685
SAUERKRAUT,duck,normal,685
SAUERKRAUT,Eastern European cuisine,normal,685
SAUERKRAUT,"fat: duck, goose",normal,685
SAUERKRAUT,"French cuisine, esp. Alsatian",normal,685
SAUERKRAUT,garlic,recommended,685
SAUERKRAUT,German cuisine,normal,685
SAUERKRAUT,gin,normal,685
SAUERKRAUT,"ham: hocks, meat",normal,685
SAUERKRAUT,JUNIPER BERRIES,very_highly_recommended,685
SAUERKRAUT,Kirsch,normal,685
SAUERKRAUT,olive oil,normal,685
SAUERKRAUT,onions,recommended,685
SAUERKRAUT,"pepper, black",recommended,685
SAUERKRAUT,"pork, esp. loin",normal,685
SAUERKRAUT,potatoes,normal,685
SAUERKRAUT,rhubarb,normal,685
SAUERKRAUT,"salt, kosher",normal,685
SAUERKRAUT,"SAUSAGES, esp. blood, bratwurst, frankfurter, kielbasa",very_highly_recommended,685
SAUERKRAUT,"stock, chicken",normal,685
SAUERKRAUT,"vinegar: champagne, white wine",normal,686
SAUERKRAUT,"wine: dry to off-dry white (e.g., Alsatian, Riesling)",recommended,686
SAUSAGES,apples,recommended,686
SAUSAGES,basil,normal,686
SAUSAGES,bay leaf,normal,686
SAUSAGES,"beans, white",normal,686
SAUSAGES,beer,normal,686
SAUSAGES,"bell peppers: green, red",normal,686
SAUSAGES,breakfast,normal,686
SAUSAGES,broccoli rabe,normal,686
SAUSAGES,"butter, unsalted",normal,686
SAUSAGES,carrots,normal,686
SAUSAGES,celery root,normal,686
SAUSAGES,celery seeds,normal,686
SAUSAGES,fennel,normal,686
SAUSAGES,garlic,normal,686
SAUSAGES,leeks,normal,686
SAUSAGES,"lemon, juice",normal,686
SAUSAGES,lentils,normal,686
SAUSAGES,Mediterranean cuisine,normal,686
SAUSAGES,"mustard, Dijon",recommended,686
SAUSAGES,"oil, canola",normal,686
SAUSAGES,olive oil,normal,686
SAUSAGES,"ONIONS: white, yellow",recommended,686
SAUSAGES,oregano,normal,686
SAUSAGES,"parsley, flat-leaf",normal,686
SAUSAGES,pasta,normal,686
SAUSAGES,"pepper, black",normal,686
SAUSAGES,"potatoes, esp. boiled, mashed, pureed",recommended,686
SAUSAGES,radicchio,normal,686
SAUSAGES,rosemary,normal,686
SAUSAGES,"salt, kosher",normal,686
SAUSAGES,sauerkraut,normal,686
SAUSAGES,scallops,normal,686
SAUSAGES,shallots,normal,686
SAUSAGES,thyme,normal,686
SAUSAGES,tomatoes,normal,686
SAUSAGES,"vinegar, balsamic",normal,686
SAUSAGES,"wine, dry white",normal,687
SAUVIGNON BLANC,asparagus,normal,687
SAUVIGNON BLANC,chicken,normal,687
SAUVIGNON BLANC,cilantro,normal,687
SAUVIGNON BLANC,fish,normal,687
SAUVIGNON BLANC,garlic,normal,687
SAUVIGNON BLANC,herbs,normal,687
SAUVIGNON BLANC,"oysters, esp. raw",normal,687
SAUVIGNON BLANC,peppers,normal,687
SAUVIGNON BLANC,pork,normal,687
SAUVIGNON BLANC,salads,normal,687
SAUVIGNON BLANC,shellfish,normal,687
SAUVIGNON BLANC,tomatoes,normal,687
SAUVIGNON BLANC,turkey,normal,687
SAUVIGNON BLANC,vegetables,normal,687
SAVORY,basil,normal,687
SAVORY,bay leaf,normal,687
SAVORY,"BEANS, esp. dried, summer (e.g., fava, green, lima)",holy_grail,687
SAVORY,beef,recommended,687
SAVORY,beets,normal,687
SAVORY,bell peppers,normal,687
SAVORY,bouquet garni,normal,687
SAVORY,braised dishes,normal,687
SAVORY,Brussels sprouts,normal,687
SAVORY,cabbage,normal,687
SAVORY,"cheese (e.g., goat) and cheese dishes",recommended,687
SAVORY,chicken,recommended,688
SAVORY,chicken livers,normal,688
SAVORY,chives,normal,688
SAVORY,cumin,normal,688
SAVORY,eggs and egg dishes,recommended,688
SAVORY,fennel,normal,688
SAVORY,fines herbes (ingredient),normal,688
SAVORY,"fish, esp. baked or grilled",recommended,688
SAVORY,garlic,recommended,688
SAVORY,herbes de Provence (ingredient),normal,688
SAVORY,"herbs, other (as a blending herb)",normal,688
SAVORY,kale,normal,688
SAVORY,lamb,recommended,688
SAVORY,lavender,normal,688
SAVORY,legumes,normal,688
SAVORY,lentils,recommended,688
SAVORY,mackerel,normal,688
SAVORY,marjoram,normal,688
SAVORY,"meats, esp. grilled, roasted, stewed",recommended,688
SAVORY,Mediterranean cuisine,recommended,688
SAVORY,mint,normal,688
SAVORY,mushrooms,recommended,688
SAVORY,nutmeg,normal,688
SAVORY,olives,normal,688
SAVORY,onions,normal,688
SAVORY,oregano,normal,688
SAVORY,paprika,normal,688
SAVORY,parsley,normal,688
SAVORY,peas,recommended,688
SAVORY,polenta,normal,688
SAVORY,pork,recommended,688
SAVORY,potatoes,recommended,688
SAVORY,"poultry, esp. grilled",normal,688
SAVORY,rabbit,normal,688
SAVORY,rice,normal,688
SAVORY,rosemary,recommended,688
SAVORY,sage,normal,688
SAVORY,salads and salad dressings,normal,688
SAVORY,sauces and gravies,normal,688
SAVORY,"soups, esp. tomato-based",recommended,688
SAVORY,"squash, summer",normal,688
SAVORY,"stews, esp. meat",normal,688
SAVORY,"stuffings (e.g., poultry)",recommended,688
SAVORY,tarragon,normal,688
SAVORY,thyme,recommended,688
SAVORY,tomatoes and tomato sauces,recommended,689
SAVORY,veal,normal,689
SAVORY,"vegetables, esp. root",recommended,689
SAVORY,vinegar,normal,689
SAVORY,"wine, red",normal,689
SAVORY,zucchini,normal,689
SCALLIONS,anise,normal,689
SCALLIONS,basil,normal,689
SCALLIONS,bay leaf,normal,689
SCALLIONS,bell peppers,normal,689
SCALLIONS,"butter, unsalted",recommended,689
SCALLIONS,carrots,normal,689
SCALLIONS,"cheese: goat, Parmesan",normal,689
SCALLIONS,chile peppers,normal,689
SCALLIONS,cilantro,normal,689
SCALLIONS,cinnamon,normal,689
SCALLIONS,cloves,normal,689
SCALLIONS,cream,recommended,689
SCALLIONS,cream cheese,normal,689
SCALLIONS,curry,normal,689
SCALLIONS,dill,normal,689
SCALLIONS,egg dishes,normal,689
SCALLIONS,garlic,normal,689
SCALLIONS,"greens, bitter",normal,689
SCALLIONS,honey,normal,689
SCALLIONS,Japanese cuisine,normal,689
SCALLIONS,Korean cuisine,normal,689
SCALLIONS,"lemon, juice",normal,689
SCALLIONS,mushrooms,normal,689
SCALLIONS,"mustard, Dijon",normal,689
SCALLIONS,nutmeg,normal,689
SCALLIONS,olive oil,recommended,689
SCALLIONS,oregano,normal,689
SCALLIONS,paprika,normal,689
SCALLIONS,parsley,recommended,689
SCALLIONS,"pepper, white",normal,690
SCALLIONS,potatoes,normal,690
SCALLIONS,rice,normal,690
SCALLIONS,rosemary,normal,690
SCALLIONS,sage,normal,690
SCALLIONS,"salt, kosher",normal,690
SCALLIONS,sesame oil,normal,690
SCALLIONS,sugar,normal,690
SCALLIONS,Thai cuisine,normal,690
SCALLIONS,thyme,recommended,690
SCALLIONS,tomatoes,normal,690
SCALLIONS,vinegar,normal,690
SCALLOPS,"steam, stir-fry, tartare",normal,690
SCALLOPS,almonds,normal,690
SCALLOPS,"apples, esp. Granny Smith",normal,690
SCALLOPS,artichokes,normal,690
SCALLOPS,arugula,normal,690
SCALLOPS,asparagus,normal,690
SCALLOPS,avocado,recommended,690
SCALLOPS,"bacon and other cured meats (e.g., Serrano ham)",recommended,690
SCALLOPS,basil,recommended,690
SCALLOPS,bay leaf,normal,690
SCALLOPS,"beans: cannelini, fava, green, haricots verts, lima",normal,690
SCALLOPS,"bell peppers: red, green, yellow",recommended,690
SCALLOPS,bread crumbs,normal,690
SCALLOPS,Brussels sprouts,normal,690
SCALLOPS,"BUTTER: brown, clarified, unsalted",recommended,690
SCALLOPS,capers,normal,690
SCALLOPS,carrots and carrot juice,recommended,690
SCALLOPS,"cauliflower, esp. pureed",normal,690
SCALLOPS,caviar,normal,690
SCALLOPS,cayenne,recommended,690
SCALLOPS,celery,normal,690
SCALLOPS,Champagne,normal,690
SCALLOPS,"cheese: Asiago, Parmesan",normal,690
SCALLOPS,chervil,recommended,690
SCALLOPS,"chile peppers: jalapeño, poblano",recommended,691
SCALLOPS,Chinese cuisine,normal,691
SCALLOPS,chives (garnish),recommended,691
SCALLOPS,cilantro,recommended,691
SCALLOPS,citron,normal,691
SCALLOPS,citrus,normal,691
SCALLOPS,clams,normal,691
SCALLOPS,cloves,normal,691
SCALLOPS,coconut and coconut milk,normal,691
SCALLOPS,corn,recommended,691
SCALLOPS,coriander,normal,691
SCALLOPS,crab,normal,691
SCALLOPS,cream,recommended,691
SCALLOPS,cream cheese,normal,691
SCALLOPS,crème fraîche,normal,691
SCALLOPS,cucumbers,normal,691
SCALLOPS,curry powder,normal,691
SCALLOPS,dashi,normal,691
SCALLOPS,dill,normal,691
SCALLOPS,duck fat,normal,691
SCALLOPS,edamame,recommended,691
SCALLOPS,"eggs, hard-boiled",normal,691
SCALLOPS,fennel,normal,691
SCALLOPS,fennel seeds,normal,691
SCALLOPS,"fish sauce, Thai",normal,691
SCALLOPS,French cuisine,normal,691
SCALLOPS,GARLIC,very_highly_recommended,691
SCALLOPS,ginger,recommended,691
SCALLOPS,"grapefruit: juice, zest",normal,691
SCALLOPS,gremolata,normal,691
SCALLOPS,ham,normal,691
SCALLOPS,haricots verts,normal,691
SCALLOPS,honey,normal,691
SCALLOPS,horseradish,normal,691
SCALLOPS,kaffir lime,normal,691
SCALLOPS,kiwi fruit,normal,691
SCALLOPS,leeks,recommended,691
SCALLOPS,"LEMON: juice, zest",recommended,691
SCALLOPS,lemongrass,normal,691
SCALLOPS,lemon thyme,normal,691
SCALLOPS,lentils,normal,691
SCALLOPS,"LIME: juice, zest",recommended,691
SCALLOPS,lobster,normal,691
SCALLOPS,mango,normal,691
SCALLOPS,marjoram,normal,691
SCALLOPS,mascarpone,normal,692
SCALLOPS,mint,normal,692
SCALLOPS,morels,normal,692
SCALLOPS,"mushrooms: button, chanterelle, cremini, Japanese, porcini, portobello, shiitake",recommended,692
SCALLOPS,mussels,normal,692
SCALLOPS,"mustard, Dijon",normal,692
SCALLOPS,"OIL: canola, corn, grapeseed, peanut, vegetable",recommended,692
SCALLOPS,"oil: almond, hazelnut",normal,692
SCALLOPS,olive oil,normal,692
SCALLOPS,"onions, esp. red, white, yellow",recommended,692
SCALLOPS,"orange: juice, zest",normal,692
SCALLOPS,pancetta,normal,692
SCALLOPS,"PARSLEY, flat-leaf",recommended,692
SCALLOPS,passion fruit,normal,692
SCALLOPS,pasta,normal,692
SCALLOPS,peas,normal,692
SCALLOPS,"PEPPER: black, white",recommended,692
SCALLOPS,Pernod,normal,692
SCALLOPS,pineapple,normal,692
SCALLOPS,pomegranates and pomegranate juice,normal,692
SCALLOPS,"potatoes, esp. mashed",normal,692
SCALLOPS,red pepper flakes,normal,692
SCALLOPS,rice,normal,692
SCALLOPS,rosemary,normal,692
SCALLOPS,saffron,normal,692
SCALLOPS,sake,normal,692
SCALLOPS,salmon roe,normal,692
SCALLOPS,salsify,normal,692
SCALLOPS,"SALT: kosher, sea",recommended,692
SCALLOPS,"sauce, béchamel",normal,692
SCALLOPS,"sausages, chorizo",normal,692
SCALLOPS,scallions,recommended,692
SCALLOPS,sea urchin,normal,692
SCALLOPS,"sesame: seeds, oil",normal,692
SCALLOPS,SHALLOTS,very_highly_recommended,692
SCALLOPS,shrimp,normal,692
SCALLOPS,sole,normal,692
SCALLOPS,soy sauce,normal,692
SCALLOPS,spinach,recommended,692
SCALLOPS,"squash, butternut",normal,692
SCALLOPS,squid,normal,692
SCALLOPS,"stocks: chicken, clam, fish, shrimp, veal, vegetable",recommended,692
SCALLOPS,sugar,normal,692
SCALLOPS,Tabasco sauce,normal,692
SCALLOPS,"tarragon, fresh",normal,692
SCALLOPS,"THYME, FRESH",very_highly_recommended,693
SCALLOPS,"tomatoes: canned, fresh, paste",recommended,693
SCALLOPS,"truffles, esp. black, white",normal,693
SCALLOPS,tuna,normal,693
SCALLOPS,turnips,normal,693
SCALLOPS,vanilla,normal,693
SCALLOPS,vermouth,normal,693
SCALLOPS,vinaigrette,normal,693
SCALLOPS,watercress,normal,693
SCALLOPS,Vermouth,recommended,693
SCALLOPS,yuzu juice,normal,693
SCALLOPS,zucchini,normal,693
SCANDINAVIAN CUISINE,aquavit,normal,694
SCANDINAVIAN CUISINE,"cardamom, esp. in baked goods",normal,694
SCANDINAVIAN CUISINE,cinnamon,normal,694
SCANDINAVIAN CUISINE,cucumbers,normal,694
SCANDINAVIAN CUISINE,dill,recommended,694
SCANDINAVIAN CUISINE,"fruits, esp. stewed",normal,694
SCANDINAVIAN CUISINE,ginger,normal,694
SCANDINAVIAN CUISINE,"herring, pickled",normal,694
SCANDINAVIAN CUISINE,juniper berries,normal,694
SCANDINAVIAN CUISINE,nutmeg,normal,694
SCANDINAVIAN CUISINE,onions,normal,694
SCANDINAVIAN CUISINE,"salmon, cured (aka gravlax)",normal,694
SCANDINAVIAN CUISINE,"soups, fruit",normal,694
SCANDINAVIAN CUISINE,sour cream,normal,694
SCOTCH,bitters,recommended,694
SCOTCH,Earl Grey tea,normal,694
SCOTCH,gin,normal,694
SCOTCH,ginger,normal,694
SCOTCH,"lemon, juice",normal,694
SCOTCH,"lime, juice",normal,694
SCOTCH,"orange, juice",normal,694
SCOTCH,soda,normal,694
SCOTCH,tamarind syrup,normal,694
SCOTCH,vermouth,recommended,694
"SESAME SEEDS, BLACK",apples,normal,696
"SESAME SEEDS, BLACK",Asian cuisine,recommended,696
"SESAME SEEDS, BLACK",bananas,recommended,696
"SESAME SEEDS, BLACK",Chinese cuisine,recommended,696
"SESAME SEEDS, BLACK",fish,normal,696
"SESAME SEEDS, BLACK",Japanese cuisine,recommended,696
"SESAME SEEDS, BLACK","lemon, juice",normal,696
"SESAME SEEDS, BLACK",meats,normal,696
"SESAME SEEDS, BLACK",mirin,normal,696
"SESAME SEEDS, BLACK",rice,normal,696
"SESAME SEEDS, BLACK",salt,normal,696
"SESAME SEEDS, BLACK",seafood,normal,696
"SESAME SEEDS, BLACK","sesame seeds, white",normal,696
"SESAME SEEDS, BLACK",soy sauce,normal,696
"SESAME SEEDS, BLACK",vegetables,normal,696
"SESAME SEEDS, BLACK","vinegar, rice wine",normal,696
"SESAME SEEDS, WHITE",allspice,normal,696
"SESAME SEEDS, WHITE",apples,normal,696
"SESAME SEEDS, WHITE",Asian cuisines,normal,696
"SESAME SEEDS, WHITE","baked goods (e.g., bagels, breads, cakes, cookies)",recommended,696
"SESAME SEEDS, WHITE",bananas,normal,696
"SESAME SEEDS, WHITE",beef,normal,696
"SESAME SEEDS, WHITE",beets,normal,696
"SESAME SEEDS, WHITE",breads and breadsticks,recommended,696
"SESAME SEEDS, WHITE",cardamom,normal,696
"SESAME SEEDS, WHITE",chicken,recommended,696
"SESAME SEEDS, WHITE",chickpeas,normal,696
"SESAME SEEDS, WHITE",chile peppers,normal,696
"SESAME SEEDS, WHITE","Chinese cuisine (e.g., dim sum)",normal,696
"SESAME SEEDS, WHITE",cilantro,normal,696
"SESAME SEEDS, WHITE",cinnamon,normal,696
"SESAME SEEDS, WHITE",cloves,normal,696
"SESAME SEEDS, WHITE",coriander,normal,696
"SESAME SEEDS, WHITE",duck,normal,696
"SESAME SEEDS, WHITE",eggplant,normal,696
"SESAME SEEDS, WHITE",fish,recommended,697
"SESAME SEEDS, WHITE",garlic,normal,697
"SESAME SEEDS, WHITE",ginger,normal,697
"SESAME SEEDS, WHITE",honey,recommended,697
"SESAME SEEDS, WHITE",hummus,normal,697
"SESAME SEEDS, WHITE",ice cream,normal,697
"SESAME SEEDS, WHITE",Indian cuisine,normal,697
"SESAME SEEDS, WHITE",Japanese cuisine,normal,697
"SESAME SEEDS, WHITE",lamb,normal,697
"SESAME SEEDS, WHITE",Lebanese cuisine,normal,697
"SESAME SEEDS, WHITE",legumes,normal,697
"SESAME SEEDS, WHITE",lemon,normal,697
"SESAME SEEDS, WHITE",meats,normal,697
"SESAME SEEDS, WHITE",mole sauces,normal,697
"SESAME SEEDS, WHITE",Middle Eastern cuisine,recommended,697
"SESAME SEEDS, WHITE",noodles,recommended,697
"SESAME SEEDS, WHITE",nutmeg,normal,697
"SESAME SEEDS, WHITE",orange,normal,697
"SESAME SEEDS, WHITE",oregano,normal,697
"SESAME SEEDS, WHITE",paprika,normal,697
"SESAME SEEDS, WHITE",pepper,normal,697
"SESAME SEEDS, WHITE",rice,normal,697
"SESAME SEEDS, WHITE","SALADS (green, pasta) and salad dressings",recommended,697
"SESAME SEEDS, WHITE",scallions,normal,697
"SESAME SEEDS, WHITE",scallops,normal,697
"SESAME SEEDS, WHITE",sesame oil,normal,697
"SESAME SEEDS, WHITE",shellfish,normal,697
"SESAME SEEDS, WHITE",shrimp,normal,697
"SESAME SEEDS, WHITE",soy sauce,normal,697
"SESAME SEEDS, WHITE",spinach,recommended,697
"SESAME SEEDS, WHITE",stir-fried dishes,normal,697
"SESAME SEEDS, WHITE",sugar,normal,697
"SESAME SEEDS, WHITE",sumac,normal,697
"SESAME SEEDS, WHITE",tahini paste (key ingredient),recommended,697
"SESAME SEEDS, WHITE",thyme,normal,697
"SESAME SEEDS, WHITE",Turkish cuisine,normal,697
"SESAME SEEDS, WHITE",vanilla,normal,697
"SESAME SEEDS, WHITE","vegetables, esp. cold, green",normal,697
"SESAME SEEDS, WHITE",zucchini,normal,697
SHALLOTS,beef,normal,698
SHALLOTS,butter,recommended,698
SHALLOTS,capers,normal,698
SHALLOTS,chicken,normal,698
SHALLOTS,chives,normal,698
SHALLOTS,cod,normal,698
SHALLOTS,cognac,normal,698
SHALLOTS,cream,normal,698
SHALLOTS,"fish, esp. baked, grilled",normal,698
SHALLOTS,"French cuisine, esp. sauces",normal,698
SHALLOTS,garlic,recommended,698
SHALLOTS,halibut,normal,698
SHALLOTS,"lemon, juice",normal,698
SHALLOTS,"meats, esp. grilled, roasted",normal,698
SHALLOTS,"mustard, Dijon",recommended,698
SHALLOTS,nutmeg,normal,698
SHALLOTS,olive oil,recommended,698
SHALLOTS,oysters,normal,698
SHALLOTS,"parsley, flat-leaf",normal,698
SHALLOTS,pasta,normal,698
SHALLOTS,"pepper, white",normal,698
SHALLOTS,port,normal,698
SHALLOTS,salads and salad dressings,recommended,698
SHALLOTS,salt,normal,698
SHALLOTS,"sauces (e.g., béarnaise, bordelaise, red wine)",normal,698
SHALLOTS,sherry,normal,698
SHALLOTS,"squash, butternut",normal,698
SHALLOTS,steak,normal,698
SHALLOTS,"stock, chicken",normal,698
SHALLOTS,sugar (pinch),normal,698
SHALLOTS,tarragon,recommended,698
SHALLOTS,thyme,recommended,698
SHALLOTS,tomatoes,normal,698
SHALLOTS,veal,normal,698
SHALLOTS,vinaigrettes,normal,699
SHALLOTS,wine,normal,699
SHELLFISH,almonds,normal,699
SHELLFISH,bacon,normal,699
SHELLFISH,basil,normal,699
SHELLFISH,celery,normal,699
SHELLFISH,chives,normal,699
SHELLFISH,cilantro,normal,699
SHELLFISH,coconut,normal,699
SHELLFISH,cream,normal,699
SHELLFISH,curry,normal,699
SHELLFISH,fennel,normal,699
SHELLFISH,"fines herbes (i.e., chervil, chives, parsley, tarragon)",normal,699
SHELLFISH,fruit,normal,699
SHELLFISH,garlic,normal,699
SHELLFISH,ginger,normal,699
SHELLFISH,grapefruit,recommended,699
SHELLFISH,hoisin sauce,normal,699
SHELLFISH,LEMON,very_highly_recommended,699
SHELLFISH,lemongrass,normal,699
SHELLFISH,Old Bay seasoning,normal,699
SHELLFISH,orange,recommended,699
SHELLFISH,saffron,normal,699
SHELLFISH,tarragon,normal,699
SHELLFISH,tomatoes,normal,699
SHELLFISH,vanilla,normal,699
SHELLFISH,vinegar,normal,699
SHELLFISH,watermelon,normal,699
SHELLFISH,"wines, dry white (e.g., Sauvighon Blanc)",normal,699
SHISO LEAF,apples,normal,700
SHISO LEAF,avocados,normal,700
SHISO LEAF,basil,normal,700
SHISO LEAF,beef,normal,700
SHISO LEAF,cabbage,normal,700
SHISO LEAF,chicken,normal,700
SHISO LEAF,chives,normal,700
SHISO LEAF,clams,normal,700
SHISO LEAF,crab,recommended,700
SHISO LEAF,cucumbers,normal,700
SHISO LEAF,"fish, esp. fried or oily",recommended,700
SHISO LEAF,fried foods,normal,700
SHISO LEAF,ginger,normal,700
SHISO LEAF,Japanese cuisine,recommended,700
SHISO LEAF,Korean cuisine,normal,700
SHISO LEAF,lemon,normal,700
SHISO LEAF,lemongrass,normal,700
SHISO LEAF,lime,normal,700
SHISO LEAF,meat,normal,700
SHISO LEAF,melon,normal,700
SHISO LEAF,mint,normal,700
SHISO LEAF,miso,normal,700
SHISO LEAF,noodles,normal,700
SHISO LEAF,onions,normal,700
SHISO LEAF,orange,normal,700
SHISO LEAF,parsley,normal,700
SHISO LEAF,pears,normal,700
SHISO LEAF,pickles,normal,700
SHISO LEAF,prawns,normal,700
SHISO LEAF,radishes,normal,700
SHISO LEAF,rice,normal,700
SHISO LEAF,"salads: green, fruit",recommended,700
SHISO LEAF,sea urchin,normal,700
SHISO LEAF,seafood,recommended,700
SHISO LEAF,shrimp,normal,700
SHISO LEAF,soups,normal,700
SHISO LEAF,soy sauce,normal,700
SHISO LEAF,sushi and sashimi,recommended,700
SHISO LEAF,tempura,normal,700
SHISO LEAF,turnips,normal,700
SHISO LEAF,vinegar,normal,700
SHISO LEAF,wasabi,normal,700
SHISO LEAF,yellowtail,normal,701
SHRIMP,allspice,normal,701
SHRIMP,almonds,normal,701
SHRIMP,apples and apple cider,normal,701
SHRIMP,artichokes,normal,701
SHRIMP,arugula,recommended,701
SHRIMP,asparagus,normal,701
SHRIMP,avocado,recommended,701
SHRIMP,bacon,recommended,701
SHRIMP,basil,recommended,701
SHRIMP,bay leaf,recommended,701
SHRIMP,"beans: black, cranberry, fava, green, white",recommended,701
SHRIMP,beer,normal,701
SHRIMP,"bell peppers, red",recommended,701
SHRIMP,"bonito flakes (e.g., Japanese)",normal,701
SHRIMP,brandy,normal,701
SHRIMP,"bread crumbs, panko",normal,701
SHRIMP,brown butter sauce,normal,701
SHRIMP,"butter, unsalted",recommended,701
SHRIMP,"cabbage: green, red",normal,701
SHRIMP,Cajun cuisine,normal,701
SHRIMP,capers,normal,701
SHRIMP,carrots and carrot juice,recommended,701
SHRIMP,caviar,normal,701
SHRIMP,cayenne,recommended,701
SHRIMP,celery,recommended,701
SHRIMP,celery root,recommended,701
SHRIMP,chervil,normal,701
SHRIMP,chicory,normal,701
SHRIMP,chili oil,normal,701
SHRIMP,chili paste,normal,702
SHRIMP,chili powder,normal,702
SHRIMP,chili sauce,normal,702
SHRIMP,Chinese cuisine,normal,702
SHRIMP,chives,recommended,702
SHRIMP,cilantro (garnish),recommended,702
SHRIMP,cinnamon,recommended,702
SHRIMP,clams,recommended,702
SHRIMP,cloves,normal,702
SHRIMP,"coconut: milk, shredded",normal,702
SHRIMP,cognac,normal,702
SHRIMP,coriander,normal,702
SHRIMP,corn,normal,702
SHRIMP,CRAB,very_highly_recommended,702
SHRIMP,cream,recommended,702
SHRIMP,Creole cuisine,normal,702
SHRIMP,cucumbers,normal,702
SHRIMP,cumin,normal,702
SHRIMP,curry leaf,normal,702
SHRIMP,curry powder or sauce,recommended,702
SHRIMP,dill,normal,702
SHRIMP,eggs,normal,702
SHRIMP,endive,normal,702
SHRIMP,fennel,normal,702
SHRIMP,fennel seeds,normal,702
SHRIMP,"fish, white",normal,702
SHRIMP,"fish sauce, Thai",normal,702
SHRIMP,GARLIC,holy_grail,702
SHRIMP,ginger,recommended,702
SHRIMP,"greens, esp. beet, dandelion, collard, mustard, turnip",normal,702
SHRIMP,grits,normal,702
SHRIMP,hazelnut oil,normal,702
SHRIMP,honey,normal,702
SHRIMP,horseradish,normal,702
SHRIMP,Japanese cuisine,normal,702
SHRIMP,kaffir lime leaf,normal,702
SHRIMP,ketchup,normal,702
SHRIMP,Korean cuisine,normal,702
SHRIMP,leeks,normal,702
SHRIMP,"LEMON: juice, zest",recommended,702
SHRIMP,lemongrass,normal,702
SHRIMP,lettuce,normal,702
SHRIMP,"lime: leaves, juice, whole, zest",recommended,702
SHRIMP,lobster,normal,702
SHRIMP,mango,normal,702
SHRIMP,marjoram,normal,703
SHRIMP,mayonnaise,normal,703
SHRIMP,Mediterranean cuisine,normal,703
SHRIMP,"melon, cantaloupe",normal,703
SHRIMP,Mexican cuisine,normal,703
SHRIMP,mint,recommended,703
SHRIMP,mirin,normal,703
SHRIMP,monkfish,normal,703
SHRIMP,"mushrooms, (e.g., chanterelles, shiitakes)",recommended,703
SHRIMP,mussels,normal,703
SHRIMP,"mustard: country, Dijon, dry (sauce)",recommended,703
SHRIMP,mustard seeds,normal,703
SHRIMP,nutmeg,normal,703
SHRIMP,"OIL: canola, corn, grapeseed, peanut, vegetable",recommended,703
SHRIMP,"oil: peanut, sesame (for drizzling)",normal,703
SHRIMP,Old Bay seasoning,recommended,703
SHRIMP,olive oil,recommended,703
SHRIMP,"olives, black",normal,703
SHRIMP,"ONIONS, esp. red, Spanish, white",very_highly_recommended,703
SHRIMP,"orange: juice, zest",recommended,703
SHRIMP,oregano,normal,703
SHRIMP,oysters,normal,703
SHRIMP,paprika,normal,703
SHRIMP,"parsley, flat-leaf",recommended,703
SHRIMP,pasta,normal,703
SHRIMP,peanuts,normal,703
SHRIMP,"PEPPER: black, white",recommended,703
SHRIMP,pesto,normal,703
SHRIMP,pike,normal,703
SHRIMP,pineapple and pineapple juice,normal,703
SHRIMP,pine nuts,normal,703
SHRIMP,pistachios,normal,703
SHRIMP,pumpkin,normal,703
SHRIMP,radishes,normal,703
SHRIMP,red pepper flakes,normal,703
SHRIMP,"rice (e.g., Arborio, bomba)",normal,703
SHRIMP,risotto,normal,703
SHRIMP,rosemary,recommended,703
SHRIMP,"rum, dark",normal,703
SHRIMP,saffron,recommended,703
SHRIMP,sage,normal,703
SHRIMP,sake,normal,703
SHRIMP,salsa,normal,703
SHRIMP,"SALT: kosher, sea",recommended,703
SHRIMP,"sauce, romesco",normal,703
SHRIMP,"sausages (e.g., andouille)",normal,704
SHRIMP,scallions,recommended,704
SHRIMP,scallops,normal,704
SHRIMP,"sesame: oil, seeds",recommended,704
SHRIMP,shallots,recommended,704
SHRIMP,shiso leaf,normal,704
SHRIMP,snow peas,normal,704
SHRIMP,sour cream,normal,704
SHRIMP,Southern cuisine,normal,704
SHRIMP,soy sauce,recommended,704
SHRIMP,spinach,normal,704
SHRIMP,squid,normal,704
SHRIMP,squid ink,normal,704
SHRIMP,star anise,normal,704
SHRIMP,"stocks: chicken, clam, fish, shrimp",recommended,704
SHRIMP,"sugar: brown, white",normal,704
SHRIMP,sweet potatoes,normal,704
SHRIMP,Tabasco sauce,normal,704
SHRIMP,tarragon,normal,704
SHRIMP,tea sandwiches,normal,704
SHRIMP,tempura,normal,704
SHRIMP,Thai cuisine,normal,704
SHRIMP,"thyme, lemon",recommended,704
SHRIMP,"TOMATOES and tomato paste, sun-dried",recommended,704
SHRIMP,turmeric,normal,704
SHRIMP,vanilla,normal,704
SHRIMP,vermouth,normal,704
SHRIMP,Vietnamese cuisine,normal,704
SHRIMP,vinaigrette,normal,704
SHRIMP,"vinegar: balsamic, rice wine, sherry, tarragon, wine",recommended,704
SHRIMP,wasabi,normal,704
SHRIMP,watercress,normal,704
SHRIMP,"WINE: dry white, rice, Sauternes",recommended,704
SHRIMP,Worcestershire sauce,normal,704
SHRIMP,yogurt,normal,704
SHRIMP,yuzu juice,normal,704
SHRIMP,zucchini,normal,704
SKATE,almonds,normal,705
SKATE,anchovies,normal,705
SKATE,arugula,normal,705
SKATE,bay leaf,normal,705
SKATE,"butter and butter sauces (e.g., brown butter)",recommended,705
SKATE,CAPERS,very_highly_recommended,705
SKATE,carrots,normal,705
SKATE,cayenne,normal,705
SKATE,celery and celery leaves,normal,705
SKATE,chives,normal,705
SKATE,cilantro,normal,705
SKATE,clams,recommended,705
SKATE,cloves,normal,705
SKATE,dill,normal,705
SKATE,eggplant,normal,705
SKATE,fennel,normal,705
SKATE,garlic,recommended,705
SKATE,leeks,normal,705
SKATE,"LEMON, juice",recommended,705
SKATE,lemon balm,normal,705
SKATE,lovage,normal,705
SKATE,"mustard, Dijon",normal,705
SKATE,"OIL: canola, peanut, sesame, vegetable",recommended,705
SKATE,OLIVE OIL,very_highly_recommended,705
SKATE,onions,recommended,705
SKATE,"orange, juice",normal,705
SKATE,"parsley, flat-leaf",recommended,705
SKATE,parsnips,normal,705
SKATE,pasta,normal,706
SKATE,"pepper: black, green, white",recommended,706
SKATE,pistachios,normal,706
SKATE,polenta,normal,706
SKATE,ponzu sauce,normal,706
SKATE,potatoes,normal,706
SKATE,pumpkin seeds,normal,706
SKATE,rosemary,normal,706
SKATE,saffron,normal,706
SKATE,sage,recommended,706
SKATE,sake,normal,706
SKATE,"salt: kosher, sea",recommended,706
SKATE,shallots,normal,706
SKATE,shrimp,normal,706
SKATE,spinach,normal,706
SKATE,squid,normal,706
SKATE,star anise,normal,706
SKATE,tapenade,normal,706
SKATE,tarragon,normal,706
SKATE,thyme,normal,706
SKATE,tomatoes and tomato paste,normal,706
SKATE,vinaigrette,normal,706
SKATE,"VINEGAR: balsamic, red wine, rice wine, sherry",recommended,706
SKATE,walnuts,normal,706
SKATE,"wine: dry white, red",recommended,706
SLOW-COOKED,cumin,normal,706
SLOW-COOKED,garlic,normal,706
SLOW-COOKED,ginger,normal,706
SLOW-COOKED,horseradish,normal,706
SLOW-COOKED,onions,normal,706
SLOW-COOKED,oregano,normal,707
SLOW-COOKED,rosemary,normal,707
SLOW-COOKED,shallots,normal,707
SLOW-COOKED,thyme,normal,707
SMOKINESS,bacon,normal,707
SMOKINESS,barbecued foods,normal,707
SMOKINESS,"beer, smoked",normal,707
SMOKINESS,"cheese, smoked",normal,707
SMOKINESS,"chile peppers, chipotle",normal,707
SMOKINESS,"duck, smoked",normal,707
SMOKINESS,"fish, smoked (e.g., salmon, trout)",normal,707
SMOKINESS,grilled foods,normal,707
SMOKINESS,"ham, smoked",normal,707
SMOKINESS,liquid smoke,normal,707
SMOKINESS,"paprika, smoked",normal,707
SMOKINESS,"salmon, smoked",normal,707
SMOKINESS,"salt, smoked",normal,707
SMOKINESS,"sausage, smoked",normal,707
SMOKINESS,"tea, Lapsang Souchong",normal,707
SMOKINESS,"whiskey, scotch",normal,707
SNAP PEAS (aka sugar snap peas),almonds,normal,707
SNAP PEAS (aka sugar snap peas),basil,normal,707
SNAP PEAS (aka sugar snap peas),brown butter sauce,normal,707
SNAP PEAS (aka sugar snap peas),butter,normal,707
SNAP PEAS (aka sugar snap peas),carrots,recommended,707
SNAP PEAS (aka sugar snap peas),celery,normal,707
SNAP PEAS (aka sugar snap peas),chervil,recommended,707
SNAP PEAS (aka sugar snap peas),chives,normal,708
SNAP PEAS (aka sugar snap peas),cilantro,normal,708
SNAP PEAS (aka sugar snap peas),cream,normal,708
SNAP PEAS (aka sugar snap peas),curry,normal,708
SNAP PEAS (aka sugar snap peas),dill,normal,708
SNAP PEAS (aka sugar snap peas),garlic,normal,708
SNAP PEAS (aka sugar snap peas),ginger,normal,708
SNAP PEAS (aka sugar snap peas),halibut,normal,708
SNAP PEAS (aka sugar snap peas),leeks,normal,708
SNAP PEAS (aka sugar snap peas),"lemon, juice",normal,708
SNAP PEAS (aka sugar snap peas),marjoram,normal,708
SNAP PEAS (aka sugar snap peas),mint,recommended,708
SNAP PEAS (aka sugar snap peas),mushrooms,normal,708
SNAP PEAS (aka sugar snap peas),nutmeg,normal,708
SNAP PEAS (aka sugar snap peas),olive oil,normal,708
SNAP PEAS (aka sugar snap peas),onions,normal,708
SNAP PEAS (aka sugar snap peas),oregano,normal,708
SNAP PEAS (aka sugar snap peas),parsley,normal,708
SNAP PEAS (aka sugar snap peas),"pepper, white",normal,708
SNAP PEAS (aka sugar snap peas),potatoes,normal,708
SNAP PEAS (aka sugar snap peas),rice,normal,708
SNAP PEAS (aka sugar snap peas),rosemary,normal,708
SNAP PEAS (aka sugar snap peas),saffron,normal,708
SNAP PEAS (aka sugar snap peas),sage,recommended,708
SNAP PEAS (aka sugar snap peas),salmon,normal,708
SNAP PEAS (aka sugar snap peas),scallions,normal,708
SNAP PEAS (aka sugar snap peas),sesame oil,recommended,708
SNAP PEAS (aka sugar snap peas),sesame seeds,recommended,708
SNAP PEAS (aka sugar snap peas),shrimp,normal,708
SNAP PEAS (aka sugar snap peas),"stock, vegetable",normal,708
SNAP PEAS (aka sugar snap peas),tarragon,normal,708
SNAP PEAS (aka sugar snap peas),thyme,normal,708
SNAP PEAS (aka sugar snap peas),yogurt,normal,708
SNAPPER (aka red snapper),almonds,normal,708
SNAPPER (aka red snapper),"apricots, esp. dried",normal,708
SNAPPER (aka red snapper),artichokes,normal,709
SNAPPER (aka red snapper),basil (garnish),normal,709
SNAPPER (aka red snapper),bay leaf,recommended,709
SNAPPER (aka red snapper),"bell peppers: green, red, yellow",recommended,709
SNAPPER (aka red snapper),"butter, unsalted",normal,709
SNAPPER (aka red snapper),cabbage,normal,709
SNAPPER (aka red snapper),capers,normal,709
SNAPPER (aka red snapper),carrots,normal,709
SNAPPER (aka red snapper),cayenne,normal,709
SNAPPER (aka red snapper),celery and celery leaves,normal,709
SNAPPER (aka red snapper),"chile peppers: chipotle, jalapeño",recommended,709
SNAPPER (aka red snapper),chives,recommended,709
SNAPPER (aka red snapper),cilantro,normal,709
SNAPPER (aka red snapper),clams,normal,709
SNAPPER (aka red snapper),coconut,normal,709
SNAPPER (aka red snapper),coriander,normal,709
SNAPPER (aka red snapper),couscous,normal,709
SNAPPER (aka red snapper),crab,normal,709
SNAPPER (aka red snapper),cream,normal,709
SNAPPER (aka red snapper),cumin,normal,709
SNAPPER (aka red snapper),dill,normal,709
SNAPPER (aka red snapper),fennel,normal,709
SNAPPER (aka red snapper),fennel seeds,normal,709
SNAPPER (aka red snapper),five-spice powder,normal,709
SNAPPER (aka red snapper),GARLIC,very_highly_recommended,709
SNAPPER (aka red snapper),ginger,normal,709
SNAPPER (aka red snapper),grapefruit,normal,709
SNAPPER (aka red snapper),hazelnuts,normal,709
SNAPPER (aka red snapper),leeks,recommended,709
SNAPPER (aka red snapper),"LEMON: fruit, juice, zest",recommended,709
SNAPPER (aka red snapper),lemon thyme,normal,709
SNAPPER (aka red snapper),"lime, juice",normal,709
SNAPPER (aka red snapper),mint,normal,709
SNAPPER (aka red snapper),"miso: dried, white",normal,709
SNAPPER (aka red snapper),"mushrooms: cepes, chanterelles",normal,709
SNAPPER (aka red snapper),"mustard, Dijon",normal,709
SNAPPER (aka red snapper),"OIL: canola, corn, grapeseed, vegetable",recommended,709
SNAPPER (aka red snapper),OLIVE OIL,very_highly_recommended,709
SNAPPER (aka red snapper),"olives: black, kalamata",normal,709
SNAPPER (aka red snapper),"onions: red, white",recommended,709
SNAPPER (aka red snapper),"orange: juice, zest",recommended,709
SNAPPER (aka red snapper),papaya,normal,709
SNAPPER (aka red snapper),paprika,normal,709
SNAPPER (aka red snapper),"parsley, flat-leaf",recommended,709
SNAPPER (aka red snapper),"peas, sugar snap",normal,709
SNAPPER (aka red snapper),"pepper: black, white",recommended,710
SNAPPER (aka red snapper),pesto,normal,710
SNAPPER (aka red snapper),"pistachios, esp. as crust",normal,710
SNAPPER (aka red snapper),port,normal,710
SNAPPER (aka red snapper),potatoes,recommended,710
SNAPPER (aka red snapper),red pepper flakes,normal,710
SNAPPER (aka red snapper),rice,normal,710
SNAPPER (aka red snapper),rosemary,normal,710
SNAPPER (aka red snapper),saffron,normal,710
SNAPPER (aka red snapper),"SALT: kosher, sea",recommended,710
SNAPPER (aka red snapper),"sauces: brown butter, hollandaise, romesco",normal,710
SNAPPER (aka red snapper),"sausage, esp. spicy",normal,710
SNAPPER (aka red snapper),scallions,normal,710
SNAPPER (aka red snapper),seaweed (for presentation),normal,710
SNAPPER (aka red snapper),sesame,normal,710
SNAPPER (aka red snapper),shallots,recommended,710
SNAPPER (aka red snapper),shrimp,normal,710
SNAPPER (aka red snapper),spinach,normal,710
SNAPPER (aka red snapper),star anise,normal,710
SNAPPER (aka red snapper),"stocks: chicken, fish",normal,710
SNAPPER (aka red snapper),sugar,normal,710
SNAPPER (aka red snapper),sweet potatoes,normal,710
SNAPPER (aka red snapper),tarragon,normal,710
SNAPPER (aka red snapper),thyme,recommended,710
SNAPPER (aka red snapper),"TOMATOES: canned, fresh, paste",recommended,710
SNAPPER (aka red snapper),turnips,normal,710
SNAPPER (aka red snapper),"vinegar: red wine, sherry, white",recommended,710
SNAPPER (aka red snapper),"wine, dry white",recommended,710
SOLE,artichokes,normal,710
SOLE,asparagus,normal,710
SOLE,"basil: sweet, lemon",normal,710
SOLE,bass,normal,710
SOLE,bay leaf,normal,711
SOLE,"beans, fava",normal,711
SOLE,bread crumbs,normal,711
SOLE,"BUTTER, unsalted",recommended,711
SOLE,buttermilk,normal,711
SOLE,capers,normal,711
SOLE,carrots,normal,711
SOLE,cayenne,recommended,711
SOLE,celery and celery leaves,normal,711
SOLE,chervil,recommended,711
SOLE,CHIVES,very_highly_recommended,711
SOLE,coriander,normal,711
SOLE,cornmeal,normal,711
SOLE,couscous,normal,711
SOLE,cream,normal,711
SOLE,dill,normal,711
SOLE,endive,normal,711
SOLE,French cuisine,normal,711
SOLE,garlic,recommended,711
SOLE,ginger,normal,711
SOLE,"greens, collard",normal,711
SOLE,"LEMON: juice, slices",recommended,711
SOLE,lobster,normal,711
SOLE,mayonnaise,normal,711
SOLE,Mediterranean cuisine,normal,711
SOLE,milk,normal,711
SOLE,"mint, esp. spearmint",normal,711
SOLE,"mushrooms: button, morels",recommended,711
SOLE,mussels,normal,711
SOLE,noodles,normal,711
SOLE,"oil: canola, corn, grapeseed, olive, peanut, vegetable",recommended,711
SOLE,olive oil,normal,711
SOLE,"onions, esp. white",normal,711
SOLE,oysters,normal,711
SOLE,paprika,normal,711
SOLE,"PARSLEY, flat-leaf",recommended,711
SOLE,peas,normal,711
SOLE,"PEPPER: black, pink, white",recommended,711
SOLE,potatoes,normal,711
SOLE,quince,normal,711
SOLE,ramps,normal,711
SOLE,salmon,normal,711
SOLE,"SALT: kosher, sea",recommended,711
SOLE,"sauces: brown butter, hollandaise",normal,711
SOLE,SHALLOTS,very_highly_recommended,711
SOLE,shrimp,normal,712
SOLE,spinach,recommended,712
SOLE,star anise,normal,712
SOLE,"stock, fish",recommended,712
SOLE,TARRAGON,very_highly_recommended,712
SOLE,thyme,normal,712
SOLE,tomatoes,recommended,712
SOLE,truffles,normal,712
SOLE,"vinegar, balsamic",normal,712
SOLE,watercress,normal,712
SOLE,"WINE, DRY WHITE (e.g., Chablis)",very_highly_recommended,712
SORREL,almonds,normal,712
SORREL,apples,normal,712
SORREL,avocados,normal,712
SORREL,bacon,normal,712
SORREL,basil,normal,712
SORREL,"BUTTER, UNSALTED",very_highly_recommended,712
SORREL,carrots,normal,712
SORREL,caviar,normal,712
SORREL,chard,recommended,712
SORREL,"CHEESE: Emmental, goat, Gruyère, Parmesan, pecorino, ricotta, Swiss",recommended,712
SORREL,chervil,normal,712
SORREL,chicken,normal,712
SORREL,chives,normal,712
SORREL,cilantro,normal,712
SORREL,collard greens,normal,712
SORREL,CREAM,very_highly_recommended,712
SORREL,crème fraîche,recommended,712
SORREL,cucumbers,normal,712
SORREL,dandelion greens,normal,712
SORREL,dill,normal,712
SORREL,"EGGS: egg-based dishes, omelets",recommended,713
SORREL,escarole,normal,713
SORREL,FISH,very_highly_recommended,713
SORREL,French cuisine,normal,713
SORREL,garlic,normal,713
SORREL,grapes,normal,713
SORREL,greens,normal,713
SORREL,leeks,normal,713
SORREL,"lemon, juice",normal,713
SORREL,lemon verbena,normal,713
SORREL,"lentils, esp. green",recommended,713
SORREL,lettuce,normal,713
SORREL,lovage,normal,713
SORREL,marinades,normal,713
SORREL,meats,normal,713
SORREL,mint,normal,713
SORREL,mushrooms,normal,713
SORREL,mussels,normal,713
SORREL,mustard,recommended,713
SORREL,nutmeg,normal,713
SORREL,olive oil,normal,713
SORREL,onions,recommended,713
SORREL,paprika,normal,713
SORREL,"parsley, flat-leaf",recommended,713
SORREL,parsnip,normal,713
SORREL,"pepper: black, white",recommended,713
SORREL,pork,normal,713
SORREL,"potatoes, esp. new, russet",recommended,713
SORREL,poultry,normal,713
SORREL,rice,normal,713
SORREL,salads (say some),recommended,713
SORREL,salmon,recommended,713
SORREL,"salmon, smoked",normal,713
SORREL,salt,recommended,713
SORREL,"sauces, cream",recommended,713
SORREL,seafood,recommended,713
SORREL,shad,normal,713
SORREL,shallots,normal,713
SORREL,shellfish,normal,713
SORREL,"SOUPS, esp. creamy vegetable",very_highly_recommended,713
SORREL,sour cream,normal,713
SORREL,SPINACH,very_highly_recommended,713
SORREL,"STOCKS: chicken, veal, vegetable",recommended,713
SORREL,stuffings,normal,713
SORREL,tarragon,normal,713
SORREL,tea sandwiches,normal,714
SORREL,"thyme, lemon",normal,714
SORREL,tomatoes,normal,714
SORREL,trout,normal,714
SORREL,veal,normal,714
SORREL,vegetarian dishes,normal,714
SORREL,"vinegar, red wine",recommended,714
SORREL,watercress,normal,714
SORREL,"wine, dry white",normal,714
SORREL,salads (say some),avoid,714
SOUR CREAM,"baked goods (e.g., cakes, cookies)",normal,714
SOUR CREAM,borscht,normal,714
SOUR CREAM,caviar,normal,714
SOUR CREAM,desserts,normal,714
SOUR CREAM,dill,normal,714
SOUR CREAM,dips,normal,714
SOUR CREAM,"European cuisine, esp. eastern and northern",normal,714
SOUR CREAM,fruit,normal,714
SOUR CREAM,horseradish,normal,714
SOUR CREAM,Hungarian cuisine,normal,714
SOUR CREAM,"lemon, juice",normal,714
SOUR CREAM,mustard,normal,714
SOUR CREAM,paprika,normal,714
SOUR CREAM,pepper,normal,714
SOUR CREAM,"potatoes, esp. baked",recommended,714
SOUR CREAM,Russian cuisine,normal,714
SOUR CREAM,salads and salad dressings,normal,714
SOUR CREAM,sauces,normal,714
SOUR CREAM,Scandinavian cuisine,normal,714
SOUR CREAM,soups,normal,715
SOURNESS,"apples, tart (e.g., Granny Smith, Winesap)",normal,715
SOURNESS,blackberries,normal,715
SOURNESS,buttermilk,normal,715
SOURNESS,caraway seeds,normal,715
SOURNESS,"cheese, sour (e.g., chèvre, other goat cheese)",normal,715
SOURNESS,"cherries, sour",normal,715
SOURNESS,citrus,normal,715
SOURNESS,cloves,normal,715
SOURNESS,coriander,normal,715
SOURNESS,cornichons,normal,715
SOURNESS,cranberries,normal,715
SOURNESS,cream cheese,normal,715
SOURNESS,cream of tartar,normal,715
SOURNESS,crème fraîche,normal,715
SOURNESS,currants,normal,715
SOURNESS,fermented foods,normal,715
SOURNESS,"fruits: sour, unripened",normal,715
SOURNESS,galangal,normal,715
SOURNESS,ginger,normal,715
SOURNESS,grapefruit,normal,715
SOURNESS,"grapes, green",normal,715
SOURNESS,kaffir lime,normal,715
SOURNESS,kiwi fruit,normal,715
SOURNESS,kumquats,normal,715
SOURNESS,"lemon: juice, zest",recommended,715
SOURNESS,"lemon, preserved",normal,715
SOURNESS,lemongrass,normal,715
SOURNESS,"lime: juice, zest",recommended,715
SOURNESS,"milk, goat’s",normal,715
SOURNESS,miso,normal,715
SOURNESS,"mushrooms, enoki",normal,715
SOURNESS,"orange: juice, zest",normal,715
SOURNESS,pickled foods,normal,715
SOURNESS,"plums, esp. unripe",normal,715
SOURNESS,ponzu,normal,715
SOURNESS,quince,normal,716
SOURNESS,rhubarb,normal,716
SOURNESS,rose hips,normal,716
SOURNESS,"sauces, reduced-wine",normal,716
SOURNESS,sauerkraut,normal,716
SOURNESS,sorrel,normal,716
SOURNESS,sour cream,normal,716
SOURNESS,soy sauce,normal,716
SOURNESS,sumac,normal,716
SOURNESS,tamarind,normal,716
SOURNESS,"tomatoes, esp. green",normal,716
SOURNESS,verjus,normal,716
SOURNESS,vinegars,recommended,716
SOURNESS,whey,normal,716
SOURNESS,"wine, dry",recommended,716
SOURNESS,yogurt,normal,716
SOURNESS,yuzu,normal,716
SOUTHEAST ASIAN CUISINES,chile peppers,normal,716
SOUTHEAST ASIAN CUISINES,coconut milk,normal,716
SOUTHEAST ASIAN CUISINES,curries,normal,716
SOUTHEAST ASIAN CUISINES,fish sauce,recommended,716
SOUTHEAST ASIAN CUISINES,galangal,normal,716
SOUTHEAST ASIAN CUISINES,ginger,normal,716
SOUTHEAST ASIAN CUISINES,lemongrass,normal,716
SOUTHEAST ASIAN CUISINES,lime,recommended,716
SOUTHEAST ASIAN CUISINES,mint,normal,716
SOUTHEAST ASIAN CUISINES,soy sauce,normal,716
SOUTHEAST ASIAN CUISINES,sugar,normal,716
SOUTHEAST ASIAN CUISINES,tamarind,normal,716
SOUTHEAST ASIAN CUISINES,"vegetables: fresh, fermented",normal,716
SOUTHERN CUISINE (AMERICAN),"baked goods, e.g., biscuits",normal,717
SOUTHERN CUISINE (AMERICAN),barbecue,normal,717
SOUTHERN CUISINE (AMERICAN),black-eyed peas,normal,717
SOUTHERN CUISINE (AMERICAN),"chicken, esp. fried",normal,717
SOUTHERN CUISINE (AMERICAN),gravy,normal,717
SOUTHERN CUISINE (AMERICAN),"greens, esp. collard",normal,717
SOUTHERN CUISINE (AMERICAN),grits,normal,717
SOUTHERN CUISINE (AMERICAN),ham,normal,717
SOUTHERN CUISINE (AMERICAN),pies,normal,717
SOUTHERN CUISINE (AMERICAN),pork,normal,717
SOUTHERN CUISINE (AMERICAN),potatoes,normal,717
SOUTHERN CUISINE (AMERICAN),rice,normal,717
SOUTHERN CUISINE (AMERICAN),sweet potatoes,normal,717
SOUTHERN CUISINE (AMERICAN),"tea: iced, sweet",normal,717
SOUTHWESTERN CUISINE (AMERICAN),avocados,normal,717
SOUTHWESTERN CUISINE (AMERICAN),beans,recommended,717
SOUTHWESTERN CUISINE (AMERICAN),beef,normal,717
SOUTHWESTERN CUISINE (AMERICAN),cheese,normal,717
SOUTHWESTERN CUISINE (AMERICAN),chicken,normal,717
SOUTHWESTERN CUISINE (AMERICAN),chiles,normal,717
SOUTHWESTERN CUISINE (AMERICAN),chocolate,normal,717
SOUTHWESTERN CUISINE (AMERICAN),cilantro,normal,717
SOUTHWESTERN CUISINE (AMERICAN),cinnamon,normal,717
SOUTHWESTERN CUISINE (AMERICAN),corn,normal,717
SOUTHWESTERN CUISINE (AMERICAN),limes,normal,717
SOUTHWESTERN CUISINE (AMERICAN),nuts,normal,717
SOUTHWESTERN CUISINE (AMERICAN),onions,normal,717
SOUTHWESTERN CUISINE (AMERICAN),pork,normal,717
SOUTHWESTERN CUISINE (AMERICAN),rice,normal,717
SOUTHWESTERN CUISINE (AMERICAN),squash,normal,717
SOUTHWESTERN CUISINE (AMERICAN),tomatoes,normal,717
SOUTHWESTERN CUISINE (AMERICAN),tortillas,normal,717
SOY SAUCE,basil,normal,718
SOY SAUCE,beef,normal,718
SOY SAUCE,broccoli,normal,718
SOY SAUCE,chicken,normal,718
SOY SAUCE,Chinese cuisine,normal,718
SOY SAUCE,coriander,normal,718
SOY SAUCE,"fish: cooked, raw",normal,718
SOY SAUCE,garlic,normal,718
SOY SAUCE,ginger,recommended,718
SOY SAUCE,honey,recommended,718
SOY SAUCE,Japanese cuisine,normal,718
SOY SAUCE,Korean cuisine,normal,718
SOY SAUCE,lime juice,normal,718
SOY SAUCE,"lobster, raw",normal,718
SOY SAUCE,marinades,normal,718
SOY SAUCE,meats,normal,718
SOY SAUCE,mirin,normal,718
SOY SAUCE,molasses,normal,718
SOY SAUCE,orange zest,normal,718
SOY SAUCE,peanuts,normal,718
SOY SAUCE,red pepper flakes,normal,718
SOY SAUCE,salt,normal,718
SOY SAUCE,scallions,normal,718
SOY SAUCE,seafood,normal,718
SOY SAUCE,sesame oil,normal,718
SOY SAUCE,sugar,normal,718
SOY SAUCE,wasabi,normal,718
SPANISH CUISINE,almonds,normal,718
SPANISH CUISINE,anchovies,normal,718
SPANISH CUISINE,bay leaf,normal,718
SPANISH CUISINE,bread,normal,718
SPANISH CUISINE,chorizo,normal,719
SPANISH CUISINE,custards,normal,719
SPANISH CUISINE,eggs,recommended,719
SPANISH CUISINE,fish,normal,719
SPANISH CUISINE,fruits,normal,719
SPANISH CUISINE,garlic,normal,719
SPANISH CUISINE,"ham, Serrano",normal,719
SPANISH CUISINE,hazelnuts,normal,719
SPANISH CUISINE,lemon,normal,719
SPANISH CUISINE,"meats, esp. roasted",normal,719
SPANISH CUISINE,olive oil,recommended,719
SPANISH CUISINE,olives,normal,719
SPANISH CUISINE,onion,normal,719
SPANISH CUISINE,orange,normal,719
SPANISH CUISINE,"paprika, sweet",normal,719
SPANISH CUISINE,parsley,normal,719
SPANISH CUISINE,"peppers, esp. guindilla or piquillo, esp. roasted",normal,719
SPANISH CUISINE,pine nuts,normal,719
SPANISH CUISINE,pomegranates,normal,719
SPANISH CUISINE,pork,recommended,719
SPANISH CUISINE,rice,normal,719
SPANISH CUISINE,roasts,normal,719
SPANISH CUISINE,saffron,normal,719
SPANISH CUISINE,shellfish,normal,719
SPANISH CUISINE,sherry,normal,719
SPANISH CUISINE,soups,normal,719
SPANISH CUISINE,stews,normal,719
SPANISH CUISINE,thyme,normal,719
SPANISH CUISINE,tomatoes,normal,719
SPANISH CUISINE,vanilla,normal,719
SPANISH CUISINE,vegetables,normal,719
SPANISH CUISINE,"vinegar, sherry",normal,719
SPANISH CUISINE,walnuts,normal,719
SPINACH,almonds,normal,720
SPINACH,anchovies,recommended,720
SPINACH,apples,normal,720
SPINACH,bacon,recommended,720
SPINACH,basil,normal,720
SPINACH,"BUTTER, unsalted",holy_grail,720
SPINACH,cayenne,normal,720
SPINACH,chard,normal,720
SPINACH,"CHEESE: aged, Comté, Emmental, feta, goat, Parmesan, ricotta",recommended,720
SPINACH,"chicken, esp. grilled",normal,720
SPINACH,chickpeas,normal,720
SPINACH,chives,normal,720
SPINACH,crab,normal,720
SPINACH,CREAM / MILK,very_highly_recommended,720
SPINACH,cream cheese,normal,720
SPINACH,crème fraîche,normal,720
SPINACH,cumin,normal,720
SPINACH,curry,normal,720
SPINACH,dill,recommended,720
SPINACH,"eggs, esp. hard-boiled",recommended,720
SPINACH,fennel,normal,720
SPINACH,"fish (e.g., striped bass)",normal,720
SPINACH,French cuisine,normal,720
SPINACH,GARLIC,very_highly_recommended,720
SPINACH,ginger,normal,720
SPINACH,"greens, collard",normal,720
SPINACH,Indian cuisine,normal,720
SPINACH,Italian cuisine,normal,720
SPINACH,Japanese cuisine,normal,720
SPINACH,"lamb, esp. grilled",normal,720
SPINACH,"lemon, juice",recommended,720
SPINACH,lentils,normal,720
SPINACH,lovage,recommended,720
SPINACH,marjoram,normal,720
SPINACH,mascarpone,normal,720
SPINACH,"mint, esp. spearmint",normal,720
SPINACH,"mushrooms, esp. shiitake",recommended,720
SPINACH,"mustard, Dijon",recommended,721
SPINACH,mustard seeds,normal,721
SPINACH,NUTMEG,very_highly_recommended,721
SPINACH,"OIL: canola, peanut, sesame, vegetable, walnut",recommended,721
SPINACH,olive oil,recommended,721
SPINACH,"onions, esp. sweet",recommended,721
SPINACH,pancetta,normal,721
SPINACH,"paprika, sweet",normal,721
SPINACH,parsley,normal,721
SPINACH,pasta,normal,721
SPINACH,pecans,normal,721
SPINACH,"PEPPER: black, white",recommended,721
SPINACH,pesto,normal,721
SPINACH,pine nuts,recommended,721
SPINACH,potatoes,recommended,721
SPINACH,prosciutto,normal,721
SPINACH,quince,normal,721
SPINACH,raisins,recommended,721
SPINACH,red pepper flakes,normal,721
SPINACH,saffron,normal,721
SPINACH,"SALT: kosher, sea",recommended,721
SPINACH,salt cod,normal,721
SPINACH,"sauces: béchamel, Mornay",normal,721
SPINACH,scallions,normal,721
SPINACH,SESAME SEEDS,very_highly_recommended,721
SPINACH,shallots,recommended,721
SPINACH,shrimp,normal,721
SPINACH,smoked salmon,normal,721
SPINACH,sorrel,recommended,721
SPINACH,sour cream,normal,721
SPINACH,soy sauce,recommended,721
SPINACH,"stocks: chicken, vegetable",normal,721
SPINACH,sugar (pinch),recommended,721
SPINACH,Tabasco sauce,normal,721
SPINACH,"thyme, fresh",normal,721
SPINACH,tomatoes,normal,721
SPINACH,tuna,normal,721
SPINACH,"vinaigrette, esp. sherry",normal,721
SPINACH,"VINEGAR: balsamic, cider, red wine, rice wine, sherry",recommended,721
SPINACH,walnuts,recommended,721
SPINACH,yogurt,normal,721
SPRING,Weather: typically warm,recommended,722
SPRING,artichokes (peak: March–April),recommended,722
SPRING,"asparagus: green, purple, white (peak: April)",recommended,722
SPRING,"beans, fava (peak: April–June)",normal,722
SPRING,cauliflower (peak: March),normal,722
SPRING,crayfish,normal,722
SPRING,dandelion greens (peak: May–June),normal,722
SPRING,fiddlehead ferns,normal,722
SPRING,"garlic, green (peak: March)",recommended,722
SPRING,"greens: salad, spring",recommended,722
SPRING,"lamb, spring",normal,722
SPRING,leeks,normal,722
SPRING,"lemons, Meyer",normal,722
SPRING,lettuces,normal,722
SPRING,lighter dishes,normal,722
SPRING,"limes, key",normal,722
SPRING,loquats,normal,722
SPRING,"mushrooms, morel (peak: April)",normal,722
SPRING,"onions: spring, Vidalia (peak: May)",normal,722
SPRING,"oranges, navel (peak: March)",normal,722
SPRING,peas (peak: May),recommended,722
SPRING,ramps (peak: May),normal,722
SPRING,rhubarb (peak: April),normal,722
SPRING,soft-shell crabs,normal,722
SPRING,sorrel (peak: May),normal,722
SPRING,soufflés,normal,722
SPRING,"spices, cooling (e.g., white peppercorns)",normal,722
SPRING,strawberries,recommended,722
SPRING,"tomatoes, heirloom",normal,722
SPRING,watercress,normal,722
SPRING,zucchini blossoms,normal,722
SPROUTS,cucumbers,normal,723
SPROUTS,egg salad,normal,723
SPROUTS,"salads, esp. more delicate sprouts",recommended,723
SPROUTS,sandwiches,normal,723
SPROUTS,"stir-fried dishes, esp. heartier sprouts",normal,723
SQUAB,bacon,normal,723
SQUAB,"beans, fava",normal,723
SQUAB,beets,normal,723
SQUAB,cabbage,normal,723
SQUAB,cherries,normal,723
SQUAB,fennel,normal,723
SQUAB,figs,normal,723
SQUAB,foie gras,normal,723
SQUAB,garlic,normal,723
SQUAB,juniper berries,normal,723
SQUAB,lentils,normal,723
SQUAB,"mushrooms, wild, esp. porcini",normal,723
SQUAB,mustard,normal,723
SQUAB,olive oil,normal,723
SQUAB,olives,normal,723
SQUAB,onions,normal,723
SQUAB,pancetta,normal,723
SQUAB,pears,normal,723
SQUAB,peas,normal,723
SQUAB,"pepper, black",normal,723
SQUAB,prunes,normal,723
SQUAB,rice and risotto,normal,723
SQUAB,rosemary,normal,723
SQUAB,sage,normal,723
SQUAB,salt,normal,723
SQUAB,"vinegar, balsamic",normal,723
SQUAB,"wine, esp. red",normal,724
SQUAB,"SQUASH, ACORN (See also Pumpkin; Squash, Butternut; and",recommended,724
SQUAB,"Squash, Winter)",recommended,724
SQUAB,allspice,recommended,724
SQUAB,bay leaf,normal,724
SQUAB,"butter, esp. brown",recommended,724
SQUAB,"cheese, Parmesan",recommended,724
SQUAB,cinnamon,recommended,724
SQUAB,cream,normal,724
SQUAB,"eggs, custard",normal,724
SQUAB,garlic,normal,724
SQUAB,"ginger, fresh",normal,724
SQUAB,maple syrup,normal,724
SQUAB,mascarpone,normal,724
SQUAB,"mushrooms, esp. shiitake",normal,724
SQUAB,nutmeg,recommended,724
SQUAB,nuts,normal,724
SQUAB,olive oil,normal,724
SQUAB,"onions, esp. cipollini",normal,724
SQUAB,parsley,normal,724
SQUAB,pork,normal,724
SQUAB,SAGE,very_highly_recommended,724
SQUAB,"salt, kosher",normal,724
SQUAB,"sugar, brown",normal,724
SQUAB,thyme,normal,724
SQUAB,vanilla,normal,724
SQUAB,"vinegar, sherry",normal,724
"SQUASH, SPAGHETTI",bacon,normal,727
"SQUASH, SPAGHETTI",basil,normal,727
"SQUASH, SPAGHETTI",bell peppers,normal,727
"SQUASH, SPAGHETTI","cheese: feta, Gorgonzola, Parmesan",normal,727
"SQUASH, SPAGHETTI",chicken,normal,727
"SQUASH, SPAGHETTI",chives,normal,727
"SQUASH, SPAGHETTI",duck,normal,727
"SQUASH, SPAGHETTI",garlic,normal,727
"SQUASH, SPAGHETTI",ginger,normal,727
"SQUASH, SPAGHETTI","honey, chestnut",normal,727
"SQUASH, SPAGHETTI",olive oil,normal,727
"SQUASH, SPAGHETTI","olives, black",normal,727
"SQUASH, SPAGHETTI",oregano,normal,727
"SQUASH, SPAGHETTI","parsley, flat-leaf",normal,727
"SQUASH, SPAGHETTI",pasta,normal,727
"SQUASH, SPAGHETTI","pepper, ground",normal,727
"SQUASH, SPAGHETTI",salt,normal,727
"SQUASH, SPAGHETTI","seafood: fish, scallops",normal,727
"SQUASH, SPAGHETTI",tomatoes,normal,727
"SQUASH, SPAGHETTI",vinaigrette,normal,727
"SQUASH, SUMMER",basil,recommended,728
"SQUASH, SUMMER",bell peppers,normal,728
"SQUASH, SUMMER",butter,normal,728
"SQUASH, SUMMER","cheese: goat, Gruyère, mozzarella, Parmesan",recommended,728
"SQUASH, SUMMER","chile peppers: dried red, fresh green",recommended,728
"SQUASH, SUMMER",chives,recommended,728
"SQUASH, SUMMER",cinnamon,normal,728
"SQUASH, SUMMER",coconut,normal,728
"SQUASH, SUMMER",coriander,normal,728
"SQUASH, SUMMER",corn,normal,728
"SQUASH, SUMMER",cream,normal,728
"SQUASH, SUMMER",cumin,normal,728
"SQUASH, SUMMER",curry leaves,normal,728
"SQUASH, SUMMER",dill,normal,728
"SQUASH, SUMMER",eggplant,normal,728
"SQUASH, SUMMER",garlic,recommended,728
"SQUASH, SUMMER","lemon, juice",normal,728
"SQUASH, SUMMER",marjoram,recommended,728
"SQUASH, SUMMER",mint,normal,728
"SQUASH, SUMMER","mustard seeds, black",normal,728
"SQUASH, SUMMER",olive oil,recommended,728
"SQUASH, SUMMER",onions,recommended,728
"SQUASH, SUMMER",oregano,recommended,728
"SQUASH, SUMMER","parsley, flat-leaf",recommended,728
"SQUASH, SUMMER",pecans,normal,728
"SQUASH, SUMMER","pepper, black",normal,728
"SQUASH, SUMMER",rosemary,normal,728
"SQUASH, SUMMER",sage,recommended,728
"SQUASH, SUMMER",salt,normal,728
"SQUASH, SUMMER","sausage, Italian",normal,728
"SQUASH, SUMMER",thyme,recommended,728
"SQUASH, SUMMER",tomatoes,normal,728
"SQUASH, SUMMER",turmeric,normal,728
"SQUASH, SUMMER",walnuts,normal,728
"SQUASH, SUMMER",yogurt,normal,728
"SQUASH, SUMMER","SQUASH, WINTER (See also Pumpkin; Squash, Acorn; and",recommended,728
"SQUASH, SUMMER","Squash, Butternut)",recommended,728
"SQUASH, SUMMER",allspice,recommended,729
"SQUASH, SUMMER","APPLES: cider, fruit, juice",recommended,729
"SQUASH, SUMMER",bacon,recommended,729
"SQUASH, SUMMER",BUTTER,very_highly_recommended,729
"SQUASH, SUMMER",caraway seeds,normal,729
"SQUASH, SUMMER",cayenne,normal,729
"SQUASH, SUMMER","celery, leaves",normal,729
"SQUASH, SUMMER","cheese: Fontina, Gruyère, Parmesan, pecorino, Romano",recommended,729
"SQUASH, SUMMER",chili powder,normal,729
"SQUASH, SUMMER",cinnamon,normal,729
"SQUASH, SUMMER",cloves,recommended,729
"SQUASH, SUMMER",coconut milk,normal,729
"SQUASH, SUMMER",coriander,recommended,729
"SQUASH, SUMMER",cream,recommended,729
"SQUASH, SUMMER",cumin,recommended,729
"SQUASH, SUMMER",curry,normal,729
"SQUASH, SUMMER",GARLIC,very_highly_recommended,729
"SQUASH, SUMMER",ginger,recommended,729
"SQUASH, SUMMER",honey,normal,729
"SQUASH, SUMMER",lamb,normal,729
"SQUASH, SUMMER",leeks,normal,729
"SQUASH, SUMMER",lemongrass,normal,729
"SQUASH, SUMMER","lime, juice",normal,729
"SQUASH, SUMMER",maple syrup,recommended,729
"SQUASH, SUMMER",marjoram,normal,729
"SQUASH, SUMMER",mushrooms,normal,729
"SQUASH, SUMMER",mustard,normal,729
"SQUASH, SUMMER",NUTMEG,very_highly_recommended,729
"SQUASH, SUMMER",nuts,normal,729
"SQUASH, SUMMER",olive oil,recommended,729
"SQUASH, SUMMER",ONIONS,very_highly_recommended,729
"SQUASH, SUMMER","orange: juice, zest",recommended,729
"SQUASH, SUMMER",oregano,normal,729
"SQUASH, SUMMER","paprika, sweet",normal,729
"SQUASH, SUMMER","parsley, flat-leaf",recommended,729
"SQUASH, SUMMER","pasta, esp. ravioli",recommended,729
"SQUASH, SUMMER",pears,normal,729
"SQUASH, SUMMER",pecans,normal,729
"SQUASH, SUMMER",pork,normal,729
"SQUASH, SUMMER",pumpkin,normal,729
"SQUASH, SUMMER",pumpkin seeds,normal,729
"SQUASH, SUMMER",quince,normal,729
"SQUASH, SUMMER",radicchio,normal,730
"SQUASH, SUMMER",red pepper flakes,normal,730
"SQUASH, SUMMER",risotto,normal,730
"SQUASH, SUMMER",rosemary,recommended,730
"SQUASH, SUMMER",SAGE,very_highly_recommended,730
"SQUASH, SUMMER",savory,normal,730
"SQUASH, SUMMER",soups,normal,730
"SQUASH, SUMMER","stocks: chicken, vegetable",recommended,730
"SQUASH, SUMMER","SUGAR, BROWN",very_highly_recommended,730
"SQUASH, SUMMER",THYME,very_highly_recommended,730
"SQUASH, SUMMER","truffles, white",normal,730
"SQUASH, SUMMER","vinegar, sherry",normal,730
"SQUASH, SUMMER",walnuts,normal,730
"SQUASH, SUMMER",wild rice,normal,730
SQUID (aka calamari),aioli,normal,730
SQUID (aka calamari),almonds,normal,730
SQUID (aka calamari),anchovies,normal,730
SQUID (aka calamari),arugula,normal,730
SQUID (aka calamari),basil,normal,730
SQUID (aka calamari),bay leaf,recommended,730
SQUID (aka calamari),"beans, white",normal,730
SQUID (aka calamari),"bell peppers: green, red, yellow",recommended,730
SQUID (aka calamari),"butter, unsalted",normal,730
SQUID (aka calamari),"cabbage: green, red",normal,730
SQUID (aka calamari),caperberries,normal,730
SQUID (aka calamari),capers,normal,730
SQUID (aka calamari),carrots,normal,730
SQUID (aka calamari),cayenne,normal,730
SQUID (aka calamari),celery,normal,730
SQUID (aka calamari),chard,normal,730
SQUID (aka calamari),"chile peppers, esp. piquillo",normal,730
SQUID (aka calamari),chives,normal,731
SQUID (aka calamari),chorizo,normal,731
SQUID (aka calamari),cilantro,normal,731
SQUID (aka calamari),cloves,normal,731
SQUID (aka calamari),cornichons,normal,731
SQUID (aka calamari),cornmeal (for breading),normal,731
SQUID (aka calamari),"couscous, esp. Israeli",normal,731
SQUID (aka calamari),currants,normal,731
SQUID (aka calamari),GARLIC,very_highly_recommended,731
SQUID (aka calamari),ginger,normal,731
SQUID (aka calamari),hoisin sauce,normal,731
SQUID (aka calamari),honey,normal,731
SQUID (aka calamari),ketchup,normal,731
SQUID (aka calamari),Italian cuisine,normal,731
SQUID (aka calamari),leeks,normal,731
SQUID (aka calamari),"LEMON, JUICE",very_highly_recommended,731
SQUID (aka calamari),"lime, juice",normal,731
SQUID (aka calamari),lobster,normal,731
SQUID (aka calamari),marjoram,normal,731
SQUID (aka calamari),mayonnaise,normal,731
SQUID (aka calamari),Mediterranean cuisine,normal,731
SQUID (aka calamari),"melon, esp. cantaloupe, watermelon",normal,731
SQUID (aka calamari),"oil: grapeseed, peanut (for frying), walnut",normal,731
SQUID (aka calamari),OLIVE OIL,very_highly_recommended,731
SQUID (aka calamari),"olives, esp. black, kalamata",normal,731
SQUID (aka calamari),"onions, esp. sweet, white",normal,731
SQUID (aka calamari),"orange, zest",normal,731
SQUID (aka calamari),oregano,normal,731
SQUID (aka calamari),"PARSLEY, FLAT-LEAF",very_highly_recommended,731
SQUID (aka calamari),pasta,normal,731
SQUID (aka calamari),"PEPPER: black, white",recommended,731
SQUID (aka calamari),pine nuts,normal,731
SQUID (aka calamari),polenta,normal,731
SQUID (aka calamari),"potatoes, new",normal,731
SQUID (aka calamari),red pepper flakes,normal,731
SQUID (aka calamari),"rice: Arborio, bomba",normal,731
SQUID (aka calamari),risotto,normal,731
SQUID (aka calamari),saffron,normal,731
SQUID (aka calamari),salads,normal,731
SQUID (aka calamari),"SALT: kosher, sea",recommended,731
SQUID (aka calamari),scallions,normal,731
SQUID (aka calamari),scallops,normal,731
SQUID (aka calamari),sesame seeds,normal,731
SQUID (aka calamari),shallots,recommended,731
SQUID (aka calamari),shiso,normal,731
SQUID (aka calamari),shrimp,recommended,732
SQUID (aka calamari),soy sauce,normal,732
SQUID (aka calamari),squid ink,normal,732
SQUID (aka calamari),"stock, fish",recommended,732
SQUID (aka calamari),sugar,normal,732
SQUID (aka calamari),Tabasco sauce,normal,732
SQUID (aka calamari),tarragon,normal,732
SQUID (aka calamari),thyme,recommended,732
SQUID (aka calamari),tomatoes,recommended,732
SQUID (aka calamari),walnuts,normal,732
SQUID (aka calamari),"wine, dry white",recommended,732
SQUID (aka calamari),yuzu juice,normal,732
SQUID (aka calamari),zucchini,normal,732
STRAWBERRIES,almonds,recommended,732
STRAWBERRIES,amaretto,normal,732
STRAWBERRIES,"apricots, pureed",normal,732
STRAWBERRIES,bananas,recommended,732
STRAWBERRIES,berries,normal,732
STRAWBERRIES,biscuit,normal,732
STRAWBERRIES,blackberries,recommended,732
STRAWBERRIES,blueberries,recommended,732
STRAWBERRIES,boysenberries,normal,732
STRAWBERRIES,brandy,normal,733
STRAWBERRIES,buttermilk,normal,733
STRAWBERRIES,caramel,normal,733
STRAWBERRIES,cardamom,normal,733
STRAWBERRIES,Champagne,recommended,733
STRAWBERRIES,Chartreuse,normal,733
STRAWBERRIES,"cheese: Queso de los Beyos, ricotta",recommended,733
STRAWBERRIES,"chocolate: dark, white",normal,733
STRAWBERRIES,cinnamon,recommended,733
STRAWBERRIES,cloves,normal,733
STRAWBERRIES,cognac,normal,733
STRAWBERRIES,coriander,normal,733
STRAWBERRIES,CREAM AND ICE CREAM,holy_grail,733
STRAWBERRIES,cream cheese,normal,733
STRAWBERRIES,crème de cassis,normal,733
STRAWBERRIES,crème fraîche,recommended,733
STRAWBERRIES,"crust: pastry, pie",normal,733
STRAWBERRIES,custard,recommended,733
STRAWBERRIES,elderflower syrup,normal,733
STRAWBERRIES,gelatin (for texture),normal,733
STRAWBERRIES,ginger,normal,733
STRAWBERRIES,gooseberries,normal,733
STRAWBERRIES,grapefruit,normal,733
STRAWBERRIES,grapes,normal,733
STRAWBERRIES,grappa,normal,733
STRAWBERRIES,guava,normal,733
STRAWBERRIES,hazelnuts,normal,733
STRAWBERRIES,honey,recommended,733
STRAWBERRIES,KIRSCH,very_highly_recommended,733
STRAWBERRIES,kumquats,normal,733
STRAWBERRIES,"LEMON: juice, zest",recommended,733
STRAWBERRIES,lemon verbena,normal,733
STRAWBERRIES,"lime: juice, zest",recommended,733
STRAWBERRIES,loquats,normal,733
STRAWBERRIES,mangoes,normal,733
STRAWBERRIES,maple syrup,normal,733
STRAWBERRIES,mascarpone,recommended,733
STRAWBERRIES,melon,recommended,733
STRAWBERRIES,mint (for garnish),recommended,733
STRAWBERRIES,nutmeg,normal,733
STRAWBERRIES,oatmeal,normal,733
STRAWBERRIES,"ORANGE: juice, zest",recommended,733
STRAWBERRIES,papaya,normal,733
STRAWBERRIES,passion fruit,normal,733
STRAWBERRIES,peaches,recommended,734
STRAWBERRIES,peanuts,normal,734
STRAWBERRIES,pecans,normal,734
STRAWBERRIES,"pepper, black",recommended,734
STRAWBERRIES,pies,normal,734
STRAWBERRIES,pineapple,recommended,734
STRAWBERRIES,pine nuts,normal,734
STRAWBERRIES,pistachios,normal,734
STRAWBERRIES,plums,normal,734
STRAWBERRIES,pomegranates,normal,734
STRAWBERRIES,port,recommended,734
STRAWBERRIES,RASPBERRIES,very_highly_recommended,734
STRAWBERRIES,RHUBARB,holy_grail,734
STRAWBERRIES,rum,normal,734
STRAWBERRIES,sake,normal,734
STRAWBERRIES,sherry,recommended,734
STRAWBERRIES,shortcake,normal,734
STRAWBERRIES,SOUR CREAM,very_highly_recommended,734
STRAWBERRIES,"SUGAR: brown, white",holy_grail,734
STRAWBERRIES,tarts,normal,734
STRAWBERRIES,VANILLA,very_highly_recommended,734
STRAWBERRIES,"VINEGAR, BALSAMIC, ESP. AGED",holy_grail,734
STRAWBERRIES,walnuts,normal,734
STRAWBERRIES,"d’Asti, Muscat, Riesling, Sauternes, Vin Santo)",normal,734
STRAWBERRIES,yogurt,normal,734
STRAWBERRIES,zabaglione,normal,734
STRAWBERRIES,salt,avoid,734
STUFFING,apples,normal,735
STUFFING,bread crumbs,normal,735
STUFFING,"butter, unsalted",normal,735
STUFFING,celery,normal,735
STUFFING,chestnuts,normal,735
STUFFING,chicken fat,normal,735
STUFFING,chicken livers,normal,735
STUFFING,corn bread,normal,735
STUFFING,garlic,normal,735
STUFFING,"mushrooms (e.g., shiitakes)",normal,735
STUFFING,olive oil,normal,735
STUFFING,onions,normal,735
STUFFING,"parsley, flat-leaf",normal,735
STUFFING,pecans,normal,735
STUFFING,"pepper: black, white",normal,735
STUFFING,prosciutto,normal,735
STUFFING,rosemary,normal,735
STUFFING,sage,normal,735
STUFFING,"salt, kosher",normal,735
STUFFING,"sausage, esp. chicken, pork",normal,735
STUFFING,"stocks: chicken, turkey",normal,735
STUFFING,thyme,normal,735
STUFFING,walnuts,normal,735
SUGAR,"syrup, as the combination is too intense.",normal,735
"SUGAR, PALM",coconut,normal,735
"SUGAR, PALM",curries,normal,735
"SUGAR, PALM",custards,normal,735
"SUGAR, PALM",desserts,normal,735
"SUGAR, PALM",Indian cuisine,normal,735
"SUGAR, PALM",tamarind,normal,735
"SUGAR, PALM",Thai cuisine,normal,735
SUMAC,allspice,normal,736
SUMAC,avocados,recommended,736
SUMAC,beets,recommended,736
SUMAC,"cheese, feta",normal,736
SUMAC,"CHICKEN, ESP. ROASTED",very_highly_recommended,736
SUMAC,chickpeas,normal,736
SUMAC,chile peppers,normal,736
SUMAC,chili powder,normal,736
SUMAC,coriander,normal,736
SUMAC,cucumbers,normal,736
SUMAC,cumin,normal,736
SUMAC,eggplant,normal,736
SUMAC,fennel,normal,736
SUMAC,"FISH, ESP. GRILLED",very_highly_recommended,736
SUMAC,garlic,normal,736
SUMAC,ginger,normal,736
SUMAC,kebabs,normal,736
SUMAC,lamb,recommended,736
SUMAC,Lebanese cuisine,normal,736
SUMAC,"lemon, juice",normal,736
SUMAC,lentils,recommended,736
SUMAC,lime,normal,736
SUMAC,"meats, esp. grilled",recommended,736
SUMAC,Middle Eastern cuisine,normal,736
SUMAC,mint,normal,736
SUMAC,Moroccan cuisine,normal,736
SUMAC,onions,recommended,736
SUMAC,orange,normal,736
SUMAC,oregano,normal,736
SUMAC,paprika,normal,736
SUMAC,parsley,normal,736
SUMAC,"pepper, black",recommended,736
SUMAC,pine nuts,normal,736
SUMAC,pomegrantes,normal,736
SUMAC,rosemary,normal,736
SUMAC,salads and salad dressings,recommended,736
SUMAC,salt,recommended,736
SUMAC,seafood,normal,737
SUMAC,sesame seeds,recommended,737
SUMAC,shellfish,normal,737
SUMAC,stewed dishes,normal,737
SUMAC,thyme,recommended,737
SUMAC,tomatoes,recommended,737
SUMAC,Turkish cuisine,recommended,737
SUMAC,vegetables,recommended,737
SUMAC,walnuts,normal,737
SUMAC,yogurt,recommended,737
SUMMER,Weather: typically hot,recommended,737
SUMMER,apricots (peak: June),normal,737
SUMMER,basil,normal,737
SUMMER,"beans, fava",normal,737
SUMMER,"beans, green (peak: August)",recommended,737
SUMMER,blackberries (peak: June),normal,737
SUMMER,blueberries (peak: July),normal,737
SUMMER,boysenberries (peak: June),normal,737
SUMMER,cherries,recommended,737
SUMMER,chilled dishes and beverages,normal,737
SUMMER,corn (peak: July/August),recommended,737
SUMMER,cucumbers (peak: August),recommended,737
SUMMER,eggplant,recommended,737
SUMMER,figs (peak: August),normal,737
SUMMER,fish,normal,737
SUMMER,"flowers, edible",normal,737
SUMMER,garlic (peak: August),normal,737
SUMMER,grapes,normal,737
SUMMER,grilled dishes,normal,737
SUMMER,ice cream,normal,737
SUMMER,ices,normal,737
SUMMER,limes (peak: June),normal,737
SUMMER,mangoes,normal,737
SUMMER,melons (peak: August),recommended,737
SUMMER,nectarines (peak: July),recommended,737
SUMMER,okra (peak: August),normal,737
SUMMER,onions (peak: August),normal,738
SUMMER,"onions, red (peak: July)",normal,738
SUMMER,peaches (peak: July/August),recommended,738
SUMMER,"pears, Bartlett (peak: August)",normal,738
SUMMER,peppers,normal,738
SUMMER,picnics,normal,738
SUMMER,plums (peak: August),recommended,738
SUMMER,"puddings, summer",normal,738
SUMMER,"raspberries (peak: June, August)",normal,738
SUMMER,"raw foods (e.g., salads)",normal,738
SUMMER,"salads: fruit, green, pasta",normal,738
SUMMER,"salsas, fresh",normal,738
SUMMER,shellfish,normal,738
SUMMER,sorbets,normal,738
SUMMER,"soups, cold",normal,738
SUMMER,"spices, cooling (e.g., peppercorns, white; turmeric, etc.)",normal,738
SUMMER,"squash, summer",recommended,738
SUMMER,steaming,normal,738
SUMMER,strawberries,normal,738
SUMMER,tomatillos (peak: August),normal,738
SUMMER,tomatoes,recommended,738
SUMMER,"vegetables, green leafy",normal,738
SUMMER,Vidalia onions (peak: June),normal,738
SUMMER,watermelon,normal,738
SUMMER,zucchini (peak: July),normal,738
SWEDISH CUISINE,allspice,normal,738
SWEDISH CUISINE,bay leaf,normal,738
SWEDISH CUISINE,cardamom,normal,738
SWEDISH CUISINE,cinnamon,normal,738
SWEDISH CUISINE,cloves,normal,738
SWEDISH CUISINE,DILL,very_highly_recommended,738
SWEDISH CUISINE,fish,normal,738
SWEDISH CUISINE,ginger,normal,738
SWEDISH CUISINE,"herring, pickled",normal,738
SWEDISH CUISINE,meatballs,normal,738
SWEDISH CUISINE,mushrooms,normal,738
SWEDISH CUISINE,mustard,normal,738
SWEDISH CUISINE,nutmeg,normal,738
SWEDISH CUISINE,onions,normal,738
SWEDISH CUISINE,peas,normal,738
SWEDISH CUISINE,pepper,normal,738
SWEDISH CUISINE,"pickled dishes (e.g., fish, meat, vegetables)",normal,739
SWEDISH CUISINE,potatoes,normal,739
SWEDISH CUISINE,shellfish,normal,739
SWEDISH CUISINE,"soups, esp. fruit",normal,739
SWEDISH CUISINE,sugar,normal,739
SWEDISH CUISINE,garlic,avoid,739
SWEDISH CUISINE,piquancy,avoid,739
SWEETBREADS,"artichokes, Jerusalem",normal,739
SWEETBREADS,asparagus,normal,739
SWEETBREADS,BACON,very_highly_recommended,739
SWEETBREADS,"butter, unsalted",normal,739
SWEETBREADS,cabbage,normal,739
SWEETBREADS,capers,recommended,739
SWEETBREADS,celery,normal,739
SWEETBREADS,celery root,normal,739
SWEETBREADS,cream,normal,739
SWEETBREADS,fennel,normal,739
SWEETBREADS,fennel seeds,normal,739
SWEETBREADS,flour (for dredging),normal,739
SWEETBREADS,French cuisine,normal,739
SWEETBREADS,garlic,recommended,739
SWEETBREADS,greens,normal,739
SWEETBREADS,ham,normal,739
SWEETBREADS,hazelnuts,normal,739
SWEETBREADS,honey,normal,739
SWEETBREADS,Italian cuisine,normal,739
SWEETBREADS,"lemon, juice",recommended,739
SWEETBREADS,"liver, esp. duck",normal,739
SWEETBREADS,Madeira,normal,739
SWEETBREADS,"mushrooms, esp. wild (e.g., chanterelles, morels)",normal,739
SWEETBREADS,mustard,normal,739
SWEETBREADS,"oil, peanut",normal,739
SWEETBREADS,olive oil,recommended,740
SWEETBREADS,"onions: red, white",normal,740
SWEETBREADS,"parsley, flat-leaf",recommended,740
SWEETBREADS,peas,normal,740
SWEETBREADS,pecans,normal,740
SWEETBREADS,"PEPPER: black, white",recommended,740
SWEETBREADS,port,normal,740
SWEETBREADS,raisins,normal,740
SWEETBREADS,"salt: kosher, sea",normal,740
SWEETBREADS,scallions,normal,740
SWEETBREADS,shallots,recommended,740
SWEETBREADS,soy sauce,normal,740
SWEETBREADS,spinach,normal,740
SWEETBREADS,"stock, chicken",normal,740
SWEETBREADS,sugar,recommended,740
SWEETBREADS,"thyme, fresh",normal,740
SWEETBREADS,"truffles, black",normal,740
SWEETBREADS,vermouth,normal,740
SWEETBREADS,"VINEGAR: balsamic, red, rice, sherry, white",recommended,740
SWEETBREADS,"wine, white",normal,740
SWEETNESS,"round out flavors, while acidity sharpens them.",normal,740
SWEETNESS,"apple: cider, fruit, juice",normal,740
SWEETNESS,apricots,normal,740
SWEETNESS,bananas,normal,740
SWEETNESS,barley,normal,740
SWEETNESS,"basil, sweet",normal,740
SWEETNESS,beans,normal,741
SWEETNESS,beets,normal,741
SWEETNESS,"bell peppers: red, yellow",normal,741
SWEETNESS,"brandies, fruit (e.g., Calvados)",normal,741
SWEETNESS,butter,normal,741
SWEETNESS,caramel,normal,741
SWEETNESS,carrots,normal,741
SWEETNESS,"cherries, sweet",normal,741
SWEETNESS,chestnuts,normal,741
SWEETNESS,"chocolate: dark, milk, white",normal,741
SWEETNESS,clementines,normal,741
SWEETNESS,cloves,normal,741
SWEETNESS,"cocoa, sweetened",normal,741
SWEETNESS,coconut and coconut milk,normal,741
SWEETNESS,corn,normal,741
SWEETNESS,corn syrup,normal,741
SWEETNESS,crab,normal,741
SWEETNESS,cream,normal,741
SWEETNESS,currants,normal,741
SWEETNESS,daikon,normal,741
SWEETNESS,dates,normal,741
SWEETNESS,figs,normal,741
SWEETNESS,"fruits: dried, ripe",normal,741
SWEETNESS,fruit juices,normal,741
SWEETNESS,"garlic, roasted",normal,741
SWEETNESS,"ginger, candied",normal,741
SWEETNESS,grapes,normal,741
SWEETNESS,guava,normal,741
SWEETNESS,hoisin sauce,normal,741
SWEETNESS,honey,recommended,741
SWEETNESS,jicama,normal,741
SWEETNESS,ketchup,normal,741
SWEETNESS,lentils,normal,741
SWEETNESS,licorice,normal,741
SWEETNESS,"liqueurs, sweet",normal,741
SWEETNESS,lobster,normal,741
SWEETNESS,lotus root,normal,741
SWEETNESS,lychee nuts,normal,741
SWEETNESS,Madeira,normal,741
SWEETNESS,mangoes,normal,741
SWEETNESS,maple syrup,recommended,741
SWEETNESS,"melons (e.g., cantaloupe, honeydew)",normal,741
SWEETNESS,milk,normal,741
SWEETNESS,mirin (Japanese sweetener),recommended,741
SWEETNESS,molasses,recommended,741
SWEETNESS,nectarines,normal,742
SWEETNESS,"onions: cooked, sweet (e.g., Vidalia)",normal,742
SWEETNESS,"oranges, sweet (e.g., navel)",normal,742
SWEETNESS,papaya,normal,742
SWEETNESS,parsnips,normal,742
SWEETNESS,passion fruits,normal,742
SWEETNESS,peaches,normal,742
SWEETNESS,pears,normal,742
SWEETNESS,peas and sugar snap peas,normal,742
SWEETNESS,persimmons,normal,742
SWEETNESS,pimentos,normal,742
SWEETNESS,pineapple,normal,742
SWEETNESS,"plantains, esp. ripe",normal,742
SWEETNESS,"plums, sweet",normal,742
SWEETNESS,plum sauce,normal,742
SWEETNESS,pomegranates,normal,742
SWEETNESS,potatoes,normal,742
SWEETNESS,prunes,normal,742
SWEETNESS,pumpkin,normal,742
SWEETNESS,raisins,normal,742
SWEETNESS,raspberries,normal,742
SWEETNESS,rice,normal,742
SWEETNESS,roasted foods,normal,742
SWEETNESS,sake,normal,742
SWEETNESS,"scallops, esp. bay",normal,742
SWEETNESS,"sherry, sweet (e.g., cream, oloroso)",normal,742
SWEETNESS,shrimp,normal,742
SWEETNESS,"squash, winter (e.g., acorn, butternut)",normal,742
SWEETNESS,strawberries,normal,742
SWEETNESS,"sugar: brown, palm, white",recommended,742
SWEETNESS,sweet potatoes,normal,742
SWEETNESS,tangerines,normal,742
SWEETNESS,tomatoes,normal,742
SWEETNESS,"vermouth, sweet",normal,742
SWEETNESS,"vinegar, balsamic",normal,742
SWEETNESS,watermelon,normal,742
SWEETNESS,wheat,normal,742
SWEETNESS,"wines, sweet",normal,742
SWEET POTATOES,allspice,recommended,743
SWEET POTATOES,anise,normal,743
SWEET POTATOES,apples and apple juice,recommended,743
SWEET POTATOES,bacon,normal,743
SWEET POTATOES,bananas,normal,743
SWEET POTATOES,basil,normal,743
SWEET POTATOES,bay leaf,recommended,743
SWEET POTATOES,beans,normal,743
SWEET POTATOES,"bell peppers: green, red",normal,743
SWEET POTATOES,bourbon,recommended,743
SWEET POTATOES,brandy,normal,743
SWEET POTATOES,"BUTTER, unsalted",recommended,743
SWEET POTATOES,caramel,normal,743
SWEET POTATOES,cheeses,normal,743
SWEET POTATOES,chestnuts,normal,743
SWEET POTATOES,chile peppers,recommended,743
SWEET POTATOES,chives,normal,743
SWEET POTATOES,"chocolate, white",normal,743
SWEET POTATOES,cilantro,recommended,743
SWEET POTATOES,CINNAMON,very_highly_recommended,743
SWEET POTATOES,cloves,normal,743
SWEET POTATOES,coconut,normal,743
SWEET POTATOES,coriander,normal,743
SWEET POTATOES,cranberries,normal,743
SWEET POTATOES,cream,recommended,743
SWEET POTATOES,crème fraîche,normal,743
SWEET POTATOES,cumin,normal,743
SWEET POTATOES,curry powder,normal,743
SWEET POTATOES,custards,normal,743
SWEET POTATOES,dates,normal,743
SWEET POTATOES,dill,normal,743
SWEET POTATOES,duck,normal,743
SWEET POTATOES,"figs, dried",normal,743
SWEET POTATOES,fruits and fruit juices,normal,743
SWEET POTATOES,garlic,recommended,743
SWEET POTATOES,ginger,recommended,743
SWEET POTATOES,"greens, bitter",normal,743
SWEET POTATOES,ham,normal,743
SWEET POTATOES,hazelnuts,normal,743
SWEET POTATOES,honey,recommended,743
SWEET POTATOES,kale,normal,743
SWEET POTATOES,ketchup,normal,743
SWEET POTATOES,leeks,normal,743
SWEET POTATOES,"lemon: juice, zest",normal,744
SWEET POTATOES,"lime, juice",recommended,744
SWEET POTATOES,"liqueurs: nut, orange",normal,744
SWEET POTATOES,maple syrup,recommended,744
SWEET POTATOES,"meats, esp. roasted",normal,744
SWEET POTATOES,molasses,recommended,744
SWEET POTATOES,"mushrooms, chanterelle",normal,744
SWEET POTATOES,"mustard, esp. Dijon",normal,744
SWEET POTATOES,NUTMEG,very_highly_recommended,744
SWEET POTATOES,oatmeal,normal,744
SWEET POTATOES,"oil: nut, peanut, sesame",recommended,744
SWEET POTATOES,olive oil,recommended,744
SWEET POTATOES,"onions, esp. red",recommended,744
SWEET POTATOES,"ORANGE: juice, zest",recommended,744
SWEET POTATOES,"paprika, smoked",normal,744
SWEET POTATOES,"parsley, flat-leaf",recommended,744
SWEET POTATOES,peanuts,normal,744
SWEET POTATOES,pears,normal,744
SWEET POTATOES,pecans,recommended,744
SWEET POTATOES,"pepper: black, white",recommended,744
SWEET POTATOES,persimmons,normal,744
SWEET POTATOES,pineapple,normal,744
SWEET POTATOES,pork,normal,744
SWEET POTATOES,"potatoes: new, red",normal,744
SWEET POTATOES,"poultry, esp. roasted",normal,744
SWEET POTATOES,prosciutto,normal,744
SWEET POTATOES,pumpkin,normal,744
SWEET POTATOES,pumpkin seeds,normal,744
SWEET POTATOES,raisins,normal,744
SWEET POTATOES,red pepper flakes,normal,744
SWEET POTATOES,rosemary,normal,744
SWEET POTATOES,rum,recommended,744
SWEET POTATOES,sage,normal,744
SWEET POTATOES,"salt, kosher",recommended,744
SWEET POTATOES,"sausage: andouille, chorizo",normal,744
SWEET POTATOES,sesame seeds,normal,744
SWEET POTATOES,sour cream,normal,744
SWEET POTATOES,"stock, chicken",normal,744
SWEET POTATOES,"SUGAR, BROWN",very_highly_recommended,744
SWEET POTATOES,tarragon,normal,744
SWEET POTATOES,thyme,recommended,744
SWEET POTATOES,tomatoes,normal,744
SWEET POTATOES,vanilla,normal,744
SWEET POTATOES,"vinegar: balsamic, cider",normal,744
SWEET POTATOES,walnuts,recommended,744
SWEET POTATOES,whiskey,normal,745
SWEET POTATOES,"wine, sweet",normal,745
SWEET POTATOES,Worcestershire sauce,normal,745
SWEET POTATOES,yogurt,normal,745
SWORDFISH,"apples, esp. Granny Smith",normal,745
SWORDFISH,bacon,normal,745
SWORDFISH,basil,normal,745
SWORDFISH,bay leaf,normal,745
SWORDFISH,"beans, white",normal,745
SWORDFISH,bread crumbs,normal,745
SWORDFISH,butter,normal,745
SWORDFISH,capers,normal,745
SWORDFISH,caponata,normal,745
SWORDFISH,carrots,normal,745
SWORDFISH,cayenne,normal,745
SWORDFISH,celery,normal,745
SWORDFISH,chili powder,normal,745
SWORDFISH,cilantro,normal,745
SWORDFISH,coconut milk,normal,745
SWORDFISH,coriander,normal,745
SWORDFISH,cream,normal,745
SWORDFISH,cumin,normal,745
SWORDFISH,currants,recommended,745
SWORDFISH,curry,normal,745
SWORDFISH,fennel,normal,745
SWORDFISH,garlic,recommended,745
SWORDFISH,"lemon: juice, zest",recommended,745
SWORDFISH,"lemon, preserved",normal,745
SWORDFISH,lemongrass,normal,746
SWORDFISH,"lime: juice, leaf (kaffir), zest",recommended,746
SWORDFISH,mint,normal,746
SWORDFISH,"OIL, corn",recommended,746
SWORDFISH,olive oil,recommended,746
SWORDFISH,"olives, esp. black",recommended,746
SWORDFISH,"onions, esp. pearl",normal,746
SWORDFISH,"orange, juice",normal,746
SWORDFISH,oregano,normal,746
SWORDFISH,"parsley, flat-leaf",recommended,746
SWORDFISH,"pepper: black, red",recommended,746
SWORDFISH,pineapple,normal,746
SWORDFISH,pine nuts,recommended,746
SWORDFISH,pistou,normal,746
SWORDFISH,potatoes,normal,746
SWORDFISH,red pepper flakes,normal,746
SWORDFISH,rosemary,normal,746
SWORDFISH,saffron,normal,746
SWORDFISH,"salt: kosher, sea",normal,746
SWORDFISH,scallions,normal,746
SWORDFISH,shallots,normal,746
SWORDFISH,star anise,normal,746
SWORDFISH,"stocks: chicken, fish, shrimp",recommended,746
SWORDFISH,Tabasco sauce,normal,746
SWORDFISH,tomatoes and tomato sauce,recommended,746
SWORDFISH,"vinegar, balsamic",normal,746
SWORDFISH,"wine, dry white",recommended,746
SZECHUAN CUISINE,bamboo shoots,normal,746
SZECHUAN CUISINE,beef,normal,746
SZECHUAN CUISINE,"cabbage, Chinese",normal,746
SZECHUAN CUISINE,chicken,normal,746
SZECHUAN CUISINE,chile peppers,normal,746
SZECHUAN CUISINE,chili paste,normal,746
SZECHUAN CUISINE,duck,normal,746
SZECHUAN CUISINE,garlic,normal,746
SZECHUAN CUISINE,ginger,normal,746
SZECHUAN CUISINE,"meats, smoked",normal,746
SZECHUAN CUISINE,peanuts,normal,746
SZECHUAN CUISINE,PORK,very_highly_recommended,746
SZECHUAN CUISINE,soy sauce,normal,747
SZECHUAN CUISINE,SZECHUAN PEPPER,holy_grail,747
SZECHUAN CUISINE,"tangerine peel, dried",normal,747
SZECHUAN CUISINE,"wine, rice",normal,747
SZECHUAN PEPPER,Asian cuisines,normal,747
SZECHUAN PEPPER,"beans, black",normal,747
SZECHUAN PEPPER,chicken,normal,747
SZECHUAN PEPPER,chile peppers,normal,747
SZECHUAN PEPPER,Chinese cuisine,normal,747
SZECHUAN PEPPER,curry powder,normal,747
SZECHUAN PEPPER,duck,recommended,747
SZECHUAN PEPPER,five-spice powder (key ingredient),normal,747
SZECHUAN PEPPER,fried dishes,normal,747
SZECHUAN PEPPER,"fruits, citrus",normal,747
SZECHUAN PEPPER,game,normal,747
SZECHUAN PEPPER,game birds,normal,747
SZECHUAN PEPPER,garlic,normal,747
SZECHUAN PEPPER,ginger,recommended,747
SZECHUAN PEPPER,grilled dishes,normal,747
SZECHUAN PEPPER,honey,normal,747
SZECHUAN PEPPER,lemon,normal,747
SZECHUAN PEPPER,lime,normal,747
SZECHUAN PEPPER,"meats, esp. fattier",recommended,747
SZECHUAN PEPPER,mushrooms,normal,747
SZECHUAN PEPPER,onions,normal,747
SZECHUAN PEPPER,orange,normal,747
SZECHUAN PEPPER,"peppercorns: black, green, white",normal,747
SZECHUAN PEPPER,pork,recommended,747
SZECHUAN PEPPER,quail,normal,747
SZECHUAN PEPPER,salt,recommended,747
SZECHUAN PEPPER,scallions,normal,747
SZECHUAN PEPPER,"sesame: oil, seeds",normal,747
SZECHUAN PEPPER,soy sauce,normal,747
SZECHUAN PEPPER,squid,normal,747
SZECHUAN PEPPER,star anise,recommended,747
SZECHUAN PEPPER,stir-fried dishes,normal,747
SZECHUAN PEPPER,Tibetan cuisine,normal,748
TAMARIND,African cuisine,normal,749
TAMARIND,allspice,normal,749
TAMARIND,almonds,normal,749
TAMARIND,Asian cuisines,normal,749
TAMARIND,bananas,normal,749
TAMARIND,beans,normal,749
TAMARIND,"beverages, esp. fruit",normal,749
TAMARIND,cabbage,normal,749
TAMARIND,cardamom,normal,749
TAMARIND,Central American cuisine,normal,749
TAMARIND,chicken,recommended,749
TAMARIND,chickpeas,normal,749
TAMARIND,"chile peppers, esp. Thai",recommended,749
TAMARIND,chili powder,recommended,749
TAMARIND,Chinese cuisine,normal,749
TAMARIND,chutneys,recommended,749
TAMARIND,cilantro,normal,749
TAMARIND,cinnamon,normal,749
TAMARIND,cloves,normal,749
TAMARIND,coconut and coconut milk,recommended,749
TAMARIND,coriander,normal,749
TAMARIND,cumin,recommended,749
TAMARIND,"curries, curry paste, curry powder",recommended,749
TAMARIND,dates,normal,749
TAMARIND,duck,normal,749
TAMARIND,fennel seeds,normal,749
TAMARIND,fenugreek,normal,749
TAMARIND,fish,recommended,749
TAMARIND,fish sauce,recommended,749
TAMARIND,fruits,normal,749
TAMARIND,game,normal,749
TAMARIND,garlic,normal,749
TAMARIND,ginger,recommended,749
TAMARIND,greens,normal,749
TAMARIND,honey,normal,749
TAMARIND,INDIAN CUISINE,very_highly_recommended,750
TAMARIND,Indonesian cuisine,normal,750
TAMARIND,Jamaican cuisine,normal,750
TAMARIND,lamb,normal,750
TAMARIND,Latin American cuisine,normal,750
TAMARIND,lentils,recommended,750
TAMARIND,"lime, juice",recommended,750
TAMARIND,mangoes,normal,750
TAMARIND,marinades,normal,750
TAMARIND,meats,normal,750
TAMARIND,Middle Eastern cuisine,recommended,750
TAMARIND,mint,normal,750
TAMARIND,mushrooms,normal,750
TAMARIND,mustard,recommended,750
TAMARIND,"oil, grapeseed",normal,750
TAMARIND,"onions, red",normal,750
TAMARIND,orange,normal,750
TAMARIND,paprika,normal,750
TAMARIND,peaches,normal,750
TAMARIND,peanuts,normal,750
TAMARIND,pears,normal,750
TAMARIND,"pepper, black",normal,750
TAMARIND,pineapple,normal,750
TAMARIND,pork,recommended,750
TAMARIND,potatoes,normal,750
TAMARIND,poultry,normal,750
TAMARIND,rice,recommended,750
TAMARIND,sauces,normal,750
TAMARIND,scallops,normal,750
TAMARIND,sea bass,normal,750
TAMARIND,shellfish,normal,750
TAMARIND,shrimp,normal,750
TAMARIND,soups,normal,750
TAMARIND,Southeast Asian cuisine,normal,750
TAMARIND,soy sauce,normal,750
TAMARIND,star anise,recommended,750
TAMARIND,stews,normal,750
TAMARIND,"sugar: brown, palm, white",recommended,750
TAMARIND,Thai basil,normal,750
TAMARIND,Thai cuisine,recommended,750
TAMARIND,turmeric,recommended,750
TAMARIND,vegetables,normal,750
TAMARIND,vinaigrette,normal,750
TAMARIND,Worcestershire sauce (key ingredient),normal,750
TAMARIND,yogurt,recommended,750
TARRAGON,"acidic foods and flavors (e.g., citrus)",recommended,751
TARRAGON,anise,normal,751
TARRAGON,apples,normal,751
TARRAGON,apricots,normal,751
TARRAGON,artichokes,normal,751
TARRAGON,asparagus,normal,751
TARRAGON,basil (say some),normal,751
TARRAGON,bass,normal,751
TARRAGON,bay leaf,normal,751
TARRAGON,"beans, green",normal,751
TARRAGON,beef,normal,751
TARRAGON,beets,recommended,751
TARRAGON,broccoli,normal,751
TARRAGON,capers,normal,751
TARRAGON,carrots,recommended,751
TARRAGON,cauliflower,normal,751
TARRAGON,celery seeds,normal,751
TARRAGON,"cheese, esp. goat, ricotta",recommended,751
TARRAGON,chervil,recommended,751
TARRAGON,CHICKEN,holy_grail,751
TARRAGON,chives,recommended,751
TARRAGON,chocolate,normal,751
TARRAGON,corn,normal,751
TARRAGON,crab and crab cakes,normal,751
TARRAGON,cream,normal,751
TARRAGON,crème fraîche,normal,751
TARRAGON,dill,normal,751
TARRAGON,"EGGS AND EGG DISHES (e.g., omelets), egg salad",recommended,751
TARRAGON,fennel bulb,recommended,751
TARRAGON,fennel seeds,normal,751
TARRAGON,fines herbes (key ingredient),normal,751
TARRAGON,FISH,very_highly_recommended,751
TARRAGON,French cuisine,recommended,751
TARRAGON,game,normal,752
TARRAGON,game birds,normal,752
TARRAGON,garlic,normal,752
TARRAGON,grapefruit,recommended,752
TARRAGON,"greens, bitter",normal,752
TARRAGON,halibut,normal,752
TARRAGON,leeks,normal,752
TARRAGON,"LEMON, JUICE",very_highly_recommended,752
TARRAGON,"lemon herbs (balm, thyme, verbena)",normal,752
TARRAGON,lentils,normal,752
TARRAGON,"lettuces (e.g., frisée)",normal,752
TARRAGON,lime,recommended,752
TARRAGON,lobster,recommended,752
TARRAGON,lovage,normal,752
TARRAGON,marjoram,normal,752
TARRAGON,mayonnaise,normal,752
TARRAGON,"meats, white",normal,752
TARRAGON,melon,recommended,752
TARRAGON,mint,normal,752
TARRAGON,mushrooms,recommended,752
TARRAGON,mussels,normal,752
TARRAGON,"mustard: Dijon, Chinese (ingredient and complement)",recommended,752
TARRAGON,olive oil,normal,752
TARRAGON,onions,normal,752
TARRAGON,"orange, juice",normal,752
TARRAGON,oysters,normal,752
TARRAGON,paprika,normal,752
TARRAGON,PARSLEY,very_highly_recommended,752
TARRAGON,pasta,normal,752
TARRAGON,peaches,normal,752
TARRAGON,peas,normal,752
TARRAGON,"pepper, black",normal,752
TARRAGON,Pernod,normal,752
TARRAGON,pork,normal,752
TARRAGON,potatoes,recommended,752
TARRAGON,poultry,recommended,752
TARRAGON,rabbit,normal,752
TARRAGON,radishes,normal,752
TARRAGON,rice,normal,752
TARRAGON,"salads (e.g., fruit, green) and salad dressings",normal,752
TARRAGON,salmon,normal,752
TARRAGON,salsify,normal,752
TARRAGON,"sauces, e.g., BÉARNAISE (key ingredient), creamy, hollandaise, tartar",recommended,752
TARRAGON,savory,normal,752
TARRAGON,scallops,normal,752
TARRAGON,shallots,normal,753
TARRAGON,SHELLFISH,very_highly_recommended,753
TARRAGON,shrimp,normal,753
TARRAGON,sole,normal,753
TARRAGON,soups,normal,753
TARRAGON,sorrel,normal,753
TARRAGON,soy sauce,normal,753
TARRAGON,spinach,recommended,753
TARRAGON,"squash, summer",normal,753
TARRAGON,steaks,normal,753
TARRAGON,"stock, vegetable",normal,753
TARRAGON,stuffings,normal,753
TARRAGON,TOMATOES,very_highly_recommended,753
TARRAGON,veal,normal,753
TARRAGON,vegetables,normal,753
TARRAGON,vinaigrette,normal,753
TARRAGON,"VINEGAR, esp. champagne, sherry, white wine",very_highly_recommended,753
TARRAGON,"wine, red",normal,753
TARRAGON,zucchini,normal,753
TARRAGON,basil (say some),avoid,753
TARRAGON,desserts,avoid,753
TARRAGON,oregano,avoid,753
TARRAGON,rosemary,avoid,753
TARRAGON,sage,avoid,753
TARRAGON,savory,avoid,753
TARRAGON,sweet dishes,avoid,753
TEQUILA,chile peppers,normal,753
TEQUILA,cilantro,normal,753
TEQUILA,Cointreau,normal,754
TEQUILA,fruit juice,normal,754
TEQUILA,ginger,normal,754
TEQUILA,grenadine,normal,754
TEQUILA,"lemon, juice",recommended,754
TEQUILA,"LIME, JUICE",very_highly_recommended,754
TEQUILA,MEXICAN CUISINE,very_highly_recommended,754
TEQUILA,"orange, juice",recommended,754
TEQUILA,"pomegranate, juice",normal,754
TEQUILA,sage,normal,754
TEQUILA,salt,recommended,754
TEQUILA,sugar,normal,754
TEQUILA,"vermouth: dry, sweet",normal,754
THYME,allspice,normal,755
THYME,apples,normal,755
THYME,bacon,normal,755
THYME,basil,normal,755
THYME,BAY LEAF,very_highly_recommended,755
THYME,"beans, esp. dried, green",recommended,755
THYME,beef,normal,755
THYME,beer,normal,755
THYME,bell peppers,normal,755
THYME,braised dishes,normal,755
THYME,bread and other baked goods,normal,755
THYME,broccoli,normal,755
THYME,Brussels sprouts,normal,755
THYME,cabbage,normal,755
THYME,caramel,normal,755
THYME,carrots,recommended,755
THYME,casseroles,normal,755
THYME,celery,normal,755
THYME,"CHEESE: FRESH, GOAT",very_highly_recommended,755
THYME,"CHICKEN, esp. roasted",very_highly_recommended,755
THYME,chile peppers,normal,755
THYME,chives,recommended,755
THYME,"chowders, clam",normal,756
THYME,cloves,normal,756
THYME,cod,normal,756
THYME,coriander,normal,756
THYME,corn,recommended,756
THYME,cranberries,normal,756
THYME,curries,normal,756
THYME,dates,normal,756
THYME,dill,normal,756
THYME,eggplant,recommended,756
THYME,eggs and egg dishes,normal,756
THYME,fennel,normal,756
THYME,figs,normal,756
THYME,FISH,very_highly_recommended,756
THYME,French cuisine,normal,756
THYME,"fruits, dried",normal,756
THYME,game,normal,756
THYME,garlic,normal,756
THYME,Greek cuisine,normal,756
THYME,gumbos,normal,756
THYME,herbes de Provence (ingredient),normal,756
THYME,honey,normal,756
THYME,Italian cuisine,recommended,756
THYME,Jamaican cuisine,normal,756
THYME,jerk seasoning,normal,756
THYME,"lamb, esp. grilled, roasted",recommended,756
THYME,lavender,normal,756
THYME,leeks,normal,756
THYME,legumes,normal,756
THYME,lemon,recommended,756
THYME,lemon verbena,normal,756
THYME,lentils,normal,756
THYME,lovage,recommended,756
THYME,marinades,normal,756
THYME,marjoram,recommended,756
THYME,MEATS and meat loaf,recommended,756
THYME,Mediterranean cuisine,normal,756
THYME,Middle Eastern cuisine,recommended,756
THYME,mint,normal,756
THYME,mole sauce,normal,756
THYME,MUSHROOMS,very_highly_recommended,756
THYME,mustard,normal,756
THYME,nutmeg,normal,756
THYME,olive oil,normal,756
THYME,ONIONS,very_highly_recommended,756
THYME,orange,normal,757
THYME,oregano,recommended,757
THYME,"oysters, esp. stewed",normal,757
THYME,paprika,normal,757
THYME,parsley,recommended,757
THYME,parsnips,normal,757
THYME,pasta and pasta sauces,normal,757
THYME,pâtés,normal,757
THYME,pears,normal,757
THYME,peas,normal,757
THYME,pepper,normal,757
THYME,"pork, esp. roasted",recommended,757
THYME,POTATOES,very_highly_recommended,757
THYME,poultry,normal,757
THYME,rabbit,normal,757
THYME,rice,normal,757
THYME,roasts,normal,757
THYME,ROSEMARY,very_highly_recommended,757
THYME,sage,normal,757
THYME,salads and salad dressings,normal,757
THYME,"sauces, esp. rich and/or tomato sauces, red wine",recommended,757
THYME,sausages,normal,757
THYME,SAVORY,very_highly_recommended,757
THYME,seafood,normal,757
THYME,"SOUPS, esp. vegetable",very_highly_recommended,757
THYME,Spanish cusine,normal,757
THYME,spinach,normal,757
THYME,STEWS,very_highly_recommended,757
THYME,stocks,normal,757
THYME,stuffings,normal,757
THYME,tarragon,normal,757
THYME,TOMATOES,very_highly_recommended,757
THYME,"vegetables, esp. winter",recommended,757
THYME,venison,normal,757
THYME,vinaigrettes,normal,757
THYME,"wine, red, and red wine sauces",normal,757
THYME,zucchini,normal,757
TOFU,asparagus,normal,758
TOFU,"cabbage, esp. napa",normal,758
TOFU,garlic,normal,758
TOFU,ginger,normal,758
TOFU,Japanese cuisine,recommended,758
TOFU,miso,normal,758
TOFU,mushrooms,normal,758
TOFU,"noodles, esp. soba, udon",normal,758
TOFU,"rice, esp. fried",normal,758
TOFU,salads and salad dressings,normal,758
TOFU,scallions,normal,758
TOFU,"sesame: oil, seeds",recommended,758
TOFU,soups,normal,758
TOFU,soy sauce,normal,758
TOFU,tamari,normal,758
TOFU,teriyaki,normal,758
TOMATILLOS,avocado,normal,758
TOMATILLOS,chicken,normal,758
TOMATILLOS,"chile peppers, fresh (e.g., jalapeño, serrano)",normal,758
TOMATILLOS,cilantro,recommended,758
TOMATILLOS,cucumber,normal,758
TOMATILLOS,fish,normal,758
TOMATILLOS,garlic,normal,758
TOMATILLOS,grilled dishes,normal,758
TOMATILLOS,guacamole,normal,758
TOMATILLOS,lime,normal,758
TOMATILLOS,Mexican cuisine,recommended,758
TOMATILLOS,onions,normal,758
TOMATILLOS,pork,normal,758
TOMATILLOS,"salsas, esp. green",normal,758
TOMATILLOS,"salt: kosher, sea",normal,758
TOMATILLOS,scallions,normal,758
TOMATILLOS,shellfish,normal,758
TOMATILLOS,shrimp,normal,758
TOMATILLOS,sour cream,normal,758
TOMATILLOS,stews,normal,759
TOMATILLOS,tequila,normal,759
TOMATILLOS,tomatoes,recommended,759
TOMATOES,aioli,normal,759
TOMATOES,allspice,normal,759
TOMATOES,almonds,normal,759
TOMATOES,anchovies,normal,759
TOMATOES,arugula,recommended,759
TOMATOES,avocados,normal,759
TOMATOES,"BASIL: lemon, purple",holy_grail,759
TOMATOES,bay leaf,recommended,759
TOMATOES,"beans: fava, green",normal,759
TOMATOES,beets,normal,759
TOMATOES,"BELL PEPPERS: red, green, yellow",recommended,759
TOMATOES,"bread, bread crumbs",normal,759
TOMATOES,broccoli,normal,759
TOMATOES,"butter, unsalted",normal,759
TOMATOES,capers,normal,759
TOMATOES,carrots,normal,759
TOMATOES,cauliflower,normal,759
TOMATOES,cayenne,normal,759
TOMATOES,celery and celery salt,normal,759
TOMATOES,"CHEESE: blue, Cabrales, cheddar, feta, goat, Gorgonzola, mozzarella, Parmesan, pecorino,",recommended,759
TOMATOES,"ricotta, ricotta salata, sheep’s milk",normal,759
TOMATOES,chervil,normal,759
TOMATOES,chicken,normal,759
TOMATOES,chickpeas,normal,759
TOMATOES,chili,normal,759
TOMATOES,chili sauce,normal,759
TOMATOES,chives,recommended,759
TOMATOES,cilantro,recommended,759
TOMATOES,cinnamon,normal,759
TOMATOES,coconut milk,normal,759
TOMATOES,coriander,normal,759
TOMATOES,corn,normal,760
TOMATOES,crab,normal,760
TOMATOES,cream,normal,760
TOMATOES,cream cheese,normal,760
TOMATOES,cucumbers,recommended,760
TOMATOES,cumin,normal,760
TOMATOES,curry,normal,760
TOMATOES,dill,normal,760
TOMATOES,eggplant,normal,760
TOMATOES,eggs,normal,760
TOMATOES,fennel,recommended,760
TOMATOES,fennel seeds,normal,760
TOMATOES,"fish, esp. poached, grilled",normal,760
TOMATOES,French cuisine,normal,760
TOMATOES,GARLIC,very_highly_recommended,760
TOMATOES,garlic chives,normal,760
TOMATOES,ginger,normal,760
TOMATOES,ham,normal,760
TOMATOES,hazelnuts,normal,760
TOMATOES,honey,normal,760
TOMATOES,horseradish,normal,760
TOMATOES,Italian cuisine,normal,760
TOMATOES,lamb,normal,760
TOMATOES,lavender,normal,760
TOMATOES,leeks,normal,760
TOMATOES,legumes,normal,760
TOMATOES,"LEMON: juice, zest",recommended,760
TOMATOES,lemon balm,normal,760
TOMATOES,"lime, juice",normal,760
TOMATOES,lovage,normal,760
TOMATOES,Madeira,normal,760
TOMATOES,mango,normal,760
TOMATOES,marjoram,recommended,760
TOMATOES,mayonnaise,normal,760
TOMATOES,meats,normal,760
TOMATOES,Mediterranean cuisine,normal,760
TOMATOES,"melon, esp. cantaloupe, honeydew",normal,760
TOMATOES,Mexican cuisine,normal,760
TOMATOES,"mint, esp. spearmint",recommended,760
TOMATOES,mushrooms,normal,760
TOMATOES,"mustard, esp. whole grain",normal,760
TOMATOES,"oil: grapeseed, vegetable",normal,760
TOMATOES,okra,normal,760
TOMATOES,OLIVE OIL,very_highly_recommended,760
TOMATOES,"olives: black, niçoise",recommended,760
TOMATOES,"orange, juice",normal,761
TOMATOES,oregano,normal,761
TOMATOES,"paprika, esp. sweet",normal,761
TOMATOES,"parsley, flat-leaf",recommended,761
TOMATOES,pasta and pasta sauces,recommended,761
TOMATOES,peas,normal,761
TOMATOES,"PEPPER: black, white",recommended,761
TOMATOES,pineapple,normal,761
TOMATOES,pizza,recommended,761
TOMATOES,port,normal,761
TOMATOES,raspberries,normal,761
TOMATOES,red pepper flakes,normal,761
TOMATOES,rice,normal,761
TOMATOES,rosemary,normal,761
TOMATOES,saffron,normal,761
TOMATOES,sage,normal,761
TOMATOES,"salads, green",recommended,761
TOMATOES,"SALT: fleur de sel, kosher, sea",recommended,761
TOMATOES,sandwiches,normal,761
TOMATOES,sauces,recommended,761
TOMATOES,shallots,recommended,761
TOMATOES,shellfish,normal,761
TOMATOES,soups,normal,761
TOMATOES,Spanish cuisine,normal,761
TOMATOES,squash,normal,761
TOMATOES,stews,recommended,761
TOMATOES,"stocks / broths: beef, chicken, vegetable",recommended,761
TOMATOES,strawberries,normal,761
TOMATOES,sugar (pinch),recommended,761
TOMATOES,Tabasco sauce,normal,761
TOMATOES,tarragon,normal,761
TOMATOES,THYME,very_highly_recommended,761
TOMATOES,tomato paste,normal,761
TOMATOES,veal,normal,761
TOMATOES,vinaigrettes,normal,761
TOMATOES,watermelon,recommended,761
TOMATOES,"wine: red, rosé, vermouth, white",normal,761
TOMATOES,yogurt,normal,761
TOMATOES,zucchini,normal,761
TROUT,almonds,recommended,762
TROUT,anchovies,normal,762
TROUT,"apples: cider, fruit",normal,762
TROUT,bacon,normal,762
TROUT,bay leaf,normal,762
TROUT,"beans, green",normal,762
TROUT,"bell peppers, esp. red",normal,762
TROUT,bread crumbs,normal,762
TROUT,brown butter sauce,recommended,762
TROUT,"butter, unsalted",recommended,762
TROUT,capers,normal,762
TROUT,carrots,normal,762
TROUT,cayenne,normal,762
TROUT,celery,normal,762
TROUT,"cheese: manchego, Parmesan",normal,762
TROUT,chili powder,normal,762
TROUT,corn,normal,762
TROUT,crayfish,normal,762
TROUT,cream,normal,762
TROUT,escarole,normal,762
TROUT,fines herbes,normal,762
TROUT,garlic,normal,762
TROUT,"ham, esp. Serrano",normal,762
TROUT,leeks,normal,762
TROUT,"lemon, juice",recommended,762
TROUT,lentils,normal,762
TROUT,mint,normal,763
TROUT,mushrooms,normal,763
TROUT,"oil: canola, peanut",recommended,763
TROUT,olive oil,normal,763
TROUT,onions,normal,763
TROUT,oregano,normal,763
TROUT,parsley,normal,763
TROUT,pine nuts,normal,763
TROUT,"parsley, flat-leaf",recommended,763
TROUT,"pepper: black, white",normal,763
TROUT,potatoes,normal,763
TROUT,sage,recommended,763
TROUT,"salt, kosher",normal,763
TROUT,"sauces, béarnaise",normal,763
TROUT,shallots,normal,763
TROUT,"stock, mushroom",normal,763
TROUT,thyme,normal,763
TROUT,tomatoes,normal,763
TROUT,"vinegar, esp. sherry, wine",normal,763
TROUT,"wine: dry red, white",recommended,763
"TROUT, SMOKED",apples,normal,763
"TROUT, SMOKED","beans, green",normal,763
"TROUT, SMOKED","bell pepper, roasted red",normal,763
"TROUT, SMOKED",cayenne,recommended,763
"TROUT, SMOKED",chives,normal,763
"TROUT, SMOKED",corn,normal,763
"TROUT, SMOKED",cream,recommended,763
"TROUT, SMOKED",crème fraîche,recommended,763
"TROUT, SMOKED",dill,recommended,763
"TROUT, SMOKED","greens, baby",normal,763
"TROUT, SMOKED",horseradish,recommended,763
"TROUT, SMOKED","lemon, juice",recommended,763
"TROUT, SMOKED",marjoram,normal,763
"TROUT, SMOKED",nutmeg,normal,763
"TROUT, SMOKED",olive oil,recommended,763
"TROUT, SMOKED","pepper: black, white",recommended,764
"TROUT, SMOKED",purslane,normal,764
"TROUT, SMOKED",radishes,normal,764
"TROUT, SMOKED","salt, sea",normal,764
"TROUT, SMOKED",sour cream,recommended,764
"TROUT, SMOKED",walnut oil,normal,764
"TROUT, SMOKED","wine, white (e.g., Riesling)",normal,764
"TRUFFLES, BLACK",bacon,normal,764
"TRUFFLES, BLACK",beef,normal,764
"TRUFFLES, BLACK",cauliflower,normal,764
"TRUFFLES, BLACK",chicken,normal,764
"TRUFFLES, BLACK",cod,normal,764
"TRUFFLES, BLACK","eggs: chicken, quail",recommended,764
"TRUFFLES, BLACK",foie gras,normal,764
"TRUFFLES, BLACK",French cuisine,recommended,764
"TRUFFLES, BLACK",langoustines,normal,764
"TRUFFLES, BLACK","lemon, juice",normal,764
"TRUFFLES, BLACK","mushrooms (e.g., cepes, morels)",recommended,764
"TRUFFLES, BLACK",olive oil,normal,764
"TRUFFLES, BLACK",pears,normal,764
"TRUFFLES, BLACK",potatoes,recommended,764
"TRUFFLES, BLACK",rabbit,normal,764
"TRUFFLES, BLACK",scallops,normal,764
"TRUFFLES, BLACK",shellfish,normal,764
"TRUFFLES, BLACK","stock, chicken",normal,764
"TRUFFLES, BLACK",tarragon,normal,764
"TRUFFLES, BLACK","vinegar, balsamic",normal,764
"TRUFFLES, PACIFIC NORTHWEST","beef, esp. with black truffles",normal,765
"TRUFFLES, PACIFIC NORTHWEST",butter,normal,765
"TRUFFLES, PACIFIC NORTHWEST",celery root,normal,765
"TRUFFLES, PACIFIC NORTHWEST","crab, esp. with white truffles",normal,765
"TRUFFLES, PACIFIC NORTHWEST",eggs,normal,765
"TRUFFLES, PACIFIC NORTHWEST","game birds, esp. with black truffles",normal,765
"TRUFFLES, PACIFIC NORTHWEST","leeks, melted, esp. with black truffles",normal,765
"TRUFFLES, PACIFIC NORTHWEST","meats, red, esp. with black truffles",normal,765
"TRUFFLES, PACIFIC NORTHWEST","pasta, esp. with white truffles",normal,765
"TRUFFLES, PACIFIC NORTHWEST","potatoes, esp. with white truffles",normal,765
"TRUFFLES, PACIFIC NORTHWEST","salads, esp. with white truffles",normal,765
"TRUFFLES, PACIFIC NORTHWEST","seafood, esp. with white truffles",normal,765
"TRUFFLES, PACIFIC NORTHWEST","shellfish, esp. with white truffles",normal,765
"TRUFFLES, PACIFIC NORTHWEST","vegetables, root, esp. with white truffles",normal,765
"TRUFFLES, PACIFIC NORTHWEST",Truffle),recommended,765
"TRUFFLES, PACIFIC NORTHWEST","artichokes, Jerusalem",normal,765
"TRUFFLES, PACIFIC NORTHWEST",butter,normal,765
"TRUFFLES, PACIFIC NORTHWEST","cheese, Parmesan",normal,765
"TRUFFLES, PACIFIC NORTHWEST",cream / milk,normal,765
"TRUFFLES, PACIFIC NORTHWEST",eggs,recommended,765
"TRUFFLES, PACIFIC NORTHWEST",Italian cuisine,recommended,765
"TRUFFLES, PACIFIC NORTHWEST",onions,normal,765
"TRUFFLES, PACIFIC NORTHWEST",pasta,recommended,765
"TRUFFLES, PACIFIC NORTHWEST",pears,normal,765
"TRUFFLES, PACIFIC NORTHWEST",pepper,normal,765
"TRUFFLES, PACIFIC NORTHWEST",potatoes,normal,765
"TRUFFLES, PACIFIC NORTHWEST",prosciutto,normal,765
"TRUFFLES, PACIFIC NORTHWEST",risotto,recommended,765
"TRUFFLES, PACIFIC NORTHWEST",salt,normal,765
"TRUFFLES, PACIFIC NORTHWEST",thyme,normal,765
TUNA,aioli,normal,766
TUNA,anchovies,recommended,766
TUNA,arugula,normal,766
TUNA,asparagus,normal,766
TUNA,avocado,recommended,766
TUNA,bacon,normal,766
TUNA,basil,recommended,766
TUNA,"bass, black",normal,766
TUNA,bay leaf,normal,766
TUNA,"beans: black, fava, green, white",recommended,766
TUNA,beets,normal,766
TUNA,"bell peppers, esp. green, red, yellow",recommended,766
TUNA,"butter, unsalted",recommended,766
TUNA,"cabbage, green",normal,766
TUNA,capers,normal,766
TUNA,caponata,normal,766
TUNA,carrots,normal,766
TUNA,caviar,normal,766
TUNA,cayenne,normal,766
TUNA,celery,normal,766
TUNA,chervil,normal,766
TUNA,chili oil,normal,766
TUNA,chili sauce,normal,766
TUNA,CHIVES,very_highly_recommended,766
TUNA,CILANTRO,very_highly_recommended,766
TUNA,coconut milk,normal,766
TUNA,cognac,normal,766
TUNA,coriander,recommended,766
TUNA,corn,normal,766
TUNA,cornichons,normal,766
TUNA,cucumbers,recommended,766
TUNA,cumin,normal,766
TUNA,curry,normal,766
TUNA,daikon,normal,766
TUNA,dashi,normal,766
TUNA,dill,normal,766
TUNA,"eggs (e.g., hard-boiled)",normal,766
TUNA,fennel,normal,766
TUNA,fennel pollen,normal,767
TUNA,fennel seeds,normal,767
TUNA,"fish sauce, Thai",normal,767
TUNA,frisée,normal,767
TUNA,GARLIC,very_highly_recommended,767
TUNA,"GINGER: pickled, fresh, juice",recommended,767
TUNA,honey,normal,767
TUNA,jicama,normal,767
TUNA,leeks,normal,767
TUNA,"LEMON: juice, zest",recommended,767
TUNA,"lettuce, red oak",normal,767
TUNA,"LIME, juice",recommended,767
TUNA,mayonnaise,normal,767
TUNA,"mint, esp. spearmint",normal,767
TUNA,mirepoix,normal,767
TUNA,mirin,normal,767
TUNA,"miso, sweet",normal,767
TUNA,mizuna,normal,767
TUNA,"mushrooms: cultivated, shiitakes",recommended,767
TUNA,"mustard: Dijon, seeds",recommended,767
TUNA,nectarines,normal,767
TUNA,"noodles: angel hair, vermicelli, rice",normal,767
TUNA,nori,normal,767
TUNA,"OIL: canola, grapeseed, peanut, sesame, vegetable",recommended,767
TUNA,olive oil,recommended,767
TUNA,"olives, esp. black, kalamata, niçoise",recommended,767
TUNA,"ONIONS: green, pearl, red, Spanish, spring",recommended,767
TUNA,"orange, blood or regular, juice",normal,767
TUNA,pancetta,normal,767
TUNA,paprika,normal,767
TUNA,"PARSLEY, flat-leaf",recommended,767
TUNA,passion fruit,normal,767
TUNA,pasta,normal,767
TUNA,"PEPPER: black, green, white",recommended,767
TUNA,pine nuts,normal,767
TUNA,potatoes,normal,767
TUNA,prosciutto,normal,767
TUNA,radicchio,recommended,767
TUNA,radishes,recommended,767
TUNA,rice,normal,767
TUNA,rosemary,normal,767
TUNA,sage,normal,767
TUNA,sake,normal,767
TUNA,"SALT: kosher, sea",recommended,767
TUNA,SCALLIONS,very_highly_recommended,767
TUNA,scallops,normal,768
TUNA,"SESAME: oil, seeds",recommended,768
TUNA,shallots,normal,768
TUNA,shiso,normal,768
TUNA,SOY SAUCE,very_highly_recommended,768
TUNA,spinach,normal,768
TUNA,"stock, chicken",normal,768
TUNA,sugar,normal,768
TUNA,sweet potatoes,normal,768
TUNA,Tabasco sauce,normal,768
TUNA,tahini,normal,768
TUNA,tarragon,normal,768
TUNA,THYME,very_highly_recommended,768
TUNA,"TOMATOES, tomato juice, tomato paste",recommended,768
TUNA,veal and veal cheeks,normal,768
TUNA,vinaigrette,normal,768
TUNA,vodka,normal,768
TUNA,wasabi,recommended,768
TUNA,watercress,normal,768
TUNA,"wine: dry red (Grenache, Pinot Noir, Syrah), rosé",normal,768
TUNA,"yuzu: juice, rind",normal,768
TURBOT,asparagus,normal,769
TURBOT,"butter, unsalted",recommended,769
TURBOT,Champagne,normal,769
TURBOT,chervil,normal,769
TURBOT,chives,normal,769
TURBOT,crème fraîche,normal,769
TURBOT,fennel,normal,769
TURBOT,garlic,normal,769
TURBOT,ginger,normal,769
TURBOT,hollandaise sauce,normal,769
TURBOT,leeks,normal,769
TURBOT,"lemon: juice, zest",recommended,769
TURBOT,marjoram,normal,769
TURBOT,miso,normal,769
TURBOT,mushrooms,normal,769
TURBOT,olive oil,normal,769
TURBOT,"parsley, flat-leaf",recommended,769
TURBOT,"pepper: black, white",recommended,769
TURBOT,"potatoes, esp. red, white",normal,769
TURBOT,rosemary,normal,769
TURBOT,saffron,normal,769
TURBOT,sage,normal,769
TURBOT,"salt, sea",recommended,769
TURBOT,shallots,normal,769
TURBOT,spinach,normal,769
TURBOT,"stocks: fish, mussel",recommended,769
TURBOT,tarragon,normal,769
TURBOT,tomatoes,normal,769
TURBOT,vanilla,normal,769
TURBOT,"wine: Champagne, white",normal,769
TURKEY,allspice,normal,769
TURKEY,apples,normal,770
TURKEY,bacon,normal,770
TURKEY,bay leaf,normal,770
TURKEY,bread crumbs,normal,770
TURKEY,"butter, unsalted",normal,770
TURKEY,cardamom,normal,770
TURKEY,carrots,normal,770
TURKEY,celery,normal,770
TURKEY,chestnuts,recommended,770
TURKEY,chile peppers: dried red (esp. sweet); fresh green,normal,770
TURKEY,cinnamon,normal,770
TURKEY,cloves,normal,770
TURKEY,corn bread,normal,770
TURKEY,cranberries,recommended,770
TURKEY,cumin,normal,770
TURKEY,fenugreek leaves,normal,770
TURKEY,"figs, dried",normal,770
TURKEY,garam masala,normal,770
TURKEY,garlic,recommended,770
TURKEY,ginger,normal,770
TURKEY,"grapes, white",normal,770
TURKEY,"innards: turkey heart, liver",normal,770
TURKEY,juniper berries,normal,770
TURKEY,leeks,normal,770
TURKEY,"lemon, juice",normal,770
TURKEY,"lime, juice",normal,770
TURKEY,"mushrooms, esp. wild (e.g., chanterelles)",recommended,770
TURKEY,"oil: canola, grapeseed, peanut, vegetable",recommended,770
TURKEY,olive oil,normal,770
TURKEY,"onions, esp. sweet, white",recommended,770
TURKEY,"orange, juice",normal,770
TURKEY,paprika,normal,770
TURKEY,parsnips,normal,770
TURKEY,"parsley, flat-leaf",normal,770
TURKEY,"pepper: black, white",recommended,770
TURKEY,phyllo dough,normal,770
TURKEY,pine nuts,normal,770
TURKEY,potatoes,recommended,770
TURKEY,"raisins, esp. yellow",normal,770
TURKEY,rosemary,normal,770
TURKEY,sage,recommended,770
TURKEY,"salt, kosher",recommended,770
TURKEY,"sausage, esp. Italian",normal,770
TURKEY,shallots,normal,770
TURKEY,soy sauce,normal,771
TURKEY,spinach,normal,771
TURKEY,"stocks: chicken, turkey",normal,771
TURKEY,stuffing,recommended,771
TURKEY,sugar,normal,771
TURKEY,tarragon,normal,771
TURKEY,thyme,normal,771
TURKEY,tomatoes,normal,771
TURKEY,"vermouth, dry",normal,771
TURKEY,walnuts,normal,771
TURKEY,"wine, dry white, rosé",normal,771
TURKEY,yogurt,normal,771
TURKISH CUISINE,beef,normal,771
TURKISH CUISINE,chicken,normal,771
TURKISH CUISINE,"cinnamon, esp. in desserts",normal,771
TURKISH CUISINE,"cloves, esp. in desserts",normal,771
TURKISH CUISINE,cumin,normal,771
TURKISH CUISINE,dill,normal,771
TURKISH CUISINE,eggplant,normal,771
TURKISH CUISINE,fish,normal,771
TURKISH CUISINE,garlic,normal,771
TURKISH CUISINE,goat / sheep cheese,normal,771
TURKISH CUISINE,"honey, esp. in desserts",normal,771
TURKISH CUISINE,"kebabs, meat, esp. lamb",normal,771
TURKISH CUISINE,"lamb, esp. grilled",recommended,771
TURKISH CUISINE,lemon,normal,771
TURKISH CUISINE,"mint: dried, fresh",normal,771
TURKISH CUISINE,"nutmeg, esp. in desserts",normal,771
TURKISH CUISINE,olive oil,normal,771
TURKISH CUISINE,onions,normal,771
TURKISH CUISINE,paprika,normal,771
TURKISH CUISINE,parsley,normal,771
TURKISH CUISINE,"pepper, black",normal,771
TURKISH CUISINE,phyllo dough,normal,771
TURKISH CUISINE,rice,normal,771
TURKISH CUISINE,sesame seeds,normal,771
TURKISH CUISINE,spinach,normal,771
TURKISH CUISINE,tomatoes,normal,771
TURKISH CUISINE,walnuts,normal,771
TURKISH CUISINE,yogurt,normal,771
TURMERIC,Asian cuisine,normal,772
TURMERIC,beans,normal,772
TURMERIC,beef,normal,772
TURMERIC,butter,normal,772
TURMERIC,Caribbean cuisine,normal,772
TURMERIC,cheese,normal,772
TURMERIC,chicken,recommended,772
TURMERIC,chile peppers,normal,772
TURMERIC,chutneys,normal,772
TURMERIC,cilantro,normal,772
TURMERIC,cloves,normal,772
TURMERIC,coconut milk,normal,772
TURMERIC,coriander,normal,772
TURMERIC,cumin,normal,772
TURMERIC,"CURRY LEAVES, POWDER",holy_grail,772
TURMERIC,eggplant,normal,772
TURMERIC,eggs,normal,772
TURMERIC,fennel,normal,772
TURMERIC,fish,recommended,772
TURMERIC,garlic,normal,772
TURMERIC,ginger,normal,772
TURMERIC,Indian cuisine,recommended,772
TURMERIC,Indonesian cuisine,normal,772
TURMERIC,"kaffir lime, leaves",normal,772
TURMERIC,lamb,normal,772
TURMERIC,lemongrass,normal,772
TURMERIC,lentils,normal,772
TURMERIC,"meats, esp. white",normal,772
TURMERIC,Middle Eastern cuisine,normal,772
TURMERIC,Moroccan cuisine,recommended,772
TURMERIC,mustard,recommended,772
TURMERIC,mustard seeds,recommended,773
TURMERIC,North African cuisine,normal,773
TURMERIC,paella,normal,773
TURMERIC,paprika,normal,773
TURMERIC,parsley,normal,773
TURMERIC,pepper,normal,773
TURMERIC,pickles,normal,773
TURMERIC,pork,normal,773
TURMERIC,potatoes,normal,773
TURMERIC,poultry,normal,773
TURMERIC,ras el hanout (key ingredient),normal,773
TURMERIC,rice,recommended,773
TURMERIC,"sauces, esp. creamy",normal,773
TURMERIC,sausage,normal,773
TURMERIC,seafood,normal,773
TURMERIC,shallots,normal,773
TURMERIC,shellfish,normal,773
TURMERIC,shrimp,normal,773
TURMERIC,soups,normal,773
TURMERIC,Southeast Asian cuisine,normal,773
TURMERIC,spinach,normal,773
TURMERIC,stewed dishes,normal,773
TURMERIC,tamarind,normal,773
TURMERIC,Thai cuisine,recommended,773
TURMERIC,"vegetables, esp. root",normal,773
TURMERIC,yogurt,normal,773
TURNIPS,bacon,normal,773
TURNIPS,bay leaf,normal,773
TURNIPS,"butter, unsalted",recommended,773
TURNIPS,carrots,normal,773
TURNIPS,celery root,normal,773
TURNIPS,"cheese, Parmesan",normal,773
TURNIPS,cream,recommended,774
TURNIPS,curry,normal,774
TURNIPS,dill,normal,774
TURNIPS,"duck, esp. roasted",normal,774
TURNIPS,garlic,normal,774
TURNIPS,honey,normal,774
TURNIPS,juniper berries,normal,774
TURNIPS,lamb,normal,774
TURNIPS,leeks,normal,774
TURNIPS,"lemon, juice",normal,774
TURNIPS,marjoram,normal,774
TURNIPS,nutmeg,normal,774
TURNIPS,"onions, esp. green, yellow",normal,774
TURNIPS,parsley,normal,774
TURNIPS,"pepper: black, white",normal,774
TURNIPS,poppy seeds,normal,774
TURNIPS,"pork, esp. roasted",normal,774
TURNIPS,potatoes,recommended,774
TURNIPS,prosciutto,normal,774
TURNIPS,"salt: kosher, rock, sea",recommended,774
TURNIPS,shiso,normal,774
TURNIPS,"stock, chicken",normal,774
TURNIPS,sugar (pinch),normal,774
TURNIPS,sweet potatoes,normal,774
TURNIPS,thyme,recommended,774
TURNIPS,vinegar,normal,774
UMAMI,"aged foods (e.g., cheese)",normal,774
UMAMI,anchovies,normal,774
UMAMI,"beef, esp. aged",normal,774
UMAMI,bonito flakes,normal,774
UMAMI,broccoli,normal,774
UMAMI,carrots,normal,774
UMAMI,"cheese, aged (e.g., blue, Gruyère, Parmesan, Roquefort)",normal,774
UMAMI,chicken,normal,774
UMAMI,clams,normal,774
UMAMI,cured foods,normal,774
UMAMI,fermented foods,normal,774
UMAMI,"fish sauce, Asian",normal,774
UMAMI,grapefruit,normal,774
UMAMI,grapes,normal,774
UMAMI,ketchup,normal,775
UMAMI,lobster,normal,775
UMAMI,mackerel,normal,775
UMAMI,meats,normal,775
UMAMI,miso,normal,775
UMAMI,"mushrooms, esp. shiitake",normal,775
UMAMI,oysters,normal,775
UMAMI,pork,normal,775
UMAMI,potatoes,normal,775
UMAMI,ripe ingredients,normal,775
UMAMI,sardines,normal,775
UMAMI,"sauces, meat-based",normal,775
UMAMI,scallops,normal,775
UMAMI,seafood,normal,775
UMAMI,"seaweed, dried",normal,775
UMAMI,soy beans,normal,775
UMAMI,soy sauce,normal,775
UMAMI,squid,normal,775
UMAMI,"steaks, esp. dry-aged, grilled",normal,775
UMAMI,"stocks, meat-based",normal,775
UMAMI,sweet potatoes,normal,775
UMAMI,"tea, green",normal,775
UMAMI,tomatoes and tomato sauce,normal,775
UMAMI,truffles,normal,775
UMAMI,tuna,normal,775
UMAMI,"vinegar, balsamic",normal,775
UMAMI,walnuts,normal,775
VANILLA,allspice,normal,775
VANILLA,almonds,normal,775
VANILLA,apples,normal,775
VANILLA,apricots,normal,775
VANILLA,"BAKED GOODS, e.g., cakes, cookies",very_highly_recommended,775
VANILLA,bay leaf,normal,775
VANILLA,"beans, black",normal,775
VANILLA,beef,normal,775
VANILLA,berries,normal,775
VANILLA,"beverages (e.g., eggnog, soft drinks)",recommended,775
VANILLA,brown butter,normal,775
VANILLA,butter,normal,776
VANILLA,butterscotch,normal,776
VANILLA,cakes,recommended,776
VANILLA,candies,normal,776
VANILLA,caramel,normal,776
VANILLA,cardamom,normal,776
VANILLA,"cheese, ricotta",normal,776
VANILLA,chicken,normal,776
VANILLA,chiles,normal,776
VANILLA,CHOCOLATE,very_highly_recommended,776
VANILLA,cilantro,normal,776
VANILLA,cinnamon,recommended,776
VANILLA,cloves,recommended,776
VANILLA,coconut,normal,776
VANILLA,COFFEE,very_highly_recommended,776
VANILLA,cookies,recommended,776
VANILLA,CREAM AND ICE CREAM,very_highly_recommended,776
VANILLA,cream cheese,normal,776
VANILLA,custards,recommended,776
VANILLA,DESSERTS,very_highly_recommended,776
VANILLA,eggs,recommended,776
VANILLA,figs,normal,776
VANILLA,fish,normal,776
VANILLA,"fruits, esp. poached",recommended,776
VANILLA,ginger,normal,776
VANILLA,honey,normal,776
VANILLA,ICE CREAM,holy_grail,776
VANILLA,lamb,normal,776
VANILLA,lavender,normal,776
VANILLA,"lemon: juice, zest",recommended,776
VANILLA,lemongrass,normal,776
VANILLA,lobster,normal,776
VANILLA,mascarpone,normal,776
VANILLA,meats,normal,776
VANILLA,melon,normal,776
VANILLA,Mexican cuisine,normal,776
VANILLA,milk,normal,776
VANILLA,mint,normal,776
VANILLA,mussels,normal,776
VANILLA,nutmeg,normal,776
VANILLA,nuts,normal,776
VANILLA,orange,normal,776
VANILLA,peaches,normal,776
VANILLA,pears,normal,776
VANILLA,plums,normal,776
VANILLA,pork,normal,777
VANILLA,puddings,normal,777
VANILLA,rhubarb,normal,777
VANILLA,rice,normal,777
VANILLA,rosemary,normal,777
VANILLA,saffron,normal,777
VANILLA,"salads, fruit",normal,777
VANILLA,scallops,normal,777
VANILLA,seafood,normal,777
VANILLA,"seeds: poppy, sesame",normal,777
VANILLA,shellfish,normal,777
VANILLA,soups,normal,777
VANILLA,stocks,normal,777
VANILLA,strawberries,normal,777
VANILLA,SUGAR,very_highly_recommended,777
VANILLA,tamarind,normal,777
VANILLA,tea,recommended,777
VANILLA,tomatoes,normal,777
VANILLA,"vegetables (e.g., root)",normal,777
VANILLA,"vinegar, balsamic",normal,777
VANILLA,whiskey,normal,777
VANILLA,"wine, Champagne",normal,777
VANILLA,yogurt,normal,777
VEAL — IN GENERAL,almonds,normal,777
VEAL — IN GENERAL,anchovies,normal,777
VEAL — IN GENERAL,apples,normal,777
VEAL — IN GENERAL,asparagus,normal,777
VEAL — IN GENERAL,basil,normal,777
VEAL — IN GENERAL,bay leaf,recommended,777
VEAL — IN GENERAL,"beans, esp. flageolets, haricots verts",normal,777
VEAL — IN GENERAL,"beef, short ribs",normal,777
VEAL — IN GENERAL,beets,normal,777
VEAL — IN GENERAL,"bell peppers: green, red, yellow",normal,777
VEAL — IN GENERAL,brandy,normal,778
VEAL — IN GENERAL,bread and bread crumbs,normal,778
VEAL — IN GENERAL,"butter, unsalted",normal,778
VEAL — IN GENERAL,capers,normal,778
VEAL — IN GENERAL,caraway seeds,normal,778
VEAL — IN GENERAL,carrots,recommended,778
VEAL — IN GENERAL,celery,recommended,778
VEAL — IN GENERAL,celery root,normal,778
VEAL — IN GENERAL,"cheese: Emmental, Gruyère, Parmesan, Swiss",normal,778
VEAL — IN GENERAL,chervil,normal,778
VEAL — IN GENERAL,chile peppers,normal,778
VEAL — IN GENERAL,chives,recommended,778
VEAL — IN GENERAL,cider,normal,778
VEAL — IN GENERAL,coconut milk,normal,778
VEAL — IN GENERAL,cream,recommended,778
VEAL — IN GENERAL,crème fraîche,normal,778
VEAL — IN GENERAL,"cucumbers, sautéed",normal,778
VEAL — IN GENERAL,dill,normal,778
VEAL — IN GENERAL,"eggs, esp. hard-boiled",normal,778
VEAL — IN GENERAL,French cuisine,normal,778
VEAL — IN GENERAL,GARLIC,very_highly_recommended,778
VEAL — IN GENERAL,gremolata,normal,778
VEAL — IN GENERAL,"ham: smoked, hock",normal,778
VEAL — IN GENERAL,hazelnuts,normal,778
VEAL — IN GENERAL,Italian cuisine,normal,778
VEAL — IN GENERAL,leeks,normal,778
VEAL — IN GENERAL,"LEMON: juice, zest",recommended,778
VEAL — IN GENERAL,lemon verbena,normal,778
VEAL — IN GENERAL,"lime: juice, leaves",normal,778
VEAL — IN GENERAL,Madeira,normal,778
VEAL — IN GENERAL,marjoram,normal,778
VEAL — IN GENERAL,milk,normal,778
VEAL — IN GENERAL,"mustard, Dijon",normal,778
VEAL — IN GENERAL,nutmeg,normal,778
VEAL — IN GENERAL,"OIL: canola, corn, peanut, vegetable",recommended,778
VEAL — IN GENERAL,olive oil,normal,778
VEAL — IN GENERAL,"olives, black",normal,778
VEAL — IN GENERAL,"ONIONS, esp. pearl, sweet, white",very_highly_recommended,778
VEAL — IN GENERAL,"orange: juice, zest",normal,778
VEAL — IN GENERAL,"parsley, flat-leaf",recommended,778
VEAL — IN GENERAL,parsnips,normal,778
VEAL — IN GENERAL,"pasta, esp. fettuccine",normal,778
VEAL — IN GENERAL,"peas, spring",normal,778
VEAL — IN GENERAL,"PEPPER: black, white",recommended,778
VEAL — IN GENERAL,polenta,normal,779
VEAL — IN GENERAL,potatoes,normal,779
VEAL — IN GENERAL,prosciutto,normal,779
VEAL — IN GENERAL,rice,normal,779
VEAL — IN GENERAL,rosemary,normal,779
VEAL — IN GENERAL,sage,normal,779
VEAL — IN GENERAL,"SALT: kosher, sea",recommended,779
VEAL — IN GENERAL,shallots,recommended,779
VEAL — IN GENERAL,spaetzle,normal,779
VEAL — IN GENERAL,spinach,normal,779
VEAL — IN GENERAL,"STOCKS: beef, chicken, veal, vegetable",recommended,779
VEAL — IN GENERAL,tarragon,normal,779
VEAL — IN GENERAL,thyme,normal,779
VEAL — IN GENERAL,"TOMATOES: canned, paste, plum, sauce",recommended,779
VEAL — IN GENERAL,truffles,normal,779
VEAL — IN GENERAL,tuna,normal,779
VEAL — IN GENERAL,turnips,normal,779
VEAL — IN GENERAL,vanilla,normal,779
VEAL — IN GENERAL,"vinegar: balsamic, chamapagne",normal,779
VEAL — IN GENERAL,watercrêss,normal,779
VEAL — IN GENERAL,"WINE, DRY WHITE",very_highly_recommended,779
VEAL — IN GENERAL,zucchini,normal,779
VEAL — BREAST,"beans, white",normal,779
VEAL — BREAST,"cheese, Fontina",normal,779
VEAL — BREAST,garlic,normal,779
VEAL — BREAST,olive oil,normal,779
VEAL — BREAST,"onions, esp. Spanish",normal,779
VEAL — BREAST,pancetta,normal,779
VEAL — BREAST,"parsley, flat-leaf",normal,779
VEAL — BREAST,rosemary,normal,780
VEAL — BREAST,"stock, chicken",normal,780
VEAL — BREAST,thyme,normal,780
VEAL — BREAST,"wine, white",normal,780
VEAL — CHOP,artichokes,normal,780
VEAL — CHOP,basil,normal,780
VEAL — CHOP,"beans, esp. fava",normal,780
VEAL — CHOP,broccoli rabe,normal,780
VEAL — CHOP,butter,normal,780
VEAL — CHOP,Campari,normal,780
VEAL — CHOP,capers,normal,780
VEAL — CHOP,chives,normal,780
VEAL — CHOP,cilantro,normal,780
VEAL — CHOP,coriander,normal,780
VEAL — CHOP,garlic,recommended,780
VEAL — CHOP,ginger,normal,780
VEAL — CHOP,gnocchi,normal,780
VEAL — CHOP,leeks,normal,780
VEAL — CHOP,"lemon, juice",recommended,780
VEAL — CHOP,Madeira,normal,780
VEAL — CHOP,marjoram,normal,780
VEAL — CHOP,mint,normal,780
VEAL — CHOP,mirin,normal,780
VEAL — CHOP,miso,normal,780
VEAL — CHOP,"mushrooms (e.g., black trumpet)",normal,780
VEAL — CHOP,"mushrooms, wild, esp. chanterelle, porcini",recommended,780
VEAL — CHOP,"mustard, Dijon",normal,780
VEAL — CHOP,olive oil,recommended,780
VEAL — CHOP,"olives: black, kalamata",normal,780
VEAL — CHOP,onions,normal,780
VEAL — CHOP,"parsley, flat-leaf",normal,780
VEAL — CHOP,peas,normal,780
VEAL — CHOP,"pepper, white",normal,780
VEAL — CHOP,pine nuts,normal,780
VEAL — CHOP,polenta,normal,781
VEAL — CHOP,potatoes,normal,781
VEAL — CHOP,prosciutto,normal,781
VEAL — CHOP,radishes,normal,781
VEAL — CHOP,red pepper flakes,normal,781
VEAL — CHOP,salt,normal,781
VEAL — CHOP,"sesame: oil, seeds",normal,781
VEAL — CHOP,shallots,normal,781
VEAL — CHOP,soy sauce,normal,781
VEAL — CHOP,"stock, chicken",normal,781
VEAL — CHOP,"sugar, brown",normal,781
VEAL — CHOP,thyme,normal,781
VEAL — CHOP,"tomatoes, sun-dried",normal,781
VEAL — CHOP,watercress,normal,781
VEAL — CHOP,"wine, dry white",normal,781
VEAL — LOIN,arugula,normal,781
VEAL — LOIN,basil,normal,781
VEAL — LOIN,"cheese, Fontina",normal,781
VEAL — LOIN,chestnuts,normal,781
VEAL — LOIN,"cider, apple",normal,781
VEAL — LOIN,citrus,normal,781
VEAL — LOIN,cranberries,normal,781
VEAL — LOIN,garlic,normal,781
VEAL — LOIN,"mushrooms, wild (e.g., chanterelles, morels)",normal,781
VEAL — LOIN,"nuts (e.g., almonds, hazelnuts, pine nuts, pistachios)",normal,781
VEAL — LOIN,onions,normal,781
VEAL — LOIN,oregano,normal,781
VEAL — LOIN,pasta,normal,781
VEAL — LOIN,pumpkin,normal,781
VEAL — LOIN,risotto,normal,781
VEAL — LOIN,rosemary,normal,781
VEAL — LOIN,sage,normal,781
VEAL — LOIN,"stock, veal",normal,781
VEAL — LOIN,tarragon,normal,782
VEAL — LOIN,thyme,normal,782
VEAL — LOIN,tomatoes,normal,782
VEAL — LOIN,"wine, red",normal,782
VEAL — SHANKS,bay leaf,normal,782
VEAL — SHANKS,carrots,normal,782
VEAL — SHANKS,celery,normal,782
VEAL — SHANKS,cilantro,normal,782
VEAL — SHANKS,cinnamon,normal,782
VEAL — SHANKS,cumin,normal,782
VEAL — SHANKS,garlic,recommended,782
VEAL — SHANKS,gremolata,normal,782
VEAL — SHANKS,horseradish,normal,782
VEAL — SHANKS,"lemon: juice, zest",recommended,782
VEAL — SHANKS,marjoram,normal,782
VEAL — SHANKS,"mushrooms, porcini",normal,782
VEAL — SHANKS,olive oil,normal,782
VEAL — SHANKS,olives,normal,782
VEAL — SHANKS,"onions, esp. red, white",recommended,782
VEAL — SHANKS,oranges,normal,782
VEAL — SHANKS,osso buco (ingredient),normal,782
VEAL — SHANKS,parsley,recommended,782
VEAL — SHANKS,pepper,normal,782
VEAL — SHANKS,pine nuts,normal,782
VEAL — SHANKS,"raisins, yellow",normal,782
VEAL — SHANKS,risotto,normal,782
VEAL — SHANKS,rosemary,normal,782
VEAL — SHANKS,salt,normal,782
VEAL — SHANKS,"stocks: chicken, veal",recommended,782
VEAL — SHANKS,thyme,normal,782
VEAL — SHANKS,"tomatoes: paste, sauce",recommended,782
VEAL — SHANKS,"truffles, white",normal,782
VEAL — SHANKS,"WINE, WHITE",very_highly_recommended,782
VEAL — TENDERLOIN,asparagus,normal,783
VEAL — TENDERLOIN,bacon,normal,783
VEAL — TENDERLOIN,basil,normal,783
VEAL — TENDERLOIN,capers,normal,783
VEAL — TENDERLOIN,"cheese, Fontina",normal,783
VEAL — TENDERLOIN,cream,normal,783
VEAL — TENDERLOIN,ham,normal,783
VEAL — TENDERLOIN,"mushrooms, morel",normal,783
VEAL — TENDERLOIN,"mustard, Dijon",normal,783
VEAL — TENDERLOIN,"onions, red",normal,783
VEAL — TENDERLOIN,sage,normal,783
VEAL — TENDERLOIN,tarragon,normal,783
VEAL — TENDERLOIN,thyme,normal,783
VEAL — TENDERLOIN,truffle oil,normal,783
VEAL — TENDERLOIN,"wine, white",normal,783
VEGETABLES,"VEGETABLES, ROOT (See specific root vegetables, e.g.,",recommended,783
VEGETABLES,Carrots),recommended,783
VEGETARIAN DISHES,liquid smoke,normal,783
VEGETARIAN DISHES,miso,normal,783
VEGETARIAN DISHES,mushrooms,normal,783
VEGETARIAN DISHES,"onions, roasted",normal,783
VEGETARIAN DISHES,"paprika, smoked",normal,783
VEGETARIAN DISHES,"shallots, roasted",normal,784
VEGETARIAN DISHES,soy sauce,normal,784
VENISON,American cuisine,normal,784
VENISON,apples,recommended,784
VENISON,"artichoke, Jerusalem",normal,784
VENISON,bacon,recommended,784
VENISON,bay leaf,recommended,784
VENISON,beets,normal,784
VENISON,bourbon,normal,784
VENISON,brandy,normal,784
VENISON,Brussels sprouts,normal,784
VENISON,"butter, unsalted",normal,784
VENISON,"cabbage, red",normal,784
VENISON,cardamom,normal,784
VENISON,carrots,recommended,784
VENISON,celery,normal,784
VENISON,"cheese, Asiago",normal,784
VENISON,"cherries, dried or fresh, esp. black",normal,784
VENISON,chervil,normal,784
VENISON,chestnuts,normal,784
VENISON,chiles,normal,784
VENISON,chives,normal,784
VENISON,cinnamon,normal,784
VENISON,cloves,normal,784
VENISON,cognac,normal,784
VENISON,coriander,normal,784
VENISON,corn,normal,784
VENISON,cranberries,recommended,784
VENISON,cream,normal,784
VENISON,"currants, dried or fresh, esp. red",normal,784
VENISON,curries and curry powder,normal,784
VENISON,fennel,normal,784
VENISON,garlic,recommended,784
VENISON,gin,normal,784
VENISON,"ginger: grated, ground, minced",normal,784
VENISON,"greens: arugula, chicory, dandelion, mâche, radicchio, spinach",normal,784
VENISON,honey,normal,784
VENISON,horseradish,normal,785
VENISON,huckleberries,normal,785
VENISON,JUNIPER BERRIES,very_highly_recommended,785
VENISON,"lemon, juice",normal,785
VENISON,lemongrass,normal,785
VENISON,"lime, juice",normal,785
VENISON,Marsala,normal,785
VENISON,mirepoix,normal,785
VENISON,"mushrooms: button, porcini, shiitake, wild",recommended,785
VENISON,mustard,normal,785
VENISON,nectarines,normal,785
VENISON,nutmeg,normal,785
VENISON,"nuts: almonds, cashews",normal,785
VENISON,"oil: canola, grapeseed, peanut, walnut",recommended,785
VENISON,olive oil,normal,785
VENISON,ONIONS,very_highly_recommended,785
VENISON,"orange: juice, zest",normal,785
VENISON,pancetta,normal,785
VENISON,"parsley, flat-leaf",normal,785
VENISON,parsnips,normal,785
VENISON,peaches,normal,785
VENISON,PEARS,very_highly_recommended,785
VENISON,"PEPPER: black, green, pink, Szechuan, white",recommended,785
VENISON,pineapple,normal,785
VENISON,pomegranate,normal,785
VENISON,port,normal,785
VENISON,potatoes,normal,785
VENISON,pumpkin,normal,785
VENISON,raisins,normal,785
VENISON,rosemary,recommended,785
VENISON,sage,normal,785
VENISON,"salt, kosher",normal,785
VENISON,savory,normal,785
VENISON,shallots,recommended,785
VENISON,soy sauce,normal,785
VENISON,spinach,normal,785
VENISON,"squash: acorn, butternut",normal,785
VENISON,star anise,normal,785
VENISON,"STOCKS: beef, chicken, venison",recommended,785
VENISON,sweet potatoes,normal,785
VENISON,thyme,recommended,785
VENISON,tomatoes and tomato paste,normal,785
VENISON,"turnips, esp. yellow",normal,785
VENISON,"vinegar: balsamic, red wine, rice, sherry",normal,785
VENISON,watercress,normal,785
VENISON,"WINE: red (e.g., Cabernet Sauvignon), dry white",recommended,786
VERJUS,Verjus is often more wine friendly than vinegar.,normal,786
VERJUS,apples,normal,786
VERJUS,apricots,normal,786
VERJUS,asparagus,normal,786
VERJUS,berries,normal,786
VERJUS,"cheese, goat",normal,786
VERJUS,chicken,normal,786
VERJUS,cranberries,normal,786
VERJUS,cucumbers,normal,786
VERJUS,fennel,normal,786
VERJUS,"fish (e.g., halibut, salmon, tuna)",recommended,786
VERJUS,foie gras,normal,786
VERJUS,FRUIT,very_highly_recommended,786
VERJUS,garlic,normal,786
VERJUS,ginger,normal,786
VERJUS,"herbs (e.g., dill, mint, thyme)",normal,786
VERJUS,lamb,normal,786
VERJUS,lettuces,normal,786
VERJUS,marinades,normal,786
VERJUS,meat,normal,786
VERJUS,melon,normal,786
VERJUS,"mustard, Dijon",normal,786
VERJUS,olive oil,normal,786
VERJUS,onions,normal,786
VERJUS,pears,normal,786
VERJUS,pomegranate,normal,786
VERJUS,pork,normal,786
VERJUS,poultry,normal,786
VERJUS,quail,normal,786
VERJUS,quince,normal,787
VERJUS,rabbit,normal,787
VERJUS,"SALADS: FRUIT, GREEN",very_highly_recommended,787
VERJUS,sauces,recommended,787
VERJUS,"shellfish (e.g., crab, scallops, shrimp)",recommended,787
VERJUS,soups,normal,787
VERJUS,soy sauce,normal,787
VERJUS,spinach,normal,787
VERJUS,strawberries,normal,787
VERJUS,"sugar: brown, white",normal,787
VERJUS,tuna,normal,787
VERJUS,vegetables,normal,787
VERJUS,"vinegar, rice wine",normal,787
VIETNAMESE CUISINE,"basil, Thai",normal,787
VIETNAMESE CUISINE,bean sprouts,normal,787
VIETNAMESE CUISINE,"beef, in soup (pho)",normal,787
VIETNAMESE CUISINE,chicken,normal,787
VIETNAMESE CUISINE,chile peppers,normal,787
VIETNAMESE CUISINE,cilantro,recommended,787
VIETNAMESE CUISINE,cucumbers,normal,787
VIETNAMESE CUISINE,fish,normal,787
VIETNAMESE CUISINE,fish sauce,recommended,787
VIETNAMESE CUISINE,garlic,normal,787
VIETNAMESE CUISINE,ginger,normal,787
VIETNAMESE CUISINE,lemon,normal,787
VIETNAMESE CUISINE,lemongrass,recommended,787
VIETNAMESE CUISINE,lettuce,normal,787
VIETNAMESE CUISINE,lime,normal,787
VIETNAMESE CUISINE,"milk, sweetened condensed (e.g., in coffee)",normal,787
VIETNAMESE CUISINE,mint,normal,787
VIETNAMESE CUISINE,noodles,normal,787
VIETNAMESE CUISINE,pork,normal,787
VIETNAMESE CUISINE,raw foods,normal,787
VIETNAMESE CUISINE,rice,recommended,787
VIETNAMESE CUISINE,scallions,normal,787
VIETNAMESE CUISINE,shallots,normal,787
VIETNAMESE CUISINE,shellfish,normal,787
VIETNAMESE CUISINE,shrimp,normal,787
VIETNAMESE CUISINE,star anise,normal,787
VIETNAMESE CUISINE,sugar,normal,787
"VINEGAR, BALSAMIC",apricots,normal,788
"VINEGAR, BALSAMIC",arugula,normal,788
"VINEGAR, BALSAMIC",basil,normal,788
"VINEGAR, BALSAMIC","beans, green",normal,788
"VINEGAR, BALSAMIC","bell peppers: green, red",normal,788
"VINEGAR, BALSAMIC","berries, esp. strawberries",normal,788
"VINEGAR, BALSAMIC",brown butter,recommended,788
"VINEGAR, BALSAMIC",cabbage,normal,788
"VINEGAR, BALSAMIC","cheese, Parmesan",normal,788
"VINEGAR, BALSAMIC",cherries,normal,788
"VINEGAR, BALSAMIC",chicken,normal,788
"VINEGAR, BALSAMIC",chicory,normal,788
"VINEGAR, BALSAMIC",eggplant,normal,788
"VINEGAR, BALSAMIC",endive,normal,788
"VINEGAR, BALSAMIC","fish, esp. white",normal,788
"VINEGAR, BALSAMIC",fruit,normal,788
"VINEGAR, BALSAMIC","greens, salad",normal,788
"VINEGAR, BALSAMIC",grilled dishes,normal,788
"VINEGAR, BALSAMIC",hazelnut oil,normal,788
"VINEGAR, BALSAMIC",honey,normal,788
"VINEGAR, BALSAMIC",Italian cuisine,recommended,788
"VINEGAR, BALSAMIC",marinades,normal,788
"VINEGAR, BALSAMIC",meats,recommended,788
"VINEGAR, BALSAMIC","mustard, esp. Dijon",recommended,788
"VINEGAR, BALSAMIC","mustard: dry, seeds",recommended,788
"VINEGAR, BALSAMIC",oil,normal,789
"VINEGAR, BALSAMIC",onions,recommended,789
"VINEGAR, BALSAMIC","pepper, black",normal,789
"VINEGAR, BALSAMIC",radicchio,normal,789
"VINEGAR, BALSAMIC",raspberries,normal,789
"VINEGAR, BALSAMIC",SALADS AND SALAD DRESSINGS,very_highly_recommended,789
"VINEGAR, BALSAMIC",sesame oil,normal,789
"VINEGAR, BALSAMIC",steak,normal,789
"VINEGAR, BALSAMIC",STRAWBERRIES,holy_grail,789
"VINEGAR, BALSAMIC",TOMATOES,holy_grail,789
"VINEGAR, BALSAMIC",vegetables,recommended,789
"VINEGAR, BALSAMIC",vinaigrette,normal,789
"VINEGAR, BALSAMIC","vinegar: red wine, sherry (blending vinegars)",normal,789
"VINEGAR, BALSAMIC",walnut oil,normal,789
"VINEGAR, BALSAMIC",watercress,normal,789
"VINEGAR, BALSAMIC",white truffle oil,normal,789
"VINEGAR, BANYULS",beets,normal,789
"VINEGAR, BANYULS","cheese: blue, Parmesan",normal,789
"VINEGAR, BANYULS",cream,normal,789
"VINEGAR, BANYULS",duck,recommended,789
"VINEGAR, BANYULS",fish,normal,789
"VINEGAR, BANYULS",foie gras,normal,789
"VINEGAR, BANYULS",honey,normal,789
"VINEGAR, BANYULS",lettuces,normal,789
"VINEGAR, BANYULS",marinades,normal,789
"VINEGAR, BANYULS",meats,normal,789
"VINEGAR, BANYULS",mushrooms,normal,789
"VINEGAR, BANYULS",nuts,normal,789
"VINEGAR, BANYULS","oil: hazelnut,walnut",recommended,789
"VINEGAR, BANYULS",olive oil,normal,789
"VINEGAR, BANYULS",pears,normal,789
"VINEGAR, BANYULS","pepper, black",normal,789
"VINEGAR, BANYULS",quail,normal,790
"VINEGAR, BANYULS",salads and salad dressings,recommended,790
"VINEGAR, BANYULS","salmon, ivory",normal,790
"VINEGAR, BANYULS",salt,normal,790
"VINEGAR, BANYULS",sauces,normal,790
"VINEGAR, BANYULS",scallops,normal,790
"VINEGAR, BANYULS",shellfish,normal,790
"VINEGAR, BANYULS",tomatoes,normal,790
"VINEGAR, BANYULS",vegetables,normal,790
"VINEGAR, BANYULS",walnuts,normal,790
"VINEGAR, CHAMPAGNE",artichokes,normal,790
"VINEGAR, CHAMPAGNE",avocados,normal,790
"VINEGAR, CHAMPAGNE",delicate dishes,normal,790
"VINEGAR, CHAMPAGNE",fennel,normal,790
"VINEGAR, CHAMPAGNE",fish,normal,790
"VINEGAR, CHAMPAGNE","greens, delicate salad (e.g., baby greens, butter lettuce)",normal,790
"VINEGAR, CHAMPAGNE",leeks,normal,790
"VINEGAR, CHAMPAGNE","oils: nut, truffle",normal,790
"VINEGAR, CHAMPAGNE",olive oil,normal,790
"VINEGAR, CHAMPAGNE",potatoes,normal,790
"VINEGAR, CHAMPAGNE",raspberries,normal,790
"VINEGAR, CHAMPAGNE",salads,normal,790
"VINEGAR, CHAMPAGNE",shellfish,normal,790
"VINEGAR, CHAMPAGNE",strawberries,normal,790
"VINEGAR, CHAMPAGNE",vegetables,normal,790
"VINEGAR, CIDER",American cuisine,normal,791
"VINEGAR, CIDER",apples,normal,791
"VINEGAR, CIDER",coleslaw,normal,791
"VINEGAR, CIDER","fruits, esp. in salads",normal,791
"VINEGAR, CIDER",ginger,normal,791
"VINEGAR, CIDER",grains,normal,791
"VINEGAR, CIDER",herbs,normal,791
"VINEGAR, CIDER",oil,normal,791
"VINEGAR, CIDER",pears,normal,791
"VINEGAR, CIDER",peas,normal,791
"VINEGAR, CIDER",pork,normal,791
"VINEGAR, CIDER",salads and salad dressings,normal,791
"VINEGAR, CIDER",sauces,normal,791
"VINEGAR, CIDER",smoked fish,normal,791
"VINEGAR, CIDER",smoked meats,normal,791
"VINEGAR, CIDER",sugar,normal,791
"VINEGAR, FRUIT",avocados,normal,791
"VINEGAR, FRUIT",chicken,normal,791
"VINEGAR, FRUIT",fruit salads,normal,791
"VINEGAR, FRUIT",hazelnut oil,normal,791
"VINEGAR, FRUIT","meats, white",normal,791
"VINEGAR, FRUIT","oils, esp. nut",normal,791
"VINEGAR, FRUIT",peanut oil,normal,791
"VINEGAR, FRUIT",pears,normal,791
"VINEGAR, FRUIT",salads and salad dressings,normal,791
"VINEGAR, FRUIT",turkey,normal,792
"VINEGAR, FRUIT",walnut oil,normal,792
"VINEGAR, FRUIT",cheese,avoid,792
"VINEGAR, FRUIT",eggs,avoid,792
"VINEGAR, ICE WINE",berries,recommended,792
"VINEGAR, ICE WINE","FOIE GRAS, ESP. TERRINE",very_highly_recommended,792
"VINEGAR, ICE WINE",fruit,normal,792
"VINEGAR, ICE WINE",lobster,normal,792
"VINEGAR, ICE WINE",oil: grapeseed,normal,792
"VINEGAR, ICE WINE",onions,normal,792
"VINEGAR, ICE WINE",oysters,normal,792
"VINEGAR, ICE WINE",peaches,normal,792
"VINEGAR, ICE WINE",salads,recommended,792
"VINEGAR, ICE WINE",sauces,normal,792
"VINEGAR, ICE WINE",scallops,normal,792
"VINEGAR, ICE WINE",seafood,normal,792
"VINEGAR, ICE WINE",sorbets,normal,792
"VINEGAR, ICE WINE",strawberries,normal,792
"VINEGAR, ICE WINE",vegetables,normal,792
"VINEGAR, MALT",dressings,normal,792
"VINEGAR, MALT","fish, fried",normal,792
"VINEGAR, MALT","oil: hazelnut, peanut",normal,792
"VINEGAR, MALT",olive oil,normal,792
"VINEGAR, MALT",pickles,normal,792
"VINEGAR, MALT",sauces,avoid,792
"VINEGAR, RED WINE","beans, green",normal,793
"VINEGAR, RED WINE",chard,normal,793
"VINEGAR, RED WINE",cherries,normal,793
"VINEGAR, RED WINE",chicken,normal,793
"VINEGAR, RED WINE",cinnamon,normal,793
"VINEGAR, RED WINE",cold dishes,recommended,793
"VINEGAR, RED WINE",dandelion greens,normal,793
"VINEGAR, RED WINE","greens: salad, stronger",recommended,793
"VINEGAR, RED WINE",grilled dishes,normal,793
"VINEGAR, RED WINE",heartier dishes,normal,793
"VINEGAR, RED WINE",kale,normal,793
"VINEGAR, RED WINE",marinades,recommended,793
"VINEGAR, RED WINE","meat, red",recommended,793
"VINEGAR, RED WINE",mushrooms,normal,793
"VINEGAR, RED WINE",mustard,normal,793
"VINEGAR, RED WINE","oils, nut",recommended,793
"VINEGAR, RED WINE",olive oil,recommended,793
"VINEGAR, RED WINE",salads and salad dressings,recommended,793
"VINEGAR, RED WINE",sauces,normal,793
"VINEGAR, RED WINE",spinach,normal,793
"VINEGAR, RED WINE",tomatoes,normal,793
"VINEGAR, RED WINE",vinaigrettes,normal,793
"VINEGAR, RICE WINE",Asian cuisine,recommended,793
"VINEGAR, RICE WINE",cilantro,normal,793
"VINEGAR, RICE WINE",coriander,normal,793
"VINEGAR, RICE WINE",cucumbers,normal,793
"VINEGAR, RICE WINE","fruit, esp. salads",normal,793
"VINEGAR, RICE WINE",ginger,normal,793
"VINEGAR, RICE WINE",honey,normal,793
"VINEGAR, RICE WINE",Japanese cuisine,recommended,793
"VINEGAR, RICE WINE",lemon,normal,793
"VINEGAR, RICE WINE",mirin,normal,793
"VINEGAR, RICE WINE",noodles,normal,793
"VINEGAR, RICE WINE","oils: peanut, sesame",recommended,794
"VINEGAR, RICE WINE","pepper: black, pink",normal,794
"VINEGAR, RICE WINE","rice (e.g., for sushi)",normal,794
"VINEGAR, RICE WINE",salads,normal,794
"VINEGAR, RICE WINE",salmon,normal,794
"VINEGAR, RICE WINE",scallions,normal,794
"VINEGAR, RICE WINE",sesame seeds,normal,794
"VINEGAR, RICE WINE","soups, esp. creamy, potato",normal,794
"VINEGAR, RICE WINE",soy sauce,normal,794
"VINEGAR, RICE WINE",star anise,normal,794
"VINEGAR, RICE WINE",wasabi,normal,794
"VINEGAR, SHERRY",apples,normal,794
"VINEGAR, SHERRY",asparagus,normal,794
"VINEGAR, SHERRY",beans,recommended,794
"VINEGAR, SHERRY",chicken,normal,794
"VINEGAR, SHERRY",cucumbers,normal,794
"VINEGAR, SHERRY",duck,normal,794
"VINEGAR, SHERRY",figs,normal,794
"VINEGAR, SHERRY",fish,recommended,794
"VINEGAR, SHERRY",gazpacho,normal,794
"VINEGAR, SHERRY","greens, esp. bitter",normal,794
"VINEGAR, SHERRY",meat dishes,normal,794
"VINEGAR, SHERRY","mustard, grainy",normal,794
"VINEGAR, SHERRY",nuts,normal,794
"VINEGAR, SHERRY","oils: nut, walnut",recommended,794
"VINEGAR, SHERRY",onions,normal,794
"VINEGAR, SHERRY",orange,normal,794
"VINEGAR, SHERRY",pancetta,normal,794
"VINEGAR, SHERRY",pears,normal,794
"VINEGAR, SHERRY",radicchio,normal,794
"VINEGAR, SHERRY",rich dishes,normal,794
"VINEGAR, SHERRY",salad dressings,normal,794
"VINEGAR, SHERRY","salads, esp. with apples, nuts, pears",normal,794
"VINEGAR, SHERRY",sauces,normal,794
"VINEGAR, SHERRY",Spanish cuisine,recommended,794
"VINEGAR, SHERRY",tomatoes,normal,794
"VINEGAR, SHERRY","tortilla, Spanish",normal,794
"VINEGAR, SHERRY",vegetables,normal,794
"VINEGAR, TARRAGON (herb-flavored vinegar)",endive,normal,795
"VINEGAR, TARRAGON (herb-flavored vinegar)","lettuces, esp. Bibb, iceberg, romaine",normal,795
"VINEGAR, TARRAGON (herb-flavored vinegar)","oil, mild (e.g., peanut)",normal,795
"VINEGAR, TARRAGON (herb-flavored vinegar)",olive oil,normal,795
"VINEGAR, VINCOTTO (Cooked Wine)",almonds,normal,795
"VINEGAR, VINCOTTO (Cooked Wine)",bacon,normal,795
"VINEGAR, VINCOTTO (Cooked Wine)","cheese, burrata",recommended,795
"VINEGAR, VINCOTTO (Cooked Wine)",desserts,normal,795
"VINEGAR, VINCOTTO (Cooked Wine)",fennel,normal,795
"VINEGAR, VINCOTTO (Cooked Wine)",figs,normal,795
"VINEGAR, VINCOTTO (Cooked Wine)",fruit,recommended,795
"VINEGAR, VINCOTTO (Cooked Wine)",Italian cuisine,recommended,795
"VINEGAR, VINCOTTO (Cooked Wine)",peaches,normal,795
"VINEGAR, VINCOTTO (Cooked Wine)",pears,normal,795
"VINEGAR, VINCOTTO (Cooked Wine)",plums,normal,795
"VINEGAR, VINCOTTO (Cooked Wine)","meats, esp. grilled, roasted",normal,795
"VINEGAR, VINCOTTO (Cooked Wine)",salads and salad dressings,normal,795
"VINEGAR, VINCOTTO (Cooked Wine)",yogurt,normal,795
"VINEGAR, WHITE WINE",artichokes,normal,795
"VINEGAR, WHITE WINE",avocados,normal,795
"VINEGAR, WHITE WINE",delicate dishes,normal,795
"VINEGAR, WHITE WINE",fennel,normal,795
"VINEGAR, WHITE WINE",fish,normal,795
"VINEGAR, WHITE WINE",leeks,normal,795
"VINEGAR, WHITE WINE","oils: safflower, sunflower",normal,796
"VINEGAR, WHITE WINE",olive oil (extra virgin),normal,796
"VINEGAR, WHITE WINE",potatoes,normal,796
"VINEGAR, WHITE WINE",shellfish,normal,796
VODKA,amaretto,normal,796
VODKA,apples and apple juice,normal,796
VODKA,beef consommé,normal,796
VODKA,beet juice,normal,796
VODKA,berries,normal,796
VODKA,blackberries,normal,796
VODKA,caraway,normal,796
VODKA,"carrots, juice",normal,796
VODKA,caviar,normal,796
VODKA,celery and leaves,normal,796
VODKA,celery root,normal,796
VODKA,cilantro,normal,796
VODKA,cinnamon,normal,796
VODKA,cloves,normal,796
VODKA,coffee,normal,796
VODKA,coconut,normal,796
VODKA,cranberry juice,normal,796
VODKA,cream,normal,796
VODKA,cucumber,normal,796
VODKA,"currants, black",normal,796
VODKA,ginger,normal,796
VODKA,grapefruit juice,normal,796
VODKA,honey,normal,796
VODKA,horseradish,normal,796
VODKA,kaffir lime leaf,normal,796
VODKA,Kahlúa,normal,796
VODKA,"LEMON, JUICE",very_highly_recommended,796
VODKA,lemongrass,normal,796
VODKA,lemon thyme,normal,796
VODKA,lemon verbena,normal,796
VODKA,licorice,normal,796
VODKA,"lime, juice",recommended,796
VODKA,mangoes,normal,796
VODKA,maraschino liqueur,normal,796
VODKA,melon,normal,796
VODKA,oats,normal,797
VODKA,"olives, green",normal,797
VODKA,"orange, juice",recommended,797
VODKA,"pepper, black",normal,797
VODKA,pineapple juice,normal,797
VODKA,Polish cuisine,normal,797
VODKA,pomegranate juice,normal,797
VODKA,raspberries,normal,797
VODKA,rose,normal,797
VODKA,RUSSIAN CUISINE,very_highly_recommended,797
VODKA,smoked fish,normal,797
VODKA,star anise,normal,797
VODKA,sugar (simple syrup),recommended,797
VODKA,tomato juice,normal,797
VODKA,triple sec,normal,797
VODKA,vanilla,normal,797
WARMING,alcohol,normal,799
WARMING,barley,normal,800
WARMING,chile peppers,normal,800
WARMING,coffee,normal,800
WARMING,cranberries,normal,800
WARMING,"fruits, dried (e.g., dates)",normal,800
WARMING,garlic,normal,800
WARMING,"grains (e.g., polenta, quinoa)",normal,800
WARMING,honey,normal,800
WARMING,hot beverages,normal,800
WARMING,"meat, red",normal,800
WARMING,mustard,normal,800
WARMING,nuts,normal,800
WARMING,"oils: almond, mustard",normal,800
WARMING,olive oil,normal,800
WARMING,onions,normal,800
WARMING,"vegetables, root (e.g., carrots, potatoes)",normal,800
WARMING,vinegar,normal,800
WARMING,walnuts,normal,800
WASABI,avocados,normal,800
WASABI,beef,normal,800
WASABI,crab,normal,800
WASABI,cream,normal,800
WASABI,fish,recommended,800
WASABI,"ginger (e.g., with seafood)",recommended,800
WASABI,JAPANESE CUISINE,very_highly_recommended,800
WASABI,mirin,normal,800
WASABI,miso,normal,800
WASABI,olive oil,normal,800
WASABI,"onions, green",normal,800
WASABI,rice,normal,800
WASABI,salmon,normal,800
WASABI,sauces,normal,800
WASABI,seafood,normal,800
WASABI,"sesame: oil, seeds",normal,800
WASABI,shrimp,normal,800
WASABI,soy sauce,recommended,800
WASABI,sushi and sashimi,recommended,800
WASABI,tofu,normal,801
WASABI,tuna,normal,801
WASABI,"vinegar, rice wine",normal,801
WATER CHESTNUTS,bacon,normal,801
WATER CHESTNUTS,chicken,normal,801
WATER CHESTNUTS,Chinese cuisine,normal,801
WATER CHESTNUTS,garlic,normal,801
WATER CHESTNUTS,ginger,normal,801
WATER CHESTNUTS,scallions,normal,801
WATER CHESTNUTS,"sesame: oil, seeds",normal,801
WATER CHESTNUTS,soy sauce,normal,801
WATER CHESTNUTS,sugar,normal,801
WATER CHESTNUTS,"vinegar, rice wine",normal,801
WATERCRESS,almonds,normal,801
WATERCRESS,apples,normal,801
WATERCRESS,"asparagus, esp. white",normal,801
WATERCRESS,bacon,normal,801
WATERCRESS,bean sprouts,normal,801
WATERCRESS,"beef, esp. roasted",normal,801
WATERCRESS,beets,normal,801
WATERCRESS,"bell peppers, esp. red",normal,801
WATERCRESS,"butter, unsalted",recommended,801
WATERCRESS,buttermilk,normal,801
WATERCRESS,"cheese: blue, goat, pecorino",recommended,801
WATERCRESS,chervil,normal,801
WATERCRESS,"chicken, esp. roasted",normal,801
WATERCRESS,Chinese cuisine,normal,801
WATERCRESS,chives,normal,801
WATERCRESS,cilantro,normal,802
WATERCRESS,cream,recommended,802
WATERCRESS,crème fraîche,normal,802
WATERCRESS,cucumbers,recommended,802
WATERCRESS,duck,normal,802
WATERCRESS,eggs,normal,802
WATERCRESS,endive,recommended,802
WATERCRESS,fennel,normal,802
WATERCRESS,fish,normal,802
WATERCRESS,"fish sauce, Asian",normal,802
WATERCRESS,French cuisine,normal,802
WATERCRESS,garlic,normal,802
WATERCRESS,ginger,normal,802
WATERCRESS,Italian cuisine,normal,802
WATERCRESS,lamb,normal,802
WATERCRESS,leeks,recommended,802
WATERCRESS,"lemon, juice",normal,802
WATERCRESS,"lime, juice",normal,802
WATERCRESS,mascarpone,recommended,802
WATERCRESS,"meats, roasted",normal,802
WATERCRESS,mint,normal,802
WATERCRESS,mushrooms,normal,802
WATERCRESS,mustard,normal,802
WATERCRESS,"OIL: grapeseed, sesame, vegetable, walnut",recommended,802
WATERCRESS,OLIVE OIL,very_highly_recommended,802
WATERCRESS,"onions: red, white, yellow",recommended,802
WATERCRESS,orange,normal,802
WATERCRESS,oysters,normal,802
WATERCRESS,"parsley, flat-leaf",recommended,802
WATERCRESS,pears,normal,802
WATERCRESS,peas,normal,802
WATERCRESS,"pepper: black, white",recommended,802
WATERCRESS,potatoes,recommended,802
WATERCRESS,radicchio,normal,802
WATERCRESS,rice,normal,802
WATERCRESS,salads,normal,802
WATERCRESS,salmon,normal,802
WATERCRESS,"salt: kosher, sea",recommended,802
WATERCRESS,scallions,normal,802
WATERCRESS,scallops,normal,802
WATERCRESS,seafood,normal,802
WATERCRESS,"sesame seeds, black",normal,802
WATERCRESS,sesame oil,normal,802
WATERCRESS,shallots,normal,802
WATERCRESS,shrimp,normal,802
WATERCRESS,smoked salmon,normal,803
WATERCRESS,sorrel,normal,803
WATERCRESS,"soups, esp. Asian, vegetable",normal,803
WATERCRESS,soy sauce,normal,803
WATERCRESS,"STOCKS: chicken, fish, seafood, vegetable",recommended,803
WATERCRESS,sugar (pinch),normal,803
WATERCRESS,tarragon,normal,803
WATERCRESS,tea sandwiches,normal,803
WATERCRESS,tomatoes,normal,803
WATERCRESS,veal,normal,803
WATERCRESS,vinaigrette,normal,803
WATERCRESS,"vinegar: champagne, red wine, rice, sherry",recommended,803
WATERCRESS,walnuts,normal,803
WATERCRESS,"wine: rice, white",normal,803
WATERCRESS,yogurt,normal,803
WATERMELON,anise hyssop,normal,803
WATERMELON,basil,normal,803
WATERMELON,beverages,normal,803
WATERMELON,blackberries,normal,803
WATERMELON,blueberries,normal,803
WATERMELON,"CHEESE: FETA, goat",recommended,803
WATERMELON,chili powder,normal,803
WATERMELON,cilantro,normal,803
WATERMELON,cinnamon,normal,803
WATERMELON,cream,normal,803
WATERMELON,cucumber,normal,803
WATERMELON,fennel,normal,803
WATERMELON,honey,normal,803
WATERMELON,jicama,normal,803
WATERMELON,kaffir lime,normal,803
WATERMELON,"lemon: juice, zest",recommended,803
WATERMELON,"lime, juice",normal,804
WATERMELON,"melon, esp. cantaloupe",normal,804
WATERMELON,mint,recommended,804
WATERMELON,olive oil,normal,804
WATERMELON,orange,normal,804
WATERMELON,"parsley, flat-leaf",normal,804
WATERMELON,"pepper: black, white",recommended,804
WATERMELON,pistachios,normal,804
WATERMELON,pomegranate,normal,804
WATERMELON,raspberries,normal,804
WATERMELON,"salads, fruit",normal,804
WATERMELON,"salt: kosher, sea",recommended,804
WATERMELON,sorbet,normal,804
WATERMELON,"soups, esp. chilled",normal,804
WATERMELON,"sugar: brown, white",normal,804
WATERMELON,tequila,normal,804
WATERMELON,tomatoes,recommended,804
WATERMELON,vanilla,normal,804
WATERMELON,"vinegar: balsamic, rice, sherry",recommended,804
WHISKEY,allspice,normal,804
WHISKEY,chocolate,normal,804
WHISKEY,cinnamon,normal,804
WHISKEY,cream and ice cream,normal,804
WHISKEY,dried fruits,normal,804
WHISKEY,figs,normal,804
WHISKEY,ginger or ginger ale,normal,804
WHISKEY,honey,normal,804
WHISKEY,lemon juice,normal,804
WHISKEY,orange curaçao,normal,804
WHISKEY,pears,normal,804
WHISKEY,"spices: cinnamon, star anise",normal,804
WHISKEY,"sugar: brown, white",normal,804
WHISKEY,sweet potatoes,normal,804
WHISKEY,vanilla,normal,804
WINTER,Weather: typically cold,recommended,805
WINTER,bananas,normal,805
WINTER,beans,normal,805
WINTER,beef,normal,805
WINTER,braised dishes,normal,805
WINTER,broccoli (peak: February),normal,805
WINTER,Brussels sprouts (peak: December),recommended,805
WINTER,cabbage,recommended,805
WINTER,caramel,normal,805
WINTER,chocolate,normal,805
WINTER,citrus fruit,normal,805
WINTER,dates (peak: December),normal,805
WINTER,game,normal,805
WINTER,"grains, heavy",normal,805
WINTER,grapefruit (peak: February),recommended,805
WINTER,"greens, winter",recommended,805
WINTER,lemons (peak: January),recommended,805
WINTER,lentils,normal,805
WINTER,limes,recommended,805
WINTER,lobster,normal,805
WINTER,maple syrup,normal,805
WINTER,"mushrooms, wild (peak: December)",normal,805
WINTER,mussels,normal,805
WINTER,"orange, mandarin (peak: January)",recommended,805
WINTER,passion fruit,normal,805
WINTER,pears (peak: December),normal,805
WINTER,plantains,normal,805
WINTER,pork,normal,805
WINTER,potatoes,recommended,805
WINTER,roasted dishes,normal,805
WINTER,root vegetables,recommended,805
WINTER,rosemary,normal,805
WINTER,sage,normal,805
WINTER,soups,normal,805
WINTER,"spices, warming",normal,805
WINTER,"squashes, winter",normal,805
WINTER,squid,normal,806
WINTER,stewed dishes,normal,806
WINTER,sunchoke,normal,806
WINTER,sweet potatoes (peak: December),normal,806
WINTER,tangerines (peak: January),recommended,806
WINTER,turnips (peak: December),normal,806
WINTER,venison,normal,806
WINTER,water chestnuts (peak: February),normal,806
WINTER,yams (peak: December),normal,806
YOGURT,almonds,normal,806
YOGURT,apricots,normal,806
YOGURT,bananas,normal,806
YOGURT,beef,normal,806
YOGURT,beets,normal,806
YOGURT,blackberries,normal,806
YOGURT,blueberries,normal,806
YOGURT,breakfast,normal,806
YOGURT,cardamom,normal,806
YOGURT,cayenne,normal,806
YOGURT,chicken,normal,806
YOGURT,chickpeas,recommended,806
YOGURT,cilantro,normal,806
YOGURT,cinnamon,normal,806
YOGURT,coconut,normal,806
YOGURT,coriander,normal,806
YOGURT,CUCUMBER,very_highly_recommended,806
YOGURT,cumin,normal,806
YOGURT,curry,normal,806
YOGURT,desserts,normal,806
YOGURT,dill,normal,806
YOGURT,Eastern Mediterranean cuisine,normal,806
YOGURT,eggplant,normal,806
YOGURT,fruit,normal,806
YOGURT,garlic,recommended,806
YOGURT,grapes,normal,806
YOGURT,Greek cuisine,normal,806
YOGURT,honey,normal,806
YOGURT,Indian cuisine,normal,807
YOGURT,lamb,normal,807
YOGURT,"LEMON: JUICE, ZEST",very_highly_recommended,807
YOGURT,"lemon, preserved",normal,807
YOGURT,lime,normal,807
YOGURT,mangoes,normal,807
YOGURT,maple syrup,normal,807
YOGURT,meats,normal,807
YOGURT,Middle Eastern cuisine,normal,807
YOGURT,mint,recommended,807
YOGURT,nectarines,normal,807
YOGURT,nutmeg,normal,807
YOGURT,nuts,normal,807
YOGURT,oatmeal,normal,807
YOGURT,"okra (e.g., Indian cuisine)",normal,807
YOGURT,onions,recommended,807
YOGURT,"orange: juice, zest",recommended,807
YOGURT,parsley,normal,807
YOGURT,pasta,normal,807
YOGURT,peaches,normal,807
YOGURT,pecans,normal,807
YOGURT,"pepper, white",normal,807
YOGURT,pineapple,normal,807
YOGURT,pistachios,normal,807
YOGURT,potatoes,normal,807
YOGURT,radishes,normal,807
YOGURT,raisins,normal,807
YOGURT,raspberries,normal,807
YOGURT,rhubarb,normal,807
YOGURT,saffron,normal,807
YOGURT,"salt, kosher",normal,807
YOGURT,scallions,normal,807
YOGURT,squash,normal,807
YOGURT,strawberries,normal,807
YOGURT,"sugar: brown, white",normal,807
YOGURT,tamarind,normal,807
YOGURT,Turkish cuisine,normal,807
YOGURT,vanilla,recommended,807
YOGURT,veal,normal,807
YOGURT,vegetables,normal,807
YOGURT,walnuts,normal,807
YOGURT,zucchini,normal,807
YUZU FRUIT,apricots,normal,808
YUZU FRUIT,beef,normal,808
YUZU FRUIT,beverages,normal,808
YUZU FRUIT,caramel,normal,808
YUZU FRUIT,carrots,normal,808
YUZU FRUIT,ceviche,normal,808
YUZU FRUIT,chicken,normal,808
YUZU FRUIT,Chinese cuisine,normal,808
YUZU FRUIT,flounder,normal,808
YUZU FRUIT,fluke,normal,808
YUZU FRUIT,garlic,normal,808
YUZU FRUIT,gin,normal,808
YUZU FRUIT,ginger,normal,808
YUZU FRUIT,grapefruit,normal,808
YUZU FRUIT,greens,normal,808
YUZU FRUIT,hamachi,normal,808
YUZU FRUIT,hoisin sauce,normal,808
YUZU FRUIT,Japanese cuisine,recommended,808
YUZU FRUIT,lemon,normal,808
YUZU FRUIT,mangoes,normal,808
YUZU FRUIT,mirin,recommended,808
YUZU FRUIT,miso and miso soup,normal,808
YUZU FRUIT,"mushrooms, Japanese",normal,808
YUZU FRUIT,"OIL: canola, GRAPESEED, vegetable",recommended,808
YUZU FRUIT,olive oil,recommended,808
YUZU FRUIT,"onions, esp. green",normal,808
YUZU FRUIT,"orange, juice",recommended,808
YUZU FRUIT,"pepper, black",normal,808
YUZU FRUIT,poultry,normal,808
YUZU FRUIT,rice,normal,808
YUZU FRUIT,salmon,normal,808
YUZU FRUIT,scallops,recommended,808
YUZU FRUIT,seafood,recommended,808
YUZU FRUIT,sesame seeds,normal,809
YUZU FRUIT,shellfish,normal,809
YUZU FRUIT,shrimp,recommended,809
YUZU FRUIT,"soy sauce: regular, white",recommended,809
YUZU FRUIT,sugar,normal,809
YUZU FRUIT,"tea, green",normal,809
YUZU FRUIT,teriyaki,normal,809
YUZU FRUIT,Thai basil,normal,809
YUZU FRUIT,tofu,normal,809
YUZU FRUIT,tuna,normal,809
YUZU FRUIT,"vinegar, rice wine",normal,809
YUZU FRUIT,vodka,normal,809
ZUCCHINI,BASIL,very_highly_recommended,809
ZUCCHINI,"bell peppers: green, red, yellow",recommended,809
ZUCCHINI,bread crumbs,normal,809
ZUCCHINI,butter,recommended,809
ZUCCHINI,"CHEESE: cheddar, dry feta, goat, Gruyère, mozzarella, PARMESAN, pecorino, queso fresco,",recommended,809
ZUCCHINI,RICOTTA,very_highly_recommended,809
ZUCCHINI,chives,normal,809
ZUCCHINI,cilantro,normal,809
ZUCCHINI,cinnamon,normal,809
ZUCCHINI,coriander,normal,809
ZUCCHINI,corn,normal,809
ZUCCHINI,cream,normal,809
ZUCCHINI,curry leaf,normal,809
ZUCCHINI,dill,normal,809
ZUCCHINI,EGGPLANT,very_highly_recommended,809
ZUCCHINI,fish,normal,809
ZUCCHINI,"French cuisine, esp. Provençal",normal,809
ZUCCHINI,GARLIC,very_highly_recommended,809
ZUCCHINI,Italian cuisine,normal,809
ZUCCHINI,"lemon: juice, zest",recommended,809
ZUCCHINI,lemon balm,normal,810
ZUCCHINI,lemon thyme,normal,810
ZUCCHINI,marjoram,recommended,810
ZUCCHINI,meats,normal,810
ZUCCHINI,mint,normal,810
ZUCCHINI,"mustard seeds, esp. black",normal,810
ZUCCHINI,"OIL: pecan, vegetable, walnut",recommended,810
ZUCCHINI,OLIVE OIL,very_highly_recommended,810
ZUCCHINI,"olives, esp. black, niçoise",normal,810
ZUCCHINI,"ONIONS, esp. Spanish, white",very_highly_recommended,810
ZUCCHINI,oregano,normal,810
ZUCCHINI,"PARSLEY, FLAT-LEAF",very_highly_recommended,810
ZUCCHINI,pasta,normal,810
ZUCCHINI,pecans,recommended,810
ZUCCHINI,"PEPPER: BLACK, WHITE",very_highly_recommended,810
ZUCCHINI,Pernod,normal,810
ZUCCHINI,pesto,normal,810
ZUCCHINI,pine nuts,normal,810
ZUCCHINI,red pepper flakes,normal,810
ZUCCHINI,rice or risotto,normal,810
ZUCCHINI,rosemary,normal,810
ZUCCHINI,saffron,normal,810
ZUCCHINI,sage,normal,810
ZUCCHINI,salmon,normal,810
ZUCCHINI,"SALT: KOSHER, SEA",very_highly_recommended,810
ZUCCHINI,"sausage, esp. chorizo",normal,810
ZUCCHINI,scallions,normal,810
ZUCCHINI,scallops,normal,810
ZUCCHINI,sesame seeds,normal,810
ZUCCHINI,shallots,normal,810
ZUCCHINI,shrimp,normal,810
ZUCCHINI,sour cream,normal,810
ZUCCHINI,"squash, yellow",normal,810
ZUCCHINI,"stocks: chicken, veal, vegetable",normal,810
ZUCCHINI,tarragon,normal,810
ZUCCHINI,THYME,very_highly_recommended,810
ZUCCHINI,TOMATOES,very_highly_recommended,810
ZUCCHINI,"vinegar: balsamic, champagne, red wine, sherry, white",recommended,810
ZUCCHINI,walnuts,normal,810
ZUCCHINI,"wine, dry white",normal,810
ZUCCHINI,yogurt,normal,810
ZUCCHINI,zucchini blossoms,normal,810
